Year,Month,Day,RMM1,RMM2,Phase,Amplitude
1974,6,1,1.63447,1.20304,5,2.02948
1974,6,2,1.60289,1.01512,5,1.89729
1974,6,3,1.51625,1.08551,5,1.86476
1974,6,4,1.50981,1.03573,5,1.83092
1974,6,5,1.55906,1.30518,5,2.0332601
1974,6,6,1.20626,1.62889,6,2.0269001
1974,6,7,0.61110097,1.7224801,6,1.82767
1974,6,8,0.326395,1.77818,6,1.8078901
1974,6,9,0.0938282013,1.35694,6,1.36018
1974,6,10,-0.0861262977,0.77547598,7,0.78024399
1974,6,11,0.111394,0.389534,6,0.405148
1974,6,12,0.120489,0.0138852,5,0.121286
1974,6,13,0.0192805994,-0.21766999,3,0.218519
1974,6,14,-0.10436,-0.38104999,2,0.395082
1974,6,15,-0.18294001,-0.64534998,2,0.670775
1974,6,16,-0.23596001,-0.47106999,2,0.52686501
1974,6,17,-0.49869001,-0.48752001,1,0.697402
1974,6,18,-0.56980002,-0.36398,1,0.67613399
1974,6,19,-0.69502997,-0.35556999,1,0.78070498
1974,6,20,-0.72915,-0.47646001,1,0.87101501
1974,6,21,-1.09443,-0.83275002,1,1.37523
1974,6,22,-1.09851,-0.83867002,1,1.3820601
1974,6,23,-1.06244,-0.50405002,1,1.17594
1974,6,24,-0.88507003,-0.32444,1,0.94265801
1974,6,25,-0.76582003,-0.33355001,1,0.83530402
1974,6,26,-0.83446997,-0.41418001,1,0.93160701
1974,6,27,-0.80129999,-0.35989001,1,0.87841302
1974,6,28,-0.56441998,-0.29798999,1,0.63824999
1974,6,29,-0.0970496982,-0.40189001,2,0.41344199
1974,6,30,0.00914870016,-0.24384999,3,0.244017
1974,7,1,0.26054999,0.087101303,5,0.27472401
1974,7,2,0.26702401,0.23012,5,0.352501
1974,7,3,0.355582,0.387155,6,0.52566898
1974,7,4,0.844383,0.42613801,5,0.94582099
1974,7,5,1.1206599,0.40039399,5,1.19004
1974,7,6,1.07635,0.59540701,5,1.23006
1974,7,7,0.81290197,0.870444,6,1.191
1974,7,8,0.431732,1.08825,6,1.17076
1974,7,9,0.0810154006,1.17053,6,1.1733299
1974,7,10,-0.12074,1.12966,7,1.13609
1974,7,11,-0.27891999,0.99857098,7,1.03679
1974,7,12,-0.13957,0.70270902,7,0.71643502
1974,7,13,-0.20472001,0.40228,7,0.45137301
1974,7,14,-0.19937,0.110841,8,0.22811399
1974,7,15,-0.0952897966,-0.13186,2,0.162691
1974,7,16,-0.10831,-0.31318,2,0.33138201
1974,7,17,-0.00567336986,-0.50314999,2,0.50318003
1974,7,18,0.17968801,-0.44850999,3,0.48316699
1974,7,19,0.285321,-0.48164999,3,0.55981499
1974,7,20,0.33098501,-0.90205002,3,0.96085697
1974,7,21,0.364833,-1.29166,3,1.34219
1974,7,22,0.34641901,-1.20997,3,1.25858
1974,7,23,0.39280599,-1.04746,3,1.11869
1974,7,24,0.44716999,-0.87783003,3,0.98516703
1974,7,25,0.45279199,-0.83618999,3,0.95091301
1974,7,26,0.556867,-0.80813003,3,0.98141599
1974,7,27,0.73983401,-0.60003,4,0.95257097
1974,7,28,0.66544199,-0.42067999,4,0.78726202
1974,7,29,0.78544903,-0.13224,4,0.79650301
1974,7,30,1.13624,0.0574810989,5,1.1377
1974,7,31,1.2519799,0.66262197,5,1.41652
1974,8,1,1.30887,0.96449101,5,1.62585
1974,8,2,1.33118,1.27768,5,1.84513
1974,8,3,1.33971,1.39658,6,1.93527
1974,8,4,1.24842,1.59883,6,2.0284901
1974,8,5,0.83587003,1.6715,6,1.86884
1974,8,6,0.53584999,1.73989,6,1.8205301
1974,8,7,0.123568,1.77426,6,1.77856
1974,8,8,-0.14636999,1.73052,7,1.7367001
1974,8,9,-0.20364,1.43698,7,1.45134
1974,8,10,0.217168,1.28915,6,1.30731
1974,8,11,0.69975901,0.96175498,6,1.1893899
1974,8,12,1.0636899,0.65503901,5,1.2492
1974,8,13,1.20518,0.48745301,5,1.30002
1974,8,14,1.27891,0.49253401,5,1.3704799
1974,8,15,1.44282,0.49833199,5,1.52645
1974,8,16,1.48221,0.185792,5,1.4938101
1974,8,17,1.13067,0.0618746988,5,1.13237
1974,8,18,0.78694302,-0.20013,4,0.81199199
1974,8,19,0.432825,-0.32099,4,0.53886199
1974,8,20,0.29646799,-0.20141,4,0.35841301
1974,8,21,0.358073,-0.17985,4,0.40070099
1974,8,22,-0.076979503,-0.0303150993,1,0.0827336013
1974,8,23,-0.44893,0.0253940001,8,0.44964299
1974,8,24,-0.60205001,-0.0305738002,1,0.60282803
1974,8,25,-0.65280002,0.0907431021,8,0.659073
1974,8,26,-0.41896999,0.148205,8,0.44441399
1974,8,27,-0.32314,-0.0914905965,1,0.33583999
1974,8,28,-0.29387,-0.24602,1,0.38325301
1974,8,29,-0.43109,-0.19288,1,0.47227401
1974,8,30,-0.43665001,-0.18707,1,0.47503099
1974,8,31,-0.55282998,-0.28942999,1,0.62401599
1974,9,1,-0.74307001,-0.32225999,1,0.80994099
1974,9,2,-0.75700998,-0.34913,1,0.83363903
1974,9,3,-0.85425001,-0.47042999,1,0.97522098
1974,9,4,-0.94621998,-0.57047999,1,1.10489
1974,9,5,-0.95005,-0.76164001,1,1.21766
1974,9,6,-0.96430999,-1.19541,2,1.53587
1974,9,7,-0.82861,-1.49167,2,1.70636
1974,9,8,-0.80839998,-1.29056,2,1.52284
1974,9,9,-0.65211999,-1.0919501,2,1.27185
1974,9,10,-0.41312999,-1.1061701,2,1.1807899
1974,9,11,-0.56989002,-1.01692,2,1.16572
1974,9,12,-0.72498,-0.76901001,2,1.05687
1974,9,13,-0.84693003,-0.41613999,1,0.94363898
1974,9,14,-0.87629998,-0.19989,1,0.89880598
1974,9,15,-0.80839998,-0.26515001,1,0.85077298
1974,9,16,-0.78055,-0.43065,1,0.89147198
1974,9,17,-1.06102,-0.49926001,1,1.1726201
1974,9,18,-1.1999,-0.34349999,1,1.2481
1974,9,19,-1.12629,-0.41894001,1,1.2016799
1974,9,20,-0.84605998,-0.40851,1,0.93952203
1974,9,21,-0.81788999,-0.54575998,1,0.98325902
1974,9,22,-0.67409998,-0.63260001,1,0.92444402
1974,9,23,-0.62136,-0.52231997,1,0.81173003
1974,9,24,-0.38978001,-0.43151999,2,0.581496
1974,9,25,-0.3881,-0.36067,1,0.52981597
1974,9,26,-0.29288,-0.23269001,1,0.374062
1974,9,27,-0.064655602,-0.21548,2,0.22497
1974,9,28,0.0821096972,-0.39265001,3,0.40114099
1974,9,29,0.35314399,-0.72869998,3,0.80975801
1974,9,30,0.55558002,-0.88555002,3,1.0454
1974,10,1,0.57893199,-0.90973997,3,1.07833
1974,10,2,0.75894701,-0.95043999,3,1.21628
1974,10,3,0.896649,-0.58042002,4,1.06812
1974,10,4,0.673576,-0.38633001,4,0.776501
1974,10,5,0.63213599,-0.10522,4,0.64083397
1974,10,6,0.51666898,0.184193,5,0.54852003
1974,10,7,0.83917898,0.45932499,5,0.956662
1974,10,8,1.0339299,0.36872,5,1.09771
1974,10,9,1.26917,0.216249,5,1.28746
1974,10,10,1.51384,0.19686399,5,1.52659
1974,10,11,1.6412899,0.0541350991,5,1.64218
1974,10,12,1.58476,-0.0836490989,4,1.58697
1974,10,13,1.4619499,-0.20847,4,1.47674
1974,10,14,1.24914,-0.19396999,4,1.26411
1974,10,15,1.03918,-0.21719,4,1.06163
1974,10,16,1.06576,-0.0504916012,4,1.06695
1974,10,17,1.17822,0.174274,5,1.19104
1974,10,18,1.20346,0.392461,5,1.26583
1974,10,19,1.24572,0.535869,5,1.3560801
1974,10,20,1.28298,0.63932902,5,1.43345
1974,10,21,1.284,0.73060203,5,1.4773099
1974,10,22,1.16142,0.790281,5,1.40479
1974,10,23,0.90081602,0.65329099,5,1.11277
1974,10,24,0.462304,0.51892698,6,0.69498903
1974,10,25,0.0807724968,0.56284499,6,0.56861198
1974,10,26,-0.1288,0.312778,7,0.33825999
1974,10,27,-0.17058,-0.13217001,1,0.215793
1974,10,28,-0.064556703,-0.41755,2,0.42251199
1974,10,29,0.0150870997,-0.23621,3,0.23669299
1974,10,30,0.23195,-0.0558588989,4,0.238581
1974,10,31,0.50510299,0.0259395,5,0.50576901
1974,11,1,0.52768499,0.175881,5,0.55622399
1974,11,2,0.32781199,0.43578401,6,0.54531503
1974,11,3,0.29864299,0.70565403,6,0.76624799
1974,11,4,0.45745999,0.55004698,6,0.71541703
1974,11,5,0.45928001,0.49216101,6,0.67317098
1974,11,6,0.45422301,0.44554001,5,0.63625801
1974,11,7,0.66380101,0.57642299,5,0.87914503
1974,11,8,0.39278501,0.44639799,6,0.59460199
1974,11,9,0.246518,0.71622503,6,0.75746202
1974,11,10,-0.14855,0.80252701,7,0.81616002
1974,11,11,-0.67469001,0.781394,7,1.03237
1974,11,12,-0.86119998,0.73770899,8,1.13396
1974,11,13,-0.77442998,0.75320601,8,1.0803
1974,11,14,-0.57187998,0.67392802,7,0.88387102
1974,11,15,-0.48440999,0.351381,8,0.59842998
1974,11,16,-0.49529999,0.28007999,8,0.56900799
1974,11,17,-0.47929001,0.56144702,7,0.738204
1974,11,18,-0.39283001,0.78481299,7,0.87763798
1974,11,19,-0.39276999,0.848571,7,0.93506002
1974,11,20,-0.32886001,0.89569402,7,0.95415699
1974,11,21,-0.17398,0.754785,7,0.77457702
1974,11,22,0.312823,0.64342803,6,0.71544302
1974,11,23,0.86278498,0.61813802,5,1.06136
1974,11,24,0.85349798,0.40556401,5,0.94495499
1974,11,25,0.97087502,0.384895,5,1.04439
1974,11,26,0.81264198,0.67188501,5,1.05443
1974,11,27,0.70419902,0.84164298,6,1.0973901
1974,11,28,0.43421799,0.96935701,6,1.06217
1974,11,29,0.0203644,1.03585,6,1.03605
1974,11,30,-0.30756,1.13932,7,1.18011
1974,12,1,-0.72601998,0.96864402,7,1.21053
1974,12,2,-0.85040998,0.89089,7,1.23162
1974,12,3,-0.95915997,0.70959902,8,1.19312
1974,12,4,-0.88388002,0.202692,8,0.90682203
1974,12,5,-0.67119002,-0.33344001,1,0.74945199
1974,12,6,-0.40798,-0.63299,2,0.75307298
1974,12,7,-0.0981672034,-0.47084001,2,0.48096901
1974,12,8,-0.19568001,-0.18716,1,0.27077401
1974,12,9,-0.0476704016,-0.034988299,1,0.0591324009
1974,12,10,0.0909525007,-0.0115460996,4,0.0916823968
1974,12,11,0.28041801,0.19360299,5,0.34075901
1974,12,12,-0.0861757025,0.41711101,7,0.42592001
1974,12,13,-0.24369,0.46977001,7,0.52921301
1974,12,14,-0.28283,0.204587,8,0.349069
1974,12,15,-0.3937,0.35828501,8,0.53232503
1974,12,16,-0.57059002,0.59700698,7,0.825827
1974,12,17,-0.48232999,0.69856101,7,0.84890199
1974,12,18,-0.36357,0.71566701,7,0.80272198
1974,12,19,-0.50213999,0.67306399,7,0.83973598
1974,12,20,-0.94752997,0.73516202,8,1.19928
1974,12,21,-1.26679,0.49437299,8,1.35984
1974,12,22,-1.49286,0.410409,8,1.54825
1974,12,23,-1.41895,-0.18106,1,1.43045
1974,12,24,-1.4376301,-0.36104,1,1.48227
1974,12,25,-1.35058,-0.54887998,1,1.45786
1974,12,26,-1.08541,-0.86048001,1,1.38512
1974,12,27,-0.72742999,-1.0168999,2,1.25029
1974,12,28,-0.49579999,-0.72926003,2,0.88183898
1974,12,29,-0.26330999,-0.53425997,2,0.59562302
1974,12,30,0.0771431997,-0.71886998,3,0.723001
1974,12,31,0.18778899,-1.0711401,3,1.0874799
1975,1,1,0.349933,-1.0221699,3,1.08041
1975,1,2,0.40193501,-1.21842,3,1.28301
1975,1,3,0.54532498,-1.0697,3,1.20068
1975,1,4,0.240114,-1.0589401,3,1.08583
1975,1,5,0.210399,-1.01378,3,1.03538
1975,1,6,0.42651001,-1.13214,3,1.20982
1975,1,7,0.86389297,-1.11867,3,1.4134099
1975,1,8,1.09816,-0.67984998,4,1.2915699
1975,1,9,1.39965,-0.18226001,4,1.4114701
1975,1,10,1.38129,0.0567975007,5,1.38245
1975,1,11,1.42846,0.182018,5,1.44001
1975,1,12,1.19234,0.47753599,5,1.28441
1975,1,13,0.704045,0.70962799,6,0.99962503
1975,1,14,0.49998,1.20179,6,1.30165
1975,1,15,0.24922401,1.41221,6,1.4340301
1975,1,16,-0.21245,1.70046,7,1.71368
1975,1,17,-0.65570003,1.72551,7,1.84589
1975,1,18,-1.0711,1.53573,7,1.87236
1975,1,19,-1.5177799,1.17969,8,1.92233
1975,1,20,-1.97859,1.23032,8,2.3299201
1975,1,21,-2.0882001,0.85870099,8,2.25787
1975,1,22,-1.9653701,0.66494399,8,2.07481
1975,1,23,-1.9603,0.47571099,8,2.0172
1975,1,24,-1.8009599,0.42873499,8,1.85129
1975,1,25,-2.0430901,0.43445101,8,2.0887699
1975,1,26,-1.92614,0.615197,8,2.0220001
1975,1,27,-1.776,0.86228597,8,1.97426
1975,1,28,-1.8505501,1.17949,8,2.1944799
1975,1,29,-2.0741899,0.75050199,8,2.20579
1975,1,30,-2.3092201,0.61277997,8,2.3891399
1975,1,31,-2.155,0.24450999,8,2.1688299
1975,2,1,-2.0206599,-0.1508,1,2.0262799
1975,2,2,-1.78478,-0.53523999,1,1.86331
1975,2,3,-1.67861,-1.04601,1,1.9778399
1975,2,4,-1.45917,-1.4988199,2,2.09181
1975,2,5,-1.25,-1.58734,2,2.0204301
1975,2,6,-1.1558,-1.73176,2,2.0820301
1975,2,7,-0.92308998,-2.1097701,2,2.30288
1975,2,8,-0.30785999,-2.03526,2,2.0584099
1975,2,9,0.317404,-1.65631,3,1.68644
1975,2,10,0.79782802,-1.39782,3,1.60948
1975,2,11,1.06186,-0.90051001,4,1.39229
1975,2,12,1.3392,-0.51899999,4,1.43625
1975,2,13,1.30162,-0.0131091997,4,1.30168
1975,2,14,1.28277,0.329366,5,1.32438
1975,2,15,1.08165,0.866642,5,1.3860101
1975,2,16,0.75317901,1.02104,6,1.26878
1975,2,17,0.20764901,0.94213402,6,0.964746
1975,2,18,-0.44931,1.03002,7,1.12375
1975,2,19,-0.82283002,0.906021,7,1.2239
1975,2,20,-1.02951,0.52389401,8,1.15514
1975,2,21,-1.16531,0.38895699,8,1.22851
1975,2,22,-1.1001,-0.12433,1,1.1071
1975,2,23,-1.38481,-0.0417277999,1,1.38544
1975,2,24,-1.51317,-0.0665443018,1,1.51463
1975,2,25,-1.35691,-0.28832999,1,1.38721
1975,2,26,-0.87691998,-0.59785002,1,1.06133
1975,2,27,-0.70519,-0.99058002,2,1.21595
1975,2,28,-0.54053998,-1.1344301,2,1.2566299
1975,3,1,-0.35677001,-1.2005399,2,1.25243
1975,3,2,-0.0755003989,-1.199,2,1.20137
1975,3,3,-0.0670491979,-1.29046,2,1.2922
1975,3,4,-0.43504,-1.425,2,1.48993
1975,3,5,-0.44707,-1.37059,2,1.44166
1975,3,6,-0.0563741997,-1.49341,2,1.49447
1975,3,7,0.34938201,-1.57543,3,1.61371
1975,3,8,0.22672901,-1.60545,3,1.62138
1975,3,9,0.287541,-1.34672,3,1.37708
1975,3,10,0.42356899,-1.1422,3,1.21821
1975,3,11,0.41606101,-1.33121,3,1.39472
1975,3,12,0.45040801,-1.49685,3,1.56314
1975,3,13,0.426135,-1.56566,3,1.62262
1975,3,14,0.61128998,-1.68682,3,1.79417
1975,3,15,0.96258801,-1.93252,3,2.1589799
1975,3,16,1.0669301,-2.08757,3,2.34442
1975,3,17,1.28534,-1.74719,3,2.16905
1975,3,18,1.1344301,-1.29023,3,1.71803
1975,3,19,1.07235,-0.95157999,4,1.4336801
1975,3,20,1.4071,-0.68189001,4,1.56362
1975,3,21,1.5728101,-0.71108001,4,1.7260799
1975,3,22,1.5787899,-0.33386001,4,1.6137
1975,3,23,1.49852,0.31308901,5,1.53088
1975,3,24,1.42146,0.662099,5,1.56809
1975,3,25,1.32772,0.93325299,5,1.6229
1975,3,26,0.91228598,0.95528197,6,1.32092
1975,3,27,0.19299001,0.738469,6,0.76327097
1975,3,28,-0.25271001,0.776411,7,0.81650299
1975,3,29,-0.33397999,1.02918,7,1.08201
1975,3,30,-0.46474999,1.25758,7,1.34071
1975,3,31,-0.70596999,1.52897,7,1.68409
1975,4,1,-0.81059003,1.5536799,7,1.7524199
1975,4,2,-0.85487998,1.1937701,7,1.4683
1975,4,3,-1.0080301,0.85826802,8,1.32392
1975,4,4,-1.36239,0.85376298,8,1.6078
1975,4,5,-1.3323801,0.678155,8,1.4950401
1975,4,6,-1.21341,0.36733899,8,1.26779
1975,4,7,-1.2643501,-0.0671676993,1,1.26613
1975,4,8,-1.09815,-0.48627001,1,1.20099
1975,4,9,-0.84250998,-1.18366,2,1.45289
1975,4,10,-0.66240001,-1.4598401,2,1.60309
1975,4,11,-0.65794998,-1.5472701,2,1.68135
1975,4,12,-0.58406001,-2.0250399,2,2.1075799
1975,4,13,-0.31641001,-2.3662701,2,2.3873301
1975,4,14,-0.0339241996,-2.69172,2,2.6919301
1975,4,15,0.27016899,-2.8252299,3,2.83811
1975,4,16,0.67006302,-2.47312,3,2.56229
1975,4,17,1.33311,-2.1544099,3,2.53351
1975,4,18,1.88192,-1.65794,4,2.50807
1975,4,19,2.0578001,-1.1721801,4,2.3682401
1975,4,20,2.17908,-0.73154998,4,2.2986
1975,4,21,2.22366,-0.20938,4,2.2335
1975,4,22,2.24403,0.30976799,5,2.26531
1975,4,23,1.88205,0.88283801,5,2.07883
1975,4,24,1.54311,1.04672,5,1.86462
1975,4,25,1.10077,0.83877403,5,1.38392
1975,4,26,0.46127799,0.861274,6,0.97702098
1975,4,27,-0.0506617017,0.92472798,7,0.92611498
1975,4,28,-0.31604999,0.838462,7,0.89604902
1975,4,29,-0.49182999,0.503842,7,0.70409697
1975,4,30,-0.44264001,0.177417,8,0.47687301
1975,5,1,-0.51411003,-0.0914644003,1,0.52218503
1975,5,2,-0.44068,-0.4298,1,0.61557102
1975,5,3,-0.50384003,-0.63936001,2,0.81402397
1975,5,4,-0.27851,-0.85404998,2,0.89831799
1975,5,5,-0.34733,-0.96214002,2,1.02291
1975,5,6,-0.38306999,-1.1084,2,1.17273
1975,5,7,-0.14167,-1.06822,2,1.07757
1975,5,8,-0.062807098,-0.58036,2,0.58375001
1975,5,9,-0.19451,-0.48482001,2,0.52238601
1975,5,10,-0.0220235009,-0.36340001,2,0.36407
1975,5,11,-0.0819438994,-0.38753,2,0.396101
1975,5,12,-0.14179,-0.50716001,2,0.52660602
1975,5,13,-0.0300370995,-0.42515999,2,0.42621601
1975,5,14,0.0825615004,-0.14576,3,0.16751499
1975,5,15,0.24927001,-0.2746,3,0.37086701
1975,5,16,0.29898801,-0.30814999,3,0.42936301
1975,5,17,0.0255210008,-0.12373,3,0.12633701
1975,5,18,-0.0788851976,-0.0764074996,1,0.109823
1975,5,19,-0.22872999,-0.10125,1,0.250139
1975,5,20,-0.54890001,-0.37039,1,0.66217798
1975,5,21,-0.79933,-0.37832001,1,0.884332
1975,5,22,-0.74673003,-0.48262,1,0.88911802
1975,5,23,-0.60698998,-0.69967002,2,0.92626798
1975,5,24,-0.55742002,-1.0550801,2,1.19328
1975,5,25,-0.66338003,-1.1690201,2,1.34413
1975,5,26,-0.52266997,-1.00327,2,1.13125
1975,5,27,-0.33289,-0.51683003,2,0.61475903
1975,5,28,-0.41749999,-0.41312999,1,0.587354
1975,5,29,-0.52021998,-0.20582999,1,0.559457
1975,5,30,-0.51056999,0.0740977004,8,0.51591998
1975,5,31,-0.67028999,0.100024,8,0.67770702
1975,6,1,-0.80637997,0.00893750042,8,0.80642998
1975,6,2,-1.19013,-0.29730999,1,1.2266999
1975,6,3,-1.11652,-0.79881001,1,1.3728499
1975,6,4,-0.73707998,-1.1811399,2,1.39226
1975,6,5,-0.18460999,-1.23436,2,1.24809
1975,6,6,0.0529439002,-1.00591,3,1.0073
1975,6,7,0.261154,-0.88129997,3,0.91917503
1975,6,8,0.307477,-0.60602999,3,0.67956603
1975,6,9,0.56679201,-0.6749,3,0.88132697
1975,6,10,0.69480902,-0.42120001,4,0.81251001
1975,6,11,0.68821299,-0.19068,4,0.71414101
1975,6,12,0.48801801,-0.0318777002,4,0.48905799
1975,6,13,0.42914101,-0.0746517032,4,0.43558601
1975,6,14,0.61851501,-0.0133726001,4,0.61865902
1975,6,15,0.798733,-0.00793293025,4,0.79877198
1975,6,16,1.00658,-0.14038,4,1.01633
1975,6,17,1.28269,-0.0936779007,4,1.28611
1975,6,18,1.74599,-0.0733306035,4,1.74752
1975,6,19,2.12992,0.28983599,5,2.14955
1975,6,20,2.0276899,0.68429101,5,2.1400399
1975,6,21,1.85167,0.82911599,5,2.02882
1975,6,22,1.40116,1.24376,5,1.8735501
1975,6,23,1.4060301,1.57154,6,2.1087101
1975,6,24,1.75611,1.83921,6,2.5429499
1975,6,25,1.54757,1.46718,5,2.1325099
1975,6,26,0.935049,1.3614399,6,1.65162
1975,6,27,0.0925074965,1.47972,6,1.48261
1975,6,28,-0.63529003,1.6877199,7,1.8033299
1975,6,29,-1.09272,1.74002,7,2.0546801
1975,6,30,-1.5203201,1.5635999,7,2.1808801
1975,7,1,-2.0174501,1.3320301,8,2.4175301
1975,7,2,-2.1535499,1.22666,8,2.4784
1975,7,3,-1.99859,1.04255,8,2.2541699
1975,7,4,-1.84791,0.87839299,8,2.0460601
1975,7,5,-1.95389,0.647205,8,2.05829
1975,7,6,-2.08283,0.33127001,8,2.10901
1975,7,7,-2.00646,0.102029,8,2.0090499
1975,7,8,-1.73432,-0.35984999,1,1.77126
1975,7,9,-1.53166,-0.67561001,1,1.67405
1975,7,10,-1.38563,-0.78382999,1,1.59197
1975,7,11,-1.25065,-0.77647001,1,1.47208
1975,7,12,-0.78517997,-1.02601,2,1.29198
1975,7,13,-0.65886998,-0.99229997,2,1.19113
1975,7,14,-0.62594002,-1.13098,2,1.29263
1975,7,15,-0.43362999,-1.00096,2,1.09085
1975,7,16,-0.37011001,-1.05638,2,1.1193399
1975,7,17,-0.39247999,-1.22082,2,1.28236
1975,7,18,-0.41145,-1.1644599,2,1.23502
1975,7,19,-0.69316,-1.3063999,2,1.4789
1975,7,20,-0.76493001,-1.45733,2,1.64588
1975,7,21,-0.92690003,-1.6198,2,1.86625
1975,7,22,-1.13311,-1.83645,2,2.1578901
1975,7,23,-0.78798997,-1.92532,2,2.0803299
1975,7,24,-0.48097,-2.0299699,2,2.08617
1975,7,25,-0.29714999,-1.95349,2,1.97596
1975,7,26,0.238271,-1.5999399,3,1.6175801
1975,7,27,0.76883799,-1.04778,3,1.29959
1975,7,28,1.34141,-0.6081,4,1.47281
1975,7,29,1.4621,0.00749323983,5,1.4621201
1975,7,30,1.2004,0.61517,5,1.34885
1975,7,31,1.28146,0.84662902,5,1.53588
1975,8,1,1.18786,0.85501301,5,1.46358
1975,8,2,1.20161,0.95252699,5,1.53336
1975,8,3,1.31287,1.06884,5,1.69295
1975,8,4,1.32197,0.883582,5,1.59007
1975,8,5,1.11472,0.57337201,5,1.25354
1975,8,6,0.94682002,0.59270698,5,1.11704
1975,8,7,1.0578901,0.603652,5,1.2180001
1975,8,8,1.18582,0.46408001,5,1.2733999
1975,8,9,1.28302,0.16100501,5,1.29309
1975,8,10,1.1214401,0.24779999,5,1.14849
1975,8,11,1.19119,0.218953,5,1.21114
1975,8,12,1.21657,0.209135,5,1.23441
1975,8,13,1.1927,0.0753062963,5,1.19507
1975,8,14,1.16442,-0.0439748988,4,1.1652499
1975,8,15,1.06581,-0.0517031997,4,1.06706
1975,8,16,1.04685,-0.11103,4,1.05272
1975,8,17,0.98735303,-0.18522,4,1.00458
1975,8,18,0.70672101,-0.0725553036,4,0.71043599
1975,8,19,0.47037899,-0.0884990022,4,0.478632
1975,8,20,0.42615101,0.0804520994,5,0.43367901
1975,8,21,0.293791,0.335976,6,0.44631001
1975,8,22,0.13897701,0.21947999,6,0.259781
1975,8,23,-0.24641,0.0398255996,8,0.249605
1975,8,24,-0.54826999,-0.15681,1,0.57025301
1975,8,25,-0.6857,-0.60284001,1,0.91301799
1975,8,26,-0.78421998,-0.80154997,2,1.12138
1975,8,27,-0.8204,-1.06541,2,1.34468
1975,8,28,-0.69913,-1.33032,2,1.5028501
1975,8,29,-0.44659999,-1.4794199,2,1.54536
1975,8,30,-0.11191,-1.42906,2,1.43344
1975,8,31,-0.0382653996,-1.3076299,2,1.30819
1975,9,1,0.15729401,-1.1475199,3,1.15825
1975,9,2,0.31295201,-1.0338399,3,1.08017
1975,9,3,0.39542401,-0.87352997,3,0.95886397
1975,9,4,0.53515702,-0.66074002,3,0.85027802
1975,9,5,0.41101101,-0.67483997,3,0.79015303
1975,9,6,0.249047,-0.53849,3,0.59328997
1975,9,7,0.0648379028,-0.42954999,3,0.43441501
1975,9,8,-0.1191,-0.35363999,2,0.37315401
1975,9,9,-0.22301,-0.31935999,2,0.38951999
1975,9,10,-0.24255,-0.27217999,2,0.36457399
1975,9,11,-0.18986,-0.17094,1,0.25547701
1975,9,12,-0.25933999,-0.22901,1,0.34598199
1975,9,13,-0.45098001,-0.15015,1,0.47532099
1975,9,14,-0.40375999,-0.0554524995,1,0.40755299
1975,9,15,-0.73727,-0.0239573997,1,0.73765498
1975,9,16,-0.93804002,-0.14386,1,0.94900298
1975,9,17,-0.92918998,-0.11848,1,0.93671501
1975,9,18,-0.64793998,0.0789503008,8,0.65272701
1975,9,19,-0.72182,0.0953698978,8,0.728091
1975,9,20,-0.45488,-0.0830217972,1,0.46239501
1975,9,21,-0.67761999,-0.21152,1,0.70986301
1975,9,22,-0.59302002,-0.43443999,1,0.735129
1975,9,23,-0.42561001,-0.72000998,2,0.83639699
1975,9,24,-0.26789001,-1.11247,2,1.1442699
1975,9,25,-0.25953001,-1.18626,2,1.2143199
1975,9,26,0.0585905984,-1.1316,3,1.1331199
1975,9,27,0.51949698,-1.01529,3,1.14048
1975,9,28,1.00016,-0.69191998,4,1.21617
1975,9,29,1.17216,-0.27735999,4,1.20453
1975,9,30,1.45992,0.0869399011,5,1.46251
1975,10,1,1.4677,0.42400399,5,1.52772
1975,10,2,1.6512901,0.78831798,5,1.82981
1975,10,3,1.70139,0.946401,5,1.9469
1975,10,4,1.72147,0.705787,5,1.86053
1975,10,5,1.44047,0.54813701,5,1.54124
1975,10,6,1.11522,0.675376,5,1.30379
1975,10,7,0.71338302,0.87465501,6,1.12869
1975,10,8,0.38961199,0.99389702,6,1.06753
1975,10,9,0.25393599,0.94376397,6,0.97733003
1975,10,10,0.32247201,0.93072098,6,0.98500299
1975,10,11,0.29211199,0.830571,6,0.88044202
1975,10,12,0.318111,0.75813901,6,0.82217401
1975,10,13,0.154053,0.493323,6,0.51681697
1975,10,14,-0.00639714999,0.365486,7,0.36554199
1975,10,15,-0.34566,0.26449901,8,0.435247
1975,10,16,-0.38196999,0.185996,8,0.42484701
1975,10,17,-0.15173,0.0192524008,8,0.152945
1975,10,18,0.17082401,0.0224920008,5,0.172299
1975,10,19,0.43292999,-0.18307,4,0.470047
1975,10,20,0.74086797,-0.19001999,4,0.76484799
1975,10,21,0.88085097,-0.0423954986,4,0.88187099
1975,10,22,0.86826003,0.100095,5,0.87401003
1975,10,23,0.85818201,0.335504,5,0.92143399
1975,10,24,0.104783,0.235029,6,0.25732899
1975,10,25,-0.25512001,0.16132499,8,0.30184701
1975,10,26,-0.23096,0.229387,8,0.325519
1975,10,27,-0.41821,0.15841401,8,0.44720399
1975,10,28,-0.46618,0.123511,8,0.48226199
1975,10,29,-0.0940605029,0.162977,7,0.188173
1975,10,30,-0.00791065022,-0.0544033013,2,0.0549754985
1975,10,31,0.0563413016,-0.16472,3,0.17409401
1975,11,1,-0.11298,0.0509078987,8,0.123924
1975,11,2,-0.10307,0.29877299,7,0.316053
1975,11,3,-0.19359,0.40055701,7,0.44488499
1975,11,4,-0.26718,0.42852801,7,0.50499803
1975,11,5,-0.43239999,0.36944199,8,0.56873
1975,11,6,-0.72126001,0.423778,8,0.83653998
1975,11,7,-0.95264,0.49850601,8,1.0751899
1975,11,8,-0.85448998,0.35579699,8,0.92560297
1975,11,9,-0.93198001,0.28999701,8,0.976053
1975,11,10,-0.73066002,0.193232,8,0.75577599
1975,11,11,-0.61027002,0.24487901,8,0.65756702
1975,11,12,-0.55163002,0.35426101,8,0.65558499
1975,11,13,-0.67035002,0.60053903,8,0.90000898
1975,11,14,-0.59253001,0.74272299,7,0.95012403
1975,11,15,-0.65083998,0.5758,8,0.868985
1975,11,16,-0.70174003,0.396777,8,0.80614698
1975,11,17,-0.51258999,0.48316199,8,0.70441198
1975,11,18,-0.28238001,0.387178,7,0.479211
1975,11,19,-0.19975001,0.28378099,7,0.34703201
1975,11,20,-0.48139,0.559313,7,0.73794502
1975,11,21,-0.69725001,0.70542502,7,0.99185598
1975,11,22,-0.86702001,0.762757,8,1.15478
1975,11,23,-1.2855999,0.54707903,8,1.3971601
1975,11,24,-1.48542,0.40547699,8,1.53977
1975,11,25,-1.56683,0.0549076982,8,1.56779
1975,11,26,-1.58699,-0.32653001,1,1.62024
1975,11,27,-1.23928,-0.78570998,1,1.46736
1975,11,28,-0.91689998,-1.18162,2,1.49564
1975,11,29,-0.61405998,-1.32016,2,1.45599
1975,11,30,-0.31726,-1.39972,2,1.43523
1975,12,1,-0.13337,-1.30837,2,1.31515
1975,12,2,0.0945625007,-1.28159,3,1.2850699
1975,12,3,0.23342,-1.24625,3,1.26792
1975,12,4,0.48724601,-1.20944,3,1.3039
1975,12,5,0.57208198,-1.16154,3,1.29478
1975,12,6,0.65544498,-1.1363,3,1.31179
1975,12,7,0.74142402,-1.0372601,3,1.275
1975,12,8,1.10203,-0.69994998,4,1.30553
1975,12,9,1.3647799,-0.63686001,4,1.50607
1975,12,10,1.25128,-0.30243999,4,1.28732
1975,12,11,0.96861702,0.0245651994,5,0.96892899
1975,12,12,0.55428898,0.200101,5,0.589302
1975,12,13,0.45886299,0.46797299,6,0.65540302
1975,12,14,0.38752401,0.72910202,6,0.82568997
1975,12,15,0.32201999,0.99645799,6,1.0472
1975,12,16,0.257945,0.97673702,6,1.0102201
1975,12,17,-0.12395,0.95420003,7,0.96221697
1975,12,18,-0.64384001,0.87936598,7,1.08987
1975,12,19,-0.81338,0.77129197,8,1.12093
1975,12,20,-0.68839997,0.58345097,8,0.90238798
1975,12,21,-0.57712001,0.225372,8,0.61956799
1975,12,22,-0.38912001,0.134903,8,0.411838
1975,12,23,-0.32411999,0.23532701,8,0.40054101
1975,12,24,-0.50397003,0.0730352998,8,0.50923598
1975,12,25,-0.96832001,0.111496,8,0.97471899
1975,12,26,-1.3443201,0.0637217015,8,1.34583
1975,12,27,-1.24191,0.00717678014,8,1.24193
1975,12,28,-1.04504,0.0995815992,8,1.04978
1975,12,29,-0.83955997,0.32374501,8,0.899822
1975,12,30,-1.01301,0.26165,8,1.04625
1975,12,31,-1.36142,0.55208099,8,1.4691
1976,1,1,-1.5019701,0.60048997,8,1.61756
1976,1,2,-1.3101701,0.54512298,8,1.41905
1976,1,3,-1.14555,0.26191401,8,1.17511
1976,1,4,-1.19197,0.0462113991,8,1.19286
1976,1,5,-1.00266,0.0174413994,8,1.00281
1976,1,6,-0.56698,-0.21848001,1,0.60761899
1976,1,7,-0.31262001,-0.32086,2,0.44797599
1976,1,8,-0.35883999,-0.11146,1,0.37575299
1976,1,9,0.119669,0.24328201,6,0.271121
1976,1,10,0.35953599,0.49429899,6,0.61122602
1976,1,11,0.66219699,0.74582601,6,0.99737698
1976,1,12,0.87269998,0.77630699,5,1.16802
1976,1,13,0.80948502,0.92122298,6,1.2263401
1976,1,14,0.69166201,1.04373,6,1.2521
1976,1,15,0.71303701,1.37247,6,1.54664
1976,1,16,0.94624799,1.71022,6,1.95454
1976,1,17,0.98160499,2.2028,6,2.4116099
1976,1,18,0.89775902,2.3924699,6,2.5553601
1976,1,19,0.597458,2.3719201,6,2.4460101
1976,1,20,0.33946899,2.4503701,6,2.4737799
1976,1,21,0.21533801,2.5455201,6,2.55461
1976,1,22,0.00412933994,2.66313,6,2.66313
1976,1,23,-0.20491999,2.5442801,7,2.55252
1976,1,24,-0.25646999,2.7549801,7,2.76689
1976,1,25,-0.7694,2.78866,7,2.8928499
1976,1,26,-1.5317,2.47825,7,2.9133899
1976,1,27,-2.08268,2.0492001,8,2.9217801
1976,1,28,-2.43156,1.4730099,8,2.8429201
1976,1,29,-2.65484,1.06143,8,2.8591599
1976,1,30,-2.6942101,0.637977,8,2.7687099
1976,1,31,-2.32692,0.48311001,8,2.37655
1976,2,1,-1.85044,0.56018901,8,1.93338
1976,2,2,-1.35568,0.67369598,8,1.51385
1976,2,3,-0.81154001,0.734891,8,1.09483
1976,2,4,-0.45578,0.97376102,7,1.07515
1976,2,5,-0.2929,1.05205,7,1.09206
1976,2,6,-0.57525003,1.18407,7,1.3164099
1976,2,7,-0.91933,1.05844,7,1.40195
1976,2,8,-1.2720701,1.20174,8,1.7499599
1976,2,9,-1.57595,1.0204099,8,1.87746
1976,2,10,-1.47036,0.901043,8,1.72448
1976,2,11,-1.46975,0.74889803,8,1.64955
1976,2,12,-1.67404,0.89337099,8,1.8975
1976,2,13,-1.4327199,0.941136,8,1.71418
1976,2,14,-1.00344,0.77772599,8,1.26954
1976,2,15,-0.67277002,0.33959499,8,0.75362402
1976,2,16,-0.3211,-0.22824,1,0.39395499
1976,2,17,-0.077648297,-0.22335,2,0.23646
1976,2,18,-0.0964832008,-0.15312,2,0.180985
1976,2,19,-0.25332001,-0.22985999,1,0.34206599
1976,2,20,-0.23300999,-0.17135,1,0.289235
1976,2,21,0.17612401,-0.14611,4,0.228839
1976,2,22,0.47159201,-0.0771093965,4,0.477855
1976,2,23,0.933263,0.00849493034,5,0.93330097
1976,2,24,1.21048,0.200417,5,1.2269599
1976,2,25,1.33717,0.197754,5,1.35171
1976,2,26,1.02364,0.164134,5,1.03671
1976,2,27,0.69426501,0.491734,5,0.85076803
1976,2,28,0.50726599,0.62638199,6,0.806023
1976,2,29,0.51737201,0.74259198,6,0.90505099
1976,3,1,0.188648,0.555933,6,0.58706802
1976,3,2,-0.00147780997,0.23501199,7,0.235017
1976,3,3,0.0687938035,0.0117723001,5,0.069793798
1976,3,4,0.0843925998,-0.18612,3,0.20436101
1976,3,5,0.0202498995,-0.18452001,3,0.185626
1976,3,6,0.230405,-0.0779407993,4,0.243231
1976,3,7,0.665066,-0.0948344022,4,0.671794
1976,3,8,0.93595999,0.0327095017,5,0.93653202
1976,3,9,0.90339398,0.25030899,5,0.93743002
1976,3,10,0.69186503,0.80891597,6,1.06444
1976,3,11,0.97777599,0.87009102,5,1.3088599
1976,3,12,1.0559601,0.820961,5,1.33755
1976,3,13,0.94274598,0.94717801,6,1.33638
1976,3,14,0.68903601,1.00688,6,1.22007
1976,3,15,0.387651,1.0046099,6,1.07681
1976,3,16,0.265443,0.96611297,6,1.00192
1976,3,17,0.28890699,1.00833,6,1.0489
1976,3,18,0.47771499,1.02697,6,1.13265
1976,3,19,0.54373699,0.67510903,6,0.86684602
1976,3,20,0.612257,0.47092801,5,0.77241898
1976,3,21,0.44322801,0.39570999,5,0.59416997
1976,3,22,0.47128201,0.38973299,5,0.61155403
1976,3,23,0.57033902,0.420495,5,0.708592
1976,3,24,0.56415802,0.16453999,5,0.58766299
1976,3,25,0.37016699,0.35882199,5,0.515535
1976,3,26,0.13381,0.45738,6,0.47655201
1976,3,27,0.21436501,0.52764899,6,0.56953102
1976,3,28,0.32296801,0.26442,5,0.417404
1976,3,29,0.215966,0.0405022986,5,0.219731
1976,3,30,0.40817499,-0.13815001,4,0.43092
1976,3,31,0.462722,-0.34426999,4,0.57674301
1976,4,1,0.52287,-0.42710999,4,0.67514199
1976,4,2,0.71531397,-0.30407,4,0.77726102
1976,4,3,0.80318397,-0.0573332012,4,0.80522799
1976,4,4,0.56299102,-0.0590260997,4,0.56607699
1976,4,5,0.423908,-0.0583688989,4,0.427908
1976,4,6,0.60025299,0.0677777007,5,0.60406798
1976,4,7,0.36912599,0.183543,5,0.41224
1976,4,8,0.241843,0.197052,5,0.31195799
1976,4,9,0.0578653999,0.148956,6,0.15980101
1976,4,10,0.110029,0.372915,6,0.388809
1976,4,11,0.445907,0.36577201,5,0.57673401
1976,4,12,0.63459802,0.33033401,5,0.71542698
1976,4,13,0.70703602,0.449258,5,0.83769399
1976,4,14,0.92106098,0.62336302,5,1.11218
1976,4,15,0.81247699,0.82354599,6,1.15687
1976,4,16,0.38866699,0.86351198,6,0.94695097
1976,4,17,0.0712466985,0.95020902,6,0.95287597
1976,4,18,-0.11701,0.70548999,7,0.71512699
1976,4,19,-0.34915999,0.52182198,7,0.62786502
1976,4,20,-0.54376,0.30501401,8,0.62346202
1976,4,21,-0.59215999,0.0889204964,8,0.598795
1976,4,22,-0.43173,-0.34586,1,0.55318499
1976,4,23,-0.20318,-0.69151002,2,0.72073901
1976,4,24,-0.1776,-0.89353001,2,0.91100597
1976,4,25,-0.17354,-0.82014,2,0.83830202
1976,4,26,-0.19729,-0.54262,2,0.57737797
1976,4,27,-0.0895643011,-0.51842999,2,0.52610898
1976,4,28,0.0032951301,-0.68621999,3,0.686225
1976,4,29,-0.12166,-0.80497998,2,0.81412202
1976,4,30,-0.13919,-1.1973,2,1.2053699
1976,5,1,-0.0209784005,-1.59171,2,1.59185
1976,5,2,0.60478997,-1.72541,3,1.8283401
1976,5,3,1.15484,-1.70101,3,2.05599
1976,5,4,1.52153,-1.4984601,4,2.13552
1976,5,5,1.57268,-1.17957,4,1.96588
1976,5,6,1.68468,-0.45519999,4,1.74509
1976,5,7,1.6929801,0.42860201,5,1.74639
1976,5,8,1.49694,0.89487398,5,1.74403
1976,5,9,1.26781,1.21202,5,1.75395
1976,5,10,0.99610198,1.59067,6,1.87682
1976,5,11,0.54773003,1.80832,6,1.88946
1976,5,12,-0.0301655997,1.77606,7,1.77632
1976,5,13,-0.38152,1.7747101,7,1.81525
1976,5,14,-0.74518001,1.78439,7,1.93374
1976,5,15,-1.06318,1.75324,7,2.05041
1976,5,16,-1.07875,1.42292,7,1.78561
1976,5,17,-0.79848999,1.04008,7,1.31124
1976,5,18,-0.52468997,0.67707503,7,0.856583
1976,5,19,-0.33076999,0.43675199,7,0.54786903
1976,5,20,0.0364339016,0.302899,6,0.30508301
1976,5,21,0.24203201,0.26196,6,0.356655
1976,5,22,0.392748,0.30319101,5,0.49616101
1976,5,23,0.473627,0.28285,5,0.55165797
1976,5,24,0.44722101,0.119952,5,0.463029
1976,5,25,0.329651,-0.22124,4,0.39700899
1976,5,26,0.0203153007,-0.55957001,3,0.55993599
1976,5,27,-0.25760999,-0.89655,2,0.93282998
1976,5,28,-0.13497999,-1.01237,2,1.02133
1976,5,29,-0.28055999,-0.98150003,2,1.02081
1976,5,30,-0.58231997,-0.61826998,2,0.84933001
1976,5,31,-0.66228998,-0.27739,1,0.71803302
1976,6,1,-0.54544002,-0.24031,1,0.59602898
1976,6,2,-0.90088999,-0.33864,1,0.96243298
1976,6,3,-0.95604998,-0.59860998,1,1.128
1976,6,4,-1.24505,-0.55829,1,1.36449
1976,6,5,-1.08207,-0.61467999,1,1.24447
1976,6,6,-1.03617,-0.80925,1,1.31473
1976,6,7,-0.90311998,-0.72122002,1,1.15576
1976,6,8,-0.80824,-0.73479998,1,1.09233
1976,6,9,-0.70745999,-0.85118002,2,1.1068
1976,6,10,-0.64055002,-1.05129,2,1.23106
1976,6,11,-0.69081002,-0.94817001,2,1.17313
1976,6,12,-0.77529001,-0.79615998,2,1.11128
1976,6,13,-0.63418001,-0.72759002,2,0.96518099
1976,6,14,-0.57367998,-0.74682999,2,0.94173002
1976,6,15,-0.68603998,-0.58386999,1,0.90086001
1976,6,16,-0.62162,-0.38301,1,0.73014498
1976,6,17,-0.32962999,-0.0582046993,1,0.33472401
1976,6,18,-0.0049878601,0.0501588993,7,0.0504061989
1976,6,19,0.0917553976,0.146341,6,0.172728
1976,6,20,0.107553,-0.18232,3,0.211684
1976,6,21,-0.0055515999,-0.25613001,2,0.25618801
1976,6,22,0.34388199,-0.13601001,4,0.36980101
1976,6,23,0.48755401,0.0218550004,5,0.48804301
1976,6,24,0.480809,-0.20738,4,0.52362698
1976,6,25,0.206321,-0.34156001,3,0.39903501
1976,6,26,-0.14024,-0.65256,2,0.66745597
1976,6,27,-0.29466999,-0.68049002,2,0.74155003
1976,6,28,-0.00658810977,-0.51414001,2,0.514184
1976,6,29,-0.0759577006,-0.26793,2,0.278485
1976,6,30,-0.0159478001,-0.18567,2,0.18635
1976,7,1,0.13539501,-0.46031001,3,0.47980899
1976,7,2,0.27270001,-0.62735999,3,0.68406397
1976,7,3,0.14772999,-1.02428,3,1.03488
1976,7,4,0.0529660992,-1.09022,3,1.0915101
1976,7,5,-0.25608999,-0.82484001,2,0.863684
1976,7,6,-0.28742,-0.70669001,2,0.76289898
1976,7,7,-0.31698999,-0.54234999,2,0.62819701
1976,7,8,-0.48392999,-0.35277,1,0.59886497
1976,7,9,-0.59908998,-0.26716,1,0.65596098
1976,7,10,-0.47301999,-0.2234,1,0.52311802
1976,7,11,-0.43876001,-0.1683,1,0.46993101
1976,7,12,-0.25556999,-0.12504999,1,0.28452301
1976,7,13,0.15357199,-0.11629,4,0.192635
1976,7,14,0.277123,-0.20355999,4,0.343851
1976,7,15,0.37518701,-0.0881763026,4,0.385409
1976,7,16,0.25386599,-0.0140131004,4,0.254253
1976,7,17,0.30067599,-0.12699001,4,0.32639399
1976,7,18,0.52118999,0.158334,5,0.54470903
1976,7,19,0.44875401,0.117224,5,0.46381199
1976,7,20,0.42530599,-0.00328051997,4,0.42531899
1976,7,21,0.43362501,-0.28501999,4,0.51890999
1976,7,22,0.41813499,-0.23727,4,0.480762
1976,7,23,0.61117899,-0.18713,4,0.63918602
1976,7,24,0.66482902,-0.24472,4,0.70843899
1976,7,25,0.62670797,-0.26651999,4,0.681027
1976,7,26,0.33414099,-0.0171355996,4,0.33458
1976,7,27,0.241786,-0.0219655,4,0.242782
1976,7,28,-0.0252803992,-0.19815999,2,0.199764
1976,7,29,-0.0709199011,-0.44356,2,0.44919699
1976,7,30,0.207709,-0.60887003,3,0.64332801
1976,7,31,0.173779,-0.54935002,3,0.57618201
1976,8,1,0.32429901,-0.10961,4,0.34232301
1976,8,2,0.46423399,0.00751900021,5,0.464295
1976,8,3,0.57342398,0.0602766983,5,0.57658303
1976,8,4,0.85069197,0.42460299,5,0.95077097
1976,8,5,1.02582,0.82080799,5,1.31379
1976,8,6,0.940925,1.2662801,6,1.5776
1976,8,7,0.66356301,1.37825,6,1.52967
1976,8,8,0.0693001002,1.24298,6,1.24491
1976,8,9,-0.47029001,0.93017298,7,1.0423
1976,8,10,-0.71249998,0.44791001,8,0.84159398
1976,8,11,-0.83464998,-0.27502999,1,0.87879503
1976,8,12,-0.89098001,-0.62348998,1,1.0874701
1976,8,13,-0.97131997,-0.90030003,1,1.3243901
1976,8,14,-1.00002,-1.08823,2,1.4779299
1976,8,15,-0.84635001,-1.02975,2,1.33292
1976,8,16,-0.89045,-1.03394,2,1.36453
1976,8,17,-0.67654997,-1.16716,2,1.34907
1976,8,18,-0.19944,-1.1277601,2,1.14526
1976,8,19,0.0369539,-1.07228,3,1.07292
1976,8,20,0.22137301,-1.02952,3,1.05305
1976,8,21,0.41140699,-0.94853997,3,1.03392
1976,8,22,0.256659,-1.05755,3,1.08825
1976,8,23,0.34691501,-1.33957,3,1.38376
1976,8,24,0.74398798,-1.6495399,3,1.8095599
1976,8,25,1.0234801,-1.78303,3,2.0559001
1976,8,26,1.0061899,-1.90944,3,2.15833
1976,8,27,1.1408499,-1.53306,3,1.91098
1976,8,28,1.36524,-0.88704002,4,1.6281
1976,8,29,1.64342,-0.39532,4,1.6903
1976,8,30,1.76192,0.13801999,5,1.76731
1976,8,31,1.75861,0.26409999,5,1.77833
1976,9,1,1.96085,0.35143501,5,1.9921
1976,9,2,1.72133,0.46811199,5,1.7838399
1976,9,3,1.42654,0.48151401,5,1.50562
1976,9,4,1.3366801,0.547737,5,1.44455
1976,9,5,1.16501,0.81647199,5,1.42263
1976,9,6,0.687765,1.42788,6,1.58489
1976,9,7,0.78000402,1.53546,6,1.7222199
1976,9,8,0.92388701,1.65912,6,1.8990099
1976,9,9,0.63361698,1.60505,6,1.72559
1976,9,10,0.541372,1.99712,6,2.0692
1976,9,11,0.778705,2.2614901,6,2.3917999
1976,9,12,0.67730802,2.3213301,6,2.4181199
1976,9,13,0.52843398,2.24825,6,2.30952
1976,9,14,0.29480401,1.97883,6,2.00067
1976,9,15,0.0507004,1.94224,6,1.9428999
1976,9,16,-0.37988999,2.1071701,7,2.14114
1976,9,17,-0.34266001,2.0362401,7,2.0648701
1976,9,18,-0.53694999,1.9335099,7,2.00669
1976,9,19,-0.86517,1.62376,7,1.83986
1976,9,20,-1.0959899,1.40624,7,1.78289
1976,9,21,-1.20224,1.21547,7,1.7096
1976,9,22,-1.21214,0.89818901,8,1.5086499
1976,9,23,-1.1531399,0.60713798,8,1.30321
1976,9,24,-1.25316,0.198718,8,1.26882
1976,9,25,-1.38703,-0.18822999,1,1.39975
1976,9,26,-1.3329999,-0.54888999,1,1.44159
1976,9,27,-1.2286,-0.35842001,1,1.27982
1976,9,28,-1.11878,-0.28415999,1,1.1543
1976,9,29,-1.28104,-0.29758,1,1.31515
1976,9,30,-1.48094,-0.27699,1,1.50662
1976,10,1,-1.5110101,-0.52600998,1,1.59995
1976,10,2,-1.49649,-0.80273998,1,1.6982
1976,10,3,-1.41027,-0.99359,1,1.72513
1976,10,4,-1.4217499,-1.32134,1,1.94096
1976,10,5,-1.43715,-1.4195499,1,2.02003
1976,10,6,-1.2726099,-1.56617,2,2.0180299
1976,10,7,-0.86005002,-1.58243,2,1.8010401
1976,10,8,-0.47308001,-1.53579,2,1.607
1976,10,9,-0.0892985985,-1.29115,2,1.29424
1976,10,10,0.112661,-1.03566,3,1.04177
1976,10,11,0.30426899,-0.83086002,3,0.88481998
1976,10,12,0.60212398,-0.81770003,3,1.01547
1976,10,13,0.895069,-0.76043999,4,1.17449
1976,10,14,1.24079,-0.53301001,4,1.35043
1976,10,15,1.39835,-0.36305001,4,1.44471
1976,10,16,1.5154001,-0.38837001,4,1.56437
1976,10,17,1.7254699,-0.42688999,4,1.77749
1976,10,18,1.73834,-0.13905001,4,1.7438999
1976,10,19,1.74865,0.107888,5,1.7519701
1976,10,20,1.89521,0.321955,5,1.9223599
1976,10,21,1.9045,0.246966,5,1.92045
1976,10,22,1.68678,0.42853299,5,1.74036
1976,10,23,1.35017,0.23801599,5,1.37099
1976,10,24,0.97799999,0.24007501,5,1.00704
1976,10,25,0.73413497,0.218339,5,0.76591498
1976,10,26,0.42193499,0.27592099,5,0.50414401
1976,10,27,0.0428400002,0.423181,6,0.42534399
1976,10,28,-0.15802,0.45019099,7,0.477119
1976,10,29,-0.15727,0.54518503,7,0.567415
1976,10,30,-0.15694,0.67841202,7,0.69632697
1976,10,31,-0.24330001,0.48336801,7,0.54114598
1976,11,1,-0.0861238986,0.40540299,7,0.41444999
1976,11,2,-0.0300200991,0.35673299,7,0.35799301
1976,11,3,0.191663,0.36680201,6,0.413858
1976,11,4,0.43712801,0.157363,5,0.46459001
1976,11,5,0.33125699,0.110402,5,0.34917
1976,11,6,0.30478701,0.101855,5,0.321356
1976,11,7,0.00260968995,-0.0675788969,3,0.0676292032
1976,11,8,0.00153432996,-0.0823289007,3,0.0823431984
1976,11,9,-0.0990822017,-0.0474644005,1,0.109864
1976,11,10,-0.33566001,-0.48859,2,0.59277499
1976,11,11,-0.64061999,-1.0324399,2,1.21504
1976,11,12,-0.62414002,-1.1961499,2,1.3492
1976,11,13,-0.68905997,-1.29116,2,1.4635201
1976,11,14,-0.46906999,-1.50062,2,1.57222
1976,11,15,-0.16292,-1.92593,2,1.9328099
1976,11,16,0.0819964036,-2.00807,3,2.0097401
1976,11,17,0.432877,-1.95394,3,2.0013101
1976,11,18,0.82081598,-2.0499101,3,2.2081399
1976,11,19,1.2215,-1.95567,3,2.3057899
1976,11,20,1.56066,-1.96998,3,2.5132599
1976,11,21,1.85918,-1.59796,4,2.45154
1976,11,22,2.0634401,-1.37589,4,2.4800999
1976,11,23,2.2167699,-0.96271002,4,2.41679
1976,11,24,2.1325901,-0.40180999,4,2.17012
1976,11,25,2.0402901,-0.0160690993,4,2.04035
1976,11,26,1.70758,0.193409,5,1.7185
1976,11,27,1.48931,0.173548,5,1.49939
1976,11,28,1.4006701,-0.0172032993,4,1.4007699
1976,11,29,1.36106,0.0816342011,5,1.3635
1976,11,30,1.2812901,0.332113,5,1.32363
1976,12,1,1.17023,0.28259701,5,1.2038701
1976,12,2,1.18929,0.64660001,5,1.3537
1976,12,3,1.32652,1.02078,5,1.67381
1976,12,4,1.46346,1.37928,5,2.0109999
1976,12,5,1.41397,1.58652,6,2.12517
1976,12,6,1.0807101,1.69559,6,2.01071
1976,12,7,0.68645799,1.71929,6,1.8512599
1976,12,8,0.38603699,1.5857,6,1.63202
1976,12,9,0.446363,1.27615,6,1.35197
1976,12,10,0.36584899,1.12363,6,1.18169
1976,12,11,0.0869486034,1.14259,6,1.1459
1976,12,12,-0.28266999,1.31934,7,1.34928
1976,12,13,-1.01099,1.61327,7,1.90388
1976,12,14,-1.64535,1.45614,8,2.19716
1976,12,15,-2.13869,0.97469002,8,2.3503201
1976,12,16,-2.5789101,0.80286801,8,2.701
1976,12,17,-2.2629499,0.37996599,8,2.29462
1976,12,18,-1.5896699,-0.0917282999,1,1.59232
1976,12,19,-1.25642,-0.41051999,1,1.32179
1976,12,20,-0.84546,-0.33952999,1,0.91109002
1976,12,21,-0.68682998,-0.27037001,1,0.738132
1976,12,22,-0.53161001,-0.22249,1,0.57629001
1976,12,23,-0.61291999,-0.30711001,1,0.68555301
1976,12,24,-0.59934002,-0.23745,1,0.64466602
1976,12,25,-0.66815001,-0.45585999,1,0.80884302
1976,12,26,-0.80216998,-0.83741999,2,1.15964
1976,12,27,-0.64921999,-1.06817,2,1.24999
1976,12,28,-0.48111001,-1.3852299,2,1.4664
1976,12,29,-0.24743,-1.32564,2,1.3485301
1976,12,30,-0.23622,-1.35719,2,1.3775899
1976,12,31,0.0775419027,-1.47484,3,1.47688
1977,1,1,0.378539,-1.21118,3,1.26896
1977,1,2,0.673751,-0.80206001,3,1.04749
1977,1,3,0.78531599,-0.52828002,4,0.94646603
1977,1,4,0.719742,-0.26056999,4,0.76545697
1977,1,5,0.46514499,0.0197056998,5,0.465563
1977,1,6,0.140434,0.36820701,6,0.394079
1977,1,7,0.0319408998,0.56277198,6,0.56367701
1977,1,8,0.0781930014,0.77800602,6,0.78192598
1977,1,9,0.0220200997,0.88373899,6,0.88401401
1977,1,10,-0.10151,0.75768,7,0.76445001
1977,1,11,0.200682,0.87666899,6,0.89934498
1977,1,12,0.322577,0.89440799,6,0.9508
1977,1,13,0.113823,1.12646,6,1.13219
1977,1,14,-0.0830437019,1.44871,7,1.45109
1977,1,15,-0.21258,1.44836,7,1.4638799
1977,1,16,-0.51885998,1.12675,7,1.2404799
1977,1,17,-0.63299,0.74818999,7,0.98003602
1977,1,18,-0.93418002,0.49785501,8,1.05856
1977,1,19,-0.92058998,0.15126599,8,0.93293399
1977,1,20,-0.64234,-0.0450715981,1,0.64391798
1977,1,21,-0.21411,-0.16881999,1,0.27266401
1977,1,22,-0.0736527964,-0.18534,2,0.199442
1977,1,23,-0.27673,-0.14066,1,0.310426
1977,1,24,-0.38940999,-0.15419,1,0.41882399
1977,1,25,-0.26971,-0.42993999,2,0.50753701
1977,1,26,-0.0426983982,-0.67442,2,0.67577302
1977,1,27,-0.14,-0.79860002,2,0.81077999
1977,1,28,-0.22042,-0.72680002,2,0.75948602
1977,1,29,-0.36205,-0.98754001,2,1.05182
1977,1,30,-0.42124999,-1.0238301,2,1.1071
1977,1,31,-0.48582,-1.19736,2,1.29216
1977,2,1,-0.48205,-1.34764,2,1.43126
1977,2,2,-0.34652999,-1.45951,2,1.50009
1977,2,3,-0.21702,-1.55759,2,1.57263
1977,2,4,-0.1928,-1.30118,2,1.31539
1977,2,5,0.0755442008,-1.40504,3,1.40707
1977,2,6,0.418497,-1.33622,3,1.40022
1977,2,7,0.77120602,-1.52081,3,1.70518
1977,2,8,0.80105603,-1.53432,3,1.73085
1977,2,9,0.86859602,-1.40552,3,1.6522599
1977,2,10,1.00345,-1.27193,3,1.6201
1977,2,11,1.0934401,-0.88015002,4,1.40367
1977,2,12,1.1822,-0.64534998,4,1.3468699
1977,2,13,1.0147001,-0.16087,4,1.02738
1977,2,14,0.71157002,0.0749668032,5,0.715509
1977,2,15,0.73278499,0.142766,5,0.746562
1977,2,16,0.50015998,0.0419974998,5,0.501921
1977,2,17,0.27535701,-0.10249,4,0.29381201
1977,2,18,0.0122950003,-0.24085,3,0.241162
1977,2,19,-0.043517001,-0.20987999,2,0.21434
1977,2,20,0.21183801,-0.41143,3,0.46276101
1977,2,21,0.180429,-0.71373999,3,0.73619401
1977,2,22,0.235624,-0.79825002,3,0.83229899
1977,2,23,0.137547,-0.88370001,3,0.89434397
1977,2,24,0.0902822018,-0.96648002,3,0.97068799
1977,2,25,0.32911101,-0.88611001,3,0.94525599
1977,2,26,0.64981401,-0.57375002,4,0.86686301
1977,2,27,0.741943,-0.12615,4,0.75259101
1977,2,28,0.81054199,0.15092801,5,0.82447398
1977,3,1,1.013,0.436003,5,1.1028399
1977,3,2,1.09262,0.65829498,5,1.27561
1977,3,3,1.08305,0.667503,5,1.27222
1977,3,4,1.23408,0.494807,5,1.3295799
1977,3,5,1.03212,0.54213601,5,1.16584
1977,3,6,1.11296,0.656645,5,1.29223
1977,3,7,1.04006,1.11906,6,1.52775
1977,3,8,0.80796999,1.2146699,6,1.45885
1977,3,9,0.59992498,1.57695,6,1.68722
1977,3,10,0.182832,1.88721,6,1.89604
1977,3,11,-0.23485,1.97325,7,1.98718
1977,3,12,-0.73549998,1.94844,7,2.0826399
1977,3,13,-1.09596,2.09251,7,2.36215
1977,3,14,-1.20746,2.02633,7,2.3587999
1977,3,15,-0.93580002,1.99825,7,2.2065201
1977,3,16,-0.56783003,1.61722,7,1.71402
1977,3,17,-0.26038,1.52887,7,1.55088
1977,3,18,-0.28492999,1.3029701,7,1.33376
1977,3,19,-0.46517,1.2525899,7,1.33617
1977,3,20,-0.86747998,1.2331001,7,1.50766
1977,3,21,-1.22111,1.04891,8,1.60976
1977,3,22,-1.377,0.80718797,8,1.59615
1977,3,23,-1.66496,0.48100001,8,1.73305
1977,3,24,-1.75367,0.41004601,8,1.80098
1977,3,25,-1.84413,0.348939,8,1.87685
1977,3,26,-1.8319,0.18073601,8,1.84079
1977,3,27,-1.7408299,0.0526520014,8,1.74163
1977,3,28,-1.66982,-0.17682,1,1.67915
1977,3,29,-1.6482,-0.40463999,1,1.69714
1977,3,30,-1.77017,-0.73991001,1,1.9185899
1977,3,31,-1.7855099,-0.79465002,1,1.95436
1977,4,1,-1.34484,-1.1294399,1,1.7561899
1977,4,2,-1.12378,-1.6365401,2,1.98523
1977,4,3,-0.88756001,-1.94099,2,2.13429
1977,4,4,-0.78947002,-2.1599801,2,2.2997401
1977,4,5,-0.45633,-2.1461101,2,2.1940899
1977,4,6,0.132365,-1.99193,3,1.99633
1977,4,7,0.68337899,-2.1819699,3,2.2864799
1977,4,8,1.1115299,-2.0794599,3,2.3578899
1977,4,9,1.3108799,-1.70582,3,2.15133
1977,4,10,1.69121,-1.25144,4,2.1038699
1977,4,11,2.1196001,-0.84012997,4,2.28003
1977,4,12,2.3486199,-0.29956999,4,2.36765
1977,4,13,2.31795,0.38804299,5,2.35021
1977,4,14,2.0087099,0.88068098,5,2.19329
1977,4,15,1.52527,1.3675801,5,2.0485899
1977,4,16,1.14858,1.58283,6,1.95565
1977,4,17,0.57711297,2.0115299,6,2.09268
1977,4,18,-0.12137,2.1588399,7,2.16225
1977,4,19,-0.94647998,2.2780099,7,2.46681
1977,4,20,-1.6526,2.1851599,7,2.7397101
1977,4,21,-1.8600301,1.88065,7,2.6451001
1977,4,22,-2.03705,1.40534,8,2.4747901
1977,4,23,-2.0643201,0.70043999,8,2.1799099
1977,4,24,-1.96075,0.0609297007,8,1.9617
1977,4,25,-1.67983,-0.23289999,1,1.6959
1977,4,26,-1.62333,-0.57009,1,1.72052
1977,4,27,-1.31888,-0.50217998,1,1.41125
1977,4,28,-0.82795,-0.42486,1,0.93059403
1977,4,29,-0.49369001,-0.57938999,2,0.76119602
1977,4,30,-0.45997,-0.35616001,1,0.58174503
1977,5,1,-0.59845001,-0.54403001,1,0.80877298
1977,5,2,-0.62825,-0.83740002,2,1.04687
1977,5,3,-0.58880001,-1.2738301,2,1.40333
1977,5,4,-0.56312001,-1.58005,2,1.6774
1977,5,5,-0.45065999,-1.60571,2,1.66775
1977,5,6,-0.0601551011,-1.50673,2,1.50793
1977,5,7,0.364948,-1.28494,3,1.33576
1977,5,8,0.65247601,-1.07472,3,1.25727
1977,5,9,0.737791,-0.73426998,4,1.0409
1977,5,10,0.49032101,-0.34013,4,0.59674603
1977,5,11,0.671121,-0.20896,4,0.70290101
1977,5,12,0.94403201,-0.14246,4,0.95472097
1977,5,13,0.94909698,-0.00835095998,4,0.94913399
1977,5,14,0.893098,0.32024899,5,0.94878
1977,5,15,0.96972603,0.76735502,5,1.2366101
1977,5,16,0.90944803,1.37261,6,1.64656
1977,5,17,0.58919901,1.7536401,6,1.84997
1977,5,18,-0.0428969003,1.82024,7,1.82074
1977,5,19,-0.37356001,1.66196,7,1.70342
1977,5,20,-0.74910998,1.3355,7,1.53125
1977,5,21,-1.15058,0.99125499,8,1.51869
1977,5,22,-1.61484,0.98386502,8,1.89096
1977,5,23,-1.65933,0.97840399,8,1.9263
1977,5,24,-1.40466,0.733711,8,1.58474
1977,5,25,-1.08366,0.44351301,8,1.17091
1977,5,26,-0.92285001,0.20872401,8,0.94616199
1977,5,27,-0.89339,0.50532901,8,1.0264
1977,5,28,-0.93562001,0.77211499,8,1.21307
1977,5,29,-0.78938001,0.87513602,7,1.17855
1977,5,30,-0.97509003,0.91214502,8,1.33522
1977,5,31,-1.28093,0.68498999,8,1.45258
1977,6,1,-1.5052201,0.334382,8,1.5419101
1977,6,2,-1.47333,0.130062,8,1.4790601
1977,6,3,-1.60752,0.128057,8,1.61262
1977,6,4,-1.6095901,0.0972978994,8,1.61253
1977,6,5,-1.69807,-0.0506416,1,1.69882
1977,6,6,-1.50857,-0.14300001,1,1.51533
1977,6,7,-1.32028,-0.34731999,1,1.3652
1977,6,8,-1.05013,-0.49456999,1,1.16076
1977,6,9,-0.89987999,-0.80054998,1,1.20444
1977,6,10,-0.99878001,-1.22131,2,1.57771
1977,6,11,-0.97397,-1.61945,2,1.88977
1977,6,12,-0.68599999,-1.64095,2,1.7785701
1977,6,13,-0.43107,-1.44778,2,1.51059
1977,6,14,-0.10701,-1.40572,2,1.40979
1977,6,15,0.56314701,-1.08131,3,1.21917
1977,6,16,0.86196899,-0.99291998,3,1.31487
1977,6,17,0.841883,-0.67102998,4,1.0765899
1977,6,18,1.05243,-0.46456999,4,1.1504
1977,6,19,1.07513,-0.48640001,4,1.18004
1977,6,20,1.02359,-0.38896999,4,1.09501
1977,6,21,1.18801,-0.18869001,4,1.2029001
1977,6,22,1.07726,0.139792,5,1.0863
1977,6,23,0.87356901,0.197938,5,0.89571297
1977,6,24,0.64960498,0.30199999,5,0.71637398
1977,6,25,0.29401001,0.26659301,5,0.39687899
1977,6,26,0.32744399,0.12580501,5,0.35078001
1977,6,27,0.448697,0.186021,5,0.48572901
1977,6,28,0.49822599,0.0922536999,5,0.50669497
1977,6,29,0.182586,-0.00861429982,4,0.182789
1977,6,30,-0.0207010005,-0.13032,2,0.13195901
1977,7,1,-0.16539,-0.31973001,2,0.35997599
1977,7,2,0.168202,-0.60525,3,0.62819099
1977,7,3,0.41211799,-0.99844998,3,1.08016
1977,7,4,0.79861403,-1.30926,3,1.53361
1977,7,5,0.81079799,-1.59013,3,1.78491
1977,7,6,0.81251901,-1.46365,3,1.67405
1977,7,7,0.930601,-1.1437,3,1.47447
1977,7,8,1.19662,-0.76758999,4,1.4216501
1977,7,9,1.36589,-0.64230001,4,1.50937
1977,7,10,1.34655,-0.55765998,4,1.45745
1977,7,11,1.05202,-0.28639001,4,1.0903
1977,7,12,0.972435,-0.00272077997,4,0.97243899
1977,7,13,1.17189,0.123885,5,1.1784199
1977,7,14,1.1495399,0.0289875008,5,1.14991
1977,7,15,0.88959497,0.0215242002,5,0.88985503
1977,7,16,0.87013799,0.18733101,5,0.89007503
1977,7,17,0.98356903,0.35830501,5,1.0468
1977,7,18,0.99343699,0.36292899,5,1.05766
1977,7,19,0.79329997,0.37475201,5,0.87736201
1977,7,20,0.72921699,0.39825299,5,0.830881
1977,7,21,0.81370401,0.13998599,5,0.82565701
1977,7,22,0.70879501,-0.0844997019,4,0.71381402
1977,7,23,0.70083499,-0.19932,4,0.72862798
1977,7,24,0.753025,-0.31564999,4,0.81650501
1977,7,25,0.63942498,-0.25123999,4,0.68701297
1977,7,26,0.76859701,-0.10078,4,0.77517599
1977,7,27,0.85186499,0.19847301,5,0.87467998
1977,7,28,1.1369801,0.64891398,5,1.3091201
1977,7,29,1.15152,0.61156303,5,1.3038501
1977,7,30,0.96784401,0.38381001,5,1.04117
1977,7,31,0.98797899,0.712008,5,1.21781
1977,8,1,1.0143,0.82410002,5,1.30688
1977,8,2,1.02428,0.61179399,5,1.1930799
1977,8,3,0.87408602,0.52420902,5,1.01923
1977,8,4,0.60625303,0.46540201,5,0.764292
1977,8,5,0.37114,0.18175501,5,0.41325501
1977,8,6,-0.0218235999,-0.32023999,2,0.320981
1977,8,7,-0.59337002,-0.75738001,2,0.96213299
1977,8,8,-0.99961001,-0.99803001,1,1.41255
1977,8,9,-1.13744,-0.97083002,1,1.49541
1977,8,10,-1.4329,-0.62924999,1,1.56498
1977,8,11,-1.3176399,-0.32517999,1,1.35717
1977,8,12,-1.0293601,-0.0263480004,1,1.0297
1977,8,13,-1.06436,-0.16073,1,1.0764199
1977,8,14,-0.77916998,-0.12744001,1,0.78952098
1977,8,15,-0.54492998,-0.000824089977,1,0.54493302
1977,8,16,-0.34268999,-0.0587342009,1,0.34769201
1977,8,17,-0.1691,-0.0575280003,1,0.17862
1977,8,18,-0.00111785997,-0.25784999,2,0.25784799
1977,8,19,-0.0044639702,-0.37401,2,0.37403199
1977,8,20,0.296801,-0.65394002,3,0.71814197
1977,8,21,0.54588598,-0.80176002,3,0.96995199
1977,8,22,0.371979,-0.94871998,3,1.01904
1977,8,23,0.53422397,-1.06661,3,1.19292
1977,8,24,0.54451197,-1.06679,3,1.1977201
1977,8,25,0.60411298,-0.95046002,3,1.1262
1977,8,26,0.412314,-0.57612997,3,0.70846599
1977,8,27,0.474897,-0.1734,4,0.505566
1977,8,28,0.67009699,0.454267,5,0.80956101
1977,8,29,0.85274798,0.71258098,5,1.11128
1977,8,30,0.77593303,0.57038897,5,0.96302402
1977,8,31,0.83563,0.60857397,5,1.0337501
1977,9,1,0.96423799,0.43246299,5,1.05678
1977,9,2,1.27283,0.53913301,5,1.3823
1977,9,3,1.36821,0.34598601,5,1.41127
1977,9,4,1.46632,0.46320799,5,1.53774
1977,9,5,1.582,0.82989299,5,1.7864701
1977,9,6,1.4888901,1.07451,5,1.83613
1977,9,7,1.40069,1.4238,6,1.99728
1977,9,8,1.28054,1.62535,6,2.06919
1977,9,9,0.94474202,1.76658,6,2.00333
1977,9,10,0.65411901,1.76754,6,1.8846999
1977,9,11,0.59793401,1.59689,6,1.70516
1977,9,12,0.40889701,1.48492,6,1.54019
1977,9,13,0.13436501,1.8694299,6,1.8742501
1977,9,14,-0.0535922013,1.98088,7,1.9816
1977,9,15,0.00983502995,1.80406,6,1.80409
1977,9,16,-0.0917458013,1.65728,7,1.65982
1977,9,17,-0.29234001,1.46315,7,1.4920599
1977,9,18,-0.30915001,1.42103,7,1.45427
1977,9,19,-0.76027,1.19774,7,1.41866
1977,9,20,-1.1031899,0.90849102,8,1.4291199
1977,9,21,-1.25103,0.78715998,8,1.47807
1977,9,22,-1.42934,0.414505,8,1.48823
1977,9,23,-1.74631,-0.13463999,1,1.75149
1977,9,24,-2.0590501,-0.68921,1,2.17133
1977,9,25,-1.98783,-0.67556,1,2.0994899
1977,9,26,-2.0653601,-0.69218999,1,2.1782601
1977,9,27,-2.3582201,-1.0339299,1,2.5749099
1977,9,28,-2.2874401,-1.32406,1,2.6430199
1977,9,29,-1.93485,-1.19643,1,2.2748799
1977,9,30,-1.6324,-1.1476001,1,1.99543
1977,10,1,-1.44305,-1.2256401,1,1.8933001
1977,10,2,-1.34632,-1.1532201,1,1.77271
1977,10,3,-1.17768,-0.83375001,1,1.44294
1977,10,4,-0.84682,-0.47225001,1,0.96960002
1977,10,5,-0.64449,-0.44725999,1,0.784477
1977,10,6,-0.45346999,-0.26095,1,0.52319098
1977,10,7,-0.38637,-0.15305001,1,0.415575
1977,10,8,-0.56667,-0.0642739013,1,0.57030201
1977,10,9,-0.51441002,0.0583521985,8,0.51770997
1977,10,10,-0.61699998,0.0286130998,8,0.617661
1977,10,11,-0.57981002,0.0919808969,8,0.58705598
1977,10,12,-0.73308003,0.11069,8,0.741386
1977,10,13,-0.63631999,0.17483599,8,0.65990102
1977,10,14,-0.31755,0.151979,8,0.35204399
1977,10,15,-0.22087,-0.0237466991,1,0.222148
1977,10,16,0.0317180008,-0.18257,3,0.18529999
1977,10,17,-0.0360664986,-0.26144999,2,0.26392901
1977,10,18,0.107377,-0.0718223974,4,0.12918299
1977,10,19,0.226529,0.0901971981,5,0.243825
1977,10,20,0.31017199,0.00598193984,5,0.31022999
1977,10,21,0.118344,-0.0588165,4,0.132154
1977,10,22,-0.26346001,0.0295139998,8,0.26510799
1977,10,23,-0.62747997,-0.0502462015,1,0.629493
1977,10,24,-0.70139003,0.0102228001,8,0.70146102
1977,10,25,-0.51993001,-0.00373643008,1,0.51994801
1977,10,26,-0.69177002,0.0573538989,8,0.69414598
1977,10,27,-1.14967,-0.00728528993,1,1.14969
1977,10,28,-1.15649,0.200213,8,1.1737
1977,10,29,-1.08441,0.175925,8,1.09859
1977,10,30,-0.79108,0.163642,8,0.80783099
1977,10,31,-0.84464997,0.52181202,8,0.99283898
1977,11,1,-0.96366,0.60096198,8,1.13569
1977,11,2,-0.88793999,0.58115602,8,1.06121
1977,11,3,-0.92109001,0.30622399,8,0.970662
1977,11,4,-0.60712999,0.298439,8,0.67651403
1977,11,5,-0.36871001,0.307735,8,0.480259
1977,11,6,-0.23092,0.55279601,7,0.59908801
1977,11,7,-0.42846,0.79756802,7,0.90536797
1977,11,8,-0.80778003,0.72433102,8,1.08498
1977,11,9,-1.0136,0.465296,8,1.1153001
1977,11,10,-1.04072,0.25352901,8,1.07116
1977,11,11,-0.93844002,-0.17115,1,0.95392102
1977,11,12,-0.83590001,-0.83386999,1,1.18071
1977,11,13,-0.81274998,-1.2025,2,1.4514
1977,11,14,-0.78375,-1.6328501,2,1.8112
1977,11,15,-0.77094001,-1.78265,2,1.94221
1977,11,16,-0.73977,-2.0062101,2,2.1382599
1977,11,17,-0.56055999,-2.5134201,2,2.5751801
1977,11,18,-0.17463,-2.71117,2,2.71679
1977,11,19,0.45654199,-2.41693,3,2.4596701
1977,11,20,1.02614,-1.65794,3,1.9498
1977,11,21,1.5403301,-1.23901,4,1.97681
1977,11,22,1.5359401,-0.70627999,4,1.69055
1977,11,23,1.56285,-0.19099,4,1.5744801
1977,11,24,1.2484601,0.0207077004,5,1.2486399
1977,11,25,1.01748,0.100259,5,1.02241
1977,11,26,0.90037799,0.440074,5,1.00217
1977,11,27,0.487021,1.00588,6,1.1175801
1977,11,28,0.16656899,1.24461,6,1.25571
1977,11,29,-0.29006001,1.13375,7,1.17026
1977,11,30,-0.69806999,0.95152301,7,1.18012
1977,12,1,-0.81071001,0.822272,7,1.1547199
1977,12,2,-0.74796999,0.48715001,8,0.89262599
1977,12,3,-0.48771,0.411888,8,0.63836801
1977,12,4,-0.10343,0.288095,7,0.30609801
1977,12,5,-0.010799,0.28882599,7,0.28902701
1977,12,6,-0.11484,0.246686,7,0.27210501
1977,12,7,-0.16244,0.234368,7,0.28515601
1977,12,8,-0.30074999,0.45572799,7,0.54601997
1977,12,9,-0.34356999,0.50467598,7,0.61052501
1977,12,10,-0.53837001,0.42616099,8,0.68662399
1977,12,11,-0.71885997,0.361904,8,0.80482203
1977,12,12,-0.87283999,0.397046,8,0.95890498
1977,12,13,-0.73022997,0.487948,8,0.87825298
1977,12,14,-0.53683001,0.44101,8,0.69474602
1977,12,15,-0.65154999,0.61189801,8,0.89383602
1977,12,16,-0.65359998,0.899239,7,1.11168
1977,12,17,-0.76915002,0.94476199,7,1.21826
1977,12,18,-0.81383997,1.14283,7,1.403
1977,12,19,-0.81937999,1.18143,7,1.43776
1977,12,20,-0.67720997,1.29689,7,1.46306
1977,12,21,-0.55171001,1.0168101,7,1.15684
1977,12,22,-0.31020999,0.88736999,7,0.94002903
1977,12,23,-0.21849,0.62245703,7,0.65969002
1977,12,24,-0.33276001,0.36026499,7,0.49042901
1977,12,25,-0.71209002,0.0268018004,8,0.71259898
1977,12,26,-1.14687,-0.0693197995,1,1.14896
1977,12,27,-1.3523901,-0.28830999,1,1.38278
1977,12,28,-1.1304899,-0.46786001,1,1.22348
1977,12,29,-0.73013002,-0.51384002,1,0.89281601
1977,12,30,-0.47378001,-0.59192002,2,0.75818598
1977,12,31,-0.0538441986,-0.45096999,2,0.45417401
1978,1,1,0.264525,-0.36355999,3,0.44960901
1978,1,2,0.38427001,-0.0741667971,4,0.39136201
1978,1,3,0.276609,0.0571161993,5,0.28244501
1978,1,4,0.15752099,0.20768601,6,0.260665
1978,1,5,-0.0608766004,0.041712299,8,0.0737961978
1978,1,6,-0.22769,0.0336427987,8,0.23016299
1978,1,7,-0.23453,0.348454,7,0.42003
1978,1,8,-0.36991999,0.406872,7,0.54989302
1978,1,9,-0.57260001,0.0203159992,8,0.57296503
1978,1,10,-0.61589998,-0.36724001,1,0.71707499
1978,1,11,-0.91434997,-0.54545999,1,1.06469
1978,1,12,-0.91526997,-0.65583003,1,1.12599
1978,1,13,-0.68704998,-1.25578,2,1.43144
1978,1,14,-0.38811001,-2.1744499,2,2.2088101
1978,1,15,-0.0688097998,-2.6080599,2,2.6089699
1978,1,16,0.37370899,-2.7655499,3,2.7906899
1978,1,17,0.99761701,-2.7072501,3,2.88521
1978,1,18,1.54922,-2.42291,3,2.87586
1978,1,19,1.73265,-2.0861199,3,2.7118199
1978,1,20,2.0603299,-1.6832401,4,2.6605
1978,1,21,2.25598,-1.3674001,4,2.6380301
1978,1,22,2.1357801,-1.12142,4,2.4122901
1978,1,23,2.12953,-0.94383001,4,2.32932
1978,1,24,2.2214799,-0.64955997,4,2.3145001
1978,1,25,2.20189,-0.18009,4,2.20925
1978,1,26,2.2320399,0.31429899,5,2.25406
1978,1,27,2.04198,0.88577998,5,2.2258201
1978,1,28,2.0823801,1.2845,5,2.4466801
1978,1,29,2.2237799,1.39301,5,2.6240499
1978,1,30,2.04477,1.3859299,5,2.4702001
1978,1,31,1.78667,1.65045,5,2.4323201
1978,2,1,1.46145,1.94367,6,2.4317999
1978,2,2,1.1467,2.19733,6,2.47855
1978,2,3,0.413358,2.6547501,6,2.6867399
1978,2,4,-0.16831,3.01862,7,3.0233099
1978,2,5,-0.74360001,2.84234,7,2.938
1978,2,6,-1.36514,2.4270401,7,2.78462
1978,2,7,-1.73774,1.68744,8,2.42223
1978,2,8,-2.0046599,0.841088,8,2.17395
1978,2,9,-1.8988,0.47015801,8,1.9561501
1978,2,10,-1.82362,0.286697,8,1.84602
1978,2,11,-1.45237,0.40942901,8,1.50898
1978,2,12,-0.98238999,0.65510303,8,1.1807899
1978,2,13,-0.77495003,0.81922197,7,1.1276799
1978,2,14,-0.41811001,0.89400798,7,0.986947
1978,2,15,-0.0845163018,0.80823302,7,0.812639
1978,2,16,0.0207812004,0.72220302,6,0.72250199
1978,2,17,-0.16761,0.83108503,7,0.84781897
1978,2,18,-0.41639999,0.82236201,7,0.92177403
1978,2,19,-0.61337,0.62768501,7,0.87761599
1978,2,20,-0.86717999,0.65119499,8,1.08446
1978,2,21,-1.0303,0.69119698,8,1.24067
1978,2,22,-1.17652,0.99396902,8,1.54019
1978,2,23,-1.29216,1.16722,8,1.74128
1978,2,24,-1.62318,1.22264,8,2.03213
1978,2,25,-1.72357,1.15142,8,2.0727899
1978,2,26,-1.76956,1.09436,8,2.0806201
1978,2,27,-1.9948699,0.80482799,8,2.1510999
1978,2,28,-2.4470501,0.15578701,8,2.4520099
1978,3,1,-2.72946,-0.00548571022,1,2.72946
1978,3,2,-2.6180401,-0.21089,1,2.6265199
1978,3,3,-2.4362299,-0.54000998,1,2.4953599
1978,3,4,-2.36745,-0.85650003,1,2.5176201
1978,3,5,-2.3594601,-1.0388499,1,2.5780399
1978,3,6,-1.9037,-1.47175,1,2.40626
1978,3,7,-1.32344,-2.0604401,2,2.4488599
1978,3,8,-0.80700999,-2.2591801,2,2.3989899
1978,3,9,-0.278,-1.9356,2,1.95546
1978,3,10,0.28125399,-1.66161,3,1.68524
1978,3,11,0.904616,-1.6902699,3,1.91712
1978,3,12,1.3056999,-1.84208,3,2.2579
1978,3,13,1.37184,-2.0253401,3,2.4462099
1978,3,14,1.51555,-1.26282,4,1.97272
1978,3,15,1.6869,-0.81458998,4,1.87328
1978,3,16,1.67012,-0.75714999,4,1.83373
1979,1,1,0.142507,1.05047,6,1.0600899
1979,1,2,-0.2042,1.37361,7,1.3887
1979,1,3,-0.15861,1.53943,7,1.54758
1979,1,4,-0.18245,1.45972,7,1.4710799
1979,1,5,-0.32005,1.1368001,7,1.181
1979,1,6,-0.43246001,1.16374,7,1.2415
1979,1,7,-0.13584,1.31768,7,1.3246599
1979,1,8,0.0610270984,1.47088,6,1.47214
1979,1,9,0.49881801,1.58413,6,1.66081
1979,1,10,0.367908,1.81204,6,1.84901
1979,1,11,-0.0751914978,1.89029,7,1.89178
1979,1,12,-0.53951001,2.34341,7,2.4047201
1979,1,13,-0.75461,2.3267901,7,2.44609
1979,1,14,-0.97725999,1.9790699,7,2.2072001
1979,1,15,-0.84601003,1.7326699,7,1.92818
1979,1,16,-0.91780001,1.65666,7,1.8939101
1979,1,17,-0.81748003,2.2133999,7,2.35954
1979,1,18,-1.01495,2.41979,7,2.6240301
1979,1,19,-1.24433,2.2994499,7,2.6145401
1979,1,20,-1.70406,1.84306,7,2.5101099
1979,1,21,-2.2290201,1.30446,8,2.58266
1979,1,22,-2.4181299,0.78733999,8,2.5430801
1979,1,23,-2.19749,0.216461,8,2.2081299
1979,1,24,-2.0982201,-0.0351940989,1,2.09852
1979,1,25,-1.627,-0.0711913034,1,1.6285599
1979,1,26,-1.29933,0.0460348018,8,1.30015
1979,1,27,-1.0233001,-0.27015999,1,1.05836
1979,1,28,-0.65562999,-0.48424,1,0.81506902
1979,1,29,-0.39502001,-0.4919,2,0.63087499
1979,1,30,-0.18128,-0.74539,2,0.76711899
1979,1,31,0.128084,-0.58240002,3,0.59631401
1979,2,1,0.29133001,0.0257657003,5,0.292467
1979,2,2,0.0227863006,0.165766,6,0.16732401
1979,2,3,-0.21459,-0.14203,1,0.25733101
1979,2,4,-0.32266,-0.49125001,2,0.58773398
1979,2,5,-0.35425001,-0.51427001,2,0.62447
1979,2,6,-0.50365001,-0.69031,2,0.85451299
1979,2,7,-0.35501,-0.85974997,2,0.930161
1979,2,8,-0.0661524013,-1.0451601,2,1.04725
1979,2,9,0.18425401,-1.18536,3,1.19959
1979,2,10,0.35939601,-1.3551,3,1.40195
1979,2,11,0.384312,-1.44981,3,1.49988
1979,2,12,0.46744999,-1.42767,3,1.50225
1979,2,13,0.68421501,-1.70217,3,1.83454
1979,2,14,0.69328398,-1.71529,3,1.8501
1979,2,15,0.76665097,-1.5529799,3,1.73191
1979,2,16,0.76698601,-1.56672,3,1.74438
1979,2,17,0.49177501,-1.3446701,3,1.43177
1979,2,18,0.329052,-0.85293001,3,0.91420603
1979,2,19,0.67793,-0.47705999,4,0.82896203
1979,2,20,0.98772299,-0.34391001,4,1.04588
1979,2,21,0.82038498,-0.10587,4,0.82718801
1979,2,22,0.83217001,-0.15549,4,0.84657198
1979,2,23,0.87016398,-0.11892,4,0.87825203
1979,2,24,1.06846,-0.22383,4,1.09165
1979,2,25,0.95532203,-0.11561,4,0.96229202
1979,2,26,0.95293403,-0.38637999,4,1.02829
1979,2,27,1.14818,-0.58402002,4,1.28817
1979,2,28,0.89148498,-0.65551001,4,1.10654
1979,3,1,0.68220901,-0.56769001,4,0.88751501
1979,3,2,0.71402401,-0.44791001,4,0.84288198
1979,3,3,0.99726403,-0.49009001,4,1.1111799
1979,3,4,0.86113,-0.52350998,4,1.0077699
1979,3,5,0.78247303,-0.59341002,4,0.98203802
1979,3,6,0.86020899,-0.70280999,4,1.11081
1979,3,7,1.21244,-0.75281,4,1.42714
1979,3,8,1.55521,-0.68927997,4,1.70111
1979,3,9,2.0468299,-0.43983999,4,2.09356
1979,3,10,2.4323101,0.180324,5,2.4389801
1979,3,11,2.45823,0.506127,5,2.5097899
1979,3,12,2.4562299,0.54999799,5,2.51705
1979,3,13,2.4149001,0.51318699,5,2.4688201
1979,3,14,2.03386,0.36684999,5,2.06668
1979,3,15,1.87226,0.497899,5,1.93733
1979,3,16,1.4910901,0.43545699,5,1.55337
1979,3,17,1.02677,0.38874099,5,1.0979
1979,3,18,0.51160699,0.176935,5,0.54133803
1979,3,19,-0.0983619019,0.41062501,7,0.42224199
1979,3,20,-0.56242001,0.2974,8,0.63621199
1979,3,21,-0.84581,0.00200583995,8,0.845815
1979,3,22,-1.2388999,-0.17601,1,1.25134
1979,3,23,-1.5655,-0.42642999,1,1.62254
1979,3,24,-1.4274,-0.88938999,1,1.68181
1979,3,25,-0.84921002,-1.16299,2,1.44004
1979,3,26,-0.65432,-1.44513,2,1.58636
1979,3,27,-0.42092001,-1.15355,2,1.22794
1979,3,28,-0.0716952011,-0.99352998,2,0.99611402
1979,3,29,0.27841899,-0.82762003,3,0.8732
1979,3,30,0.43985701,-0.85618001,3,0.96255499
1979,3,31,0.33895499,-1.18882,3,1.23619
1979,4,1,0.343018,-1.12802,3,1.17902
1979,4,2,0.330973,-1.43226,3,1.47
1979,4,3,0.620067,-1.6604,3,1.7724
1979,4,4,0.84749103,-1.69901,3,1.8986501
1979,4,5,0.97226202,-1.8062201,3,2.05127
1979,4,6,1.08772,-1.7709301,3,2.0783
1979,4,7,1.22003,-1.64809,3,2.05053
1979,4,8,1.47492,-1.39386,4,2.02934
1979,4,9,1.74307,-1.05164,4,2.0357399
1979,4,10,2.0048599,-0.639,4,2.1042299
1979,4,11,2.1812501,-0.0702122003,4,2.18238
1979,4,12,2.11957,0.38530499,5,2.1543
1979,4,13,1.92713,0.816414,5,2.0929301
1979,4,14,1.39404,1.03303,5,1.73508
1979,4,15,0.984676,1.39125,6,1.70445
1979,4,16,0.54431301,1.7736,6,1.85524
1979,4,17,0.0286331996,1.91926,6,1.91947
1979,4,18,-0.41758001,1.65152,7,1.70349
1979,4,19,-0.76055998,1.5130399,7,1.69344
1979,4,20,-1.33088,1.40377,7,1.9343801
1979,4,21,-1.82699,0.88586998,8,2.0304301
1979,4,22,-2.00686,0.32139999,8,2.0324399
1979,4,23,-1.90695,-0.18456,1,1.9158601
1979,4,24,-1.7161601,-0.40265,1,1.76276
1979,4,25,-1.5779001,-0.40702,1,1.62955
1979,4,26,-1.6526999,-0.41354001,1,1.70365
1979,4,27,-1.5146199,-0.55369997,1,1.61265
1979,4,28,-1.48313,-0.82214999,1,1.69576
1979,4,29,-1.34523,-1.05098,1,1.7071
1979,4,30,-1.12556,-1.15801,2,1.61489
1979,5,1,-0.54707003,-1.5156,2,1.61131
1979,5,2,0.14435001,-1.57209,3,1.57871
1979,5,3,0.589145,-1.4309601,3,1.5475
1979,5,4,0.828628,-1.2179199,3,1.47307
1979,5,5,1.0963,-0.99869001,4,1.48299
1979,5,6,1.18766,-0.76879001,4,1.41477
1979,5,7,1.02484,-0.67333001,4,1.22624
1979,5,8,0.86756998,-0.50312001,4,1.0029
1979,5,9,0.87455899,-0.70934999,4,1.12607
1979,5,10,0.764947,-0.38762999,4,0.85755497
1979,5,11,0.83285499,-0.1242,4,0.84206498
1979,5,12,0.82370198,0.16648801,5,0.84035897
1979,5,13,1.21007,0.65887803,5,1.37782
1979,5,14,1.3176399,1.0303,5,1.67263
1979,5,15,1.21828,1.364,6,1.82885
1979,5,16,0.95948797,1.59008,6,1.8571399
1979,5,17,0.80885297,1.80487,6,1.9778301
1979,5,18,0.35432401,1.9188401,6,1.95128
1979,5,19,-0.00742910011,1.64948,7,1.6495
1979,5,20,-0.30326,1.3537,7,1.38726
1979,5,21,-0.17489,1.58753,7,1.5971299
1979,5,22,-0.43313,1.77187,7,1.8240401
1979,5,23,-0.68120998,1.5797499,7,1.7203701
1979,5,24,-0.98023999,1.39748,7,1.70699
1979,5,25,-1.56787,1.35315,8,2.0710399
1979,5,26,-2.17415,1.3489,8,2.5585999
1979,5,27,-2.4123199,0.96657801,8,2.5987599
1979,5,28,-2.5787599,0.41446,8,2.61185
1979,5,29,-2.34565,0.39014399,8,2.3778801
1979,5,30,-2.21681,0.173839,8,2.2236199
1979,5,31,-2.0160501,0.075006403,8,2.0174401
1979,6,1,-1.92933,-0.18068001,1,1.93778
1979,6,2,-2.23457,-0.29958999,1,2.25456
1979,6,3,-2.28882,-0.54163998,1,2.35203
1979,6,4,-2.3154299,-0.93699998,1,2.4978399
1979,6,5,-1.91313,-1.15387,1,2.2341599
1979,6,6,-1.42586,-1.36408,1,1.9732701
1979,6,7,-1.03467,-1.38542,2,1.72914
1979,6,8,-1.05281,-1.26272,2,1.64405
1979,6,9,-1.0538599,-1.19217,2,1.59118
1979,6,10,-1.07924,-1.31098,2,1.69807
1979,6,11,-0.74089998,-1.28818,2,1.48605
1979,6,12,-0.63112003,-1.43523,2,1.56787
1979,6,13,-0.78004003,-1.42845,2,1.62755
1979,6,14,-0.28439,-1.3849,2,1.41379
1979,6,15,0.136402,-1.58053,3,1.58641
1979,6,16,0.41792801,-1.67895,3,1.73019
1979,6,17,0.585186,-1.52284,3,1.6314
1979,6,18,1.02889,-1.37182,3,1.71479
1979,6,19,1.13955,-1.17143,3,1.6342601
1979,6,20,1.30618,-1.16298,4,1.7489001
1979,6,21,1.5357,-0.77785999,4,1.72146
1979,6,22,1.64736,-0.36074999,4,1.6864001
1979,6,23,1.63823,-0.21608999,4,1.65242
1979,6,24,1.51535,0.000418354,5,1.51535
1979,6,25,1.2040401,-0.0315034986,4,1.20445
1979,6,26,1.05191,0.187683,5,1.0685199
1979,6,27,1.0912,0.36487699,5,1.1505899
1979,6,28,0.66500098,0.61459702,5,0.905514
1979,6,29,0.4874,0.89219099,6,1.0166399
1979,6,30,0.468945,1.12546,6,1.21925
1979,7,1,0.86872298,1.3499399,6,1.60531
1979,7,2,0.580836,1.11391,6,1.25625
1979,7,3,0.152895,0.98516101,6,0.99695498
1979,7,4,-0.10614,0.92280602,7,0.92888999
1979,7,5,-0.14036,0.98875201,7,0.99866498
1979,7,6,-0.64023,0.79134399,7,1.0179
1979,7,7,-1.05362,0.74680001,8,1.29145
1979,7,8,-1.35527,0.89244801,8,1.62272
1979,7,9,-1.5955,0.960522,8,1.8623101
1979,7,10,-1.64688,0.61062098,8,1.75644
1979,7,11,-1.75971,0.20789599,8,1.77195
1979,7,12,-1.8348401,-0.14759,1,1.84077
1979,7,13,-1.53759,-0.27625,1,1.56221
1979,7,14,-1.16308,-0.0941371992,1,1.16688
1979,7,15,-1.22716,0.141644,8,1.23531
1979,7,16,-1.34059,-0.00375968008,1,1.3406
1979,7,17,-1.52336,0.0425311998,8,1.52396
1979,7,18,-1.52728,0.101474,8,1.53065
1979,7,19,-1.28951,-0.0319334008,1,1.2898999
1979,7,20,-1.31355,-0.0941902995,1,1.31692
1979,7,21,-1.46635,-0.4073,1,1.52187
1979,7,22,-1.3557301,-0.77947998,1,1.56384
1979,7,23,-1.19671,-0.95943999,1,1.5338399
1979,7,24,-0.91851002,-0.73857999,1,1.17863
1979,7,25,-0.54582,-0.65987003,2,0.85635602
1979,7,26,-0.13429999,-0.51977998,2,0.53684801
1979,7,27,0.218867,-0.35146001,3,0.41404101
1979,7,28,0.53718501,-0.17536999,4,0.56508702
1979,7,29,0.80164701,-0.2067,4,0.82786602
1979,7,30,1.0265,0.0288015995,5,1.0269001
1979,7,31,1.1881,0.18342499,5,1.20218
1979,8,1,1.66961,0.15790901,5,1.67706
1979,8,2,2.0661399,0.25404099,5,2.0817001
1979,8,3,2.3949201,0.73668301,5,2.5056601
1979,8,4,2.27139,1.05282,5,2.50352
1979,8,5,2.1329501,1.31422,5,2.5053201
1979,8,6,1.88045,1.27437,5,2.27159
1979,8,7,1.76167,1.46708,5,2.2925501
1979,8,8,1.4016,1.95303,6,2.4039099
1979,8,9,0.95945698,2.0517099,6,2.2649701
1979,8,10,0.79421997,2.01087,6,2.16203
1979,8,11,0.35583401,1.7713701,6,1.80676
1979,8,12,-0.19865,1.93413,7,1.9443001
1979,8,13,-0.33634001,1.90953,7,1.93892
1979,8,14,-0.23035,2.0337501,7,2.0467501
1979,8,15,-0.40481001,1.71039,7,1.75764
1979,8,16,-0.86900002,1.67184,7,1.88421
1979,8,17,-1.12593,1.62751,7,1.97902
1979,8,18,-1.7321301,1.37817,8,2.21351
1979,8,19,-2.1744001,0.93729299,8,2.36781
1979,8,20,-2.3368001,0.64158899,8,2.42327
1979,8,21,-2.17784,0.26483399,8,2.1938801
1979,8,22,-1.79781,-0.11385,1,1.80141
1979,8,23,-1.72577,-0.49575001,1,1.79556
1979,8,24,-2.1470499,-0.86206001,1,2.3136401
1979,8,25,-2.3203199,-0.86605,1,2.47668
1979,8,26,-2.31129,-0.86698997,1,2.46855
1979,8,27,-2.7312601,-1.02018,1,2.91557
1979,8,28,-2.88626,-1.08144,1,3.0822101
1979,8,29,-2.6187401,-1.01265,1,2.8077099
1979,8,30,-2.30655,-1.0210201,1,2.5224299
1979,8,31,-2.0969801,-0.97486001,1,2.31251
1979,9,1,-1.92808,-1.0669301,1,2.2035899
1979,9,2,-1.6255701,-1.02803,1,1.92336
1979,9,3,-1.54252,-0.92366999,1,1.79793
1979,9,4,-1.66406,-0.93572003,1,1.9091001
1979,9,5,-1.50078,-1.00589,1,1.8067
1979,9,6,-1.46208,-1.00544,1,1.77443
1979,9,7,-1.24308,-1.06513,1,1.63699
1979,9,8,-0.97691,-1.19289,2,1.54186
1979,9,9,-0.95490003,-0.99405003,2,1.37839
1979,9,10,-0.89638001,-0.82358003,1,1.21728
1979,9,11,-0.88259,-0.88121003,1,1.24719
1979,9,12,-0.88692999,-0.90644997,2,1.26819
1979,9,13,-0.88839,-0.64191002,1,1.09604
1979,9,14,-1.01344,-0.61330998,1,1.18457
1979,9,15,-0.75275999,-0.73295999,1,1.05066
1979,9,16,-0.57670999,-0.87562001,2,1.04848
1979,9,17,-0.46439999,-1.19612,2,1.28311
1979,9,18,-0.00794879999,-1.30133,2,1.30135
1979,9,19,0.47685999,-1.04897,3,1.15228
1979,9,20,0.75331599,-1.06198,3,1.30203
1979,9,21,0.997262,-1.0184,3,1.42537
1979,9,22,1.51816,-0.66636997,4,1.65797
1979,9,23,1.86658,-0.39574,4,1.90807
1979,9,24,2.27788,-0.3845,4,2.3101001
1979,9,25,2.51548,-0.10634,4,2.51773
1979,9,26,2.8959899,0.48167601,5,2.93577
1979,9,27,2.9349301,0.77542698,5,3.03564
1979,9,28,2.8910501,1.06898,5,3.08235
1979,9,29,2.9312799,1.3216799,5,3.2154701
1979,9,30,3.08868,1.51052,5,3.4382501
1979,10,1,2.8712299,1.62181,5,3.29761
1979,10,2,2.6275001,1.6891201,5,3.1236
1979,10,3,2.4047201,2.05108,5,3.16063
1979,10,4,2.3889301,2.2929299,5,3.31127
1979,10,5,2.23703,2.158,5,3.1082599
1979,10,6,1.82105,1.9857399,6,2.69432
1979,10,7,1.4049,1.93168,6,2.38854
1979,10,8,0.85681999,1.46749,6,1.69932
1979,10,9,0.3752,1.2122999,6,1.26904
1979,10,10,0.311317,1.2558,6,1.29381
1979,10,11,0.392544,1.51173,6,1.56187
1979,10,12,0.66866899,1.6254801,6,1.75764
1979,10,13,0.44405699,1.6806999,6,1.7383699
1979,10,14,0.0135859996,1.40703,6,1.4070899
1979,10,15,-0.23063,1.34658,7,1.36619
1979,10,16,-0.70674002,1.18689,7,1.3813699
1979,10,17,-1.13441,1.14467,7,1.61157
1979,10,18,-1.61353,1.13301,8,1.9716001
1979,10,19,-1.68565,1.14174,8,2.0359299
1979,10,20,-1.90825,1.03187,8,2.1693799
1979,10,21,-1.96279,0.72150499,8,2.0912001
1979,10,22,-1.8393199,0.184026,8,1.8485
1979,10,23,-1.6146899,-0.34777001,1,1.65171
1979,10,24,-1.33268,-0.24185,1,1.35445
1979,10,25,-1.21305,-0.27441999,1,1.24371
1979,10,26,-1.22822,-0.65086001,1,1.39002
1979,10,27,-1.22973,-0.80048001,1,1.46731
1979,10,28,-1.36467,-0.74484998,1,1.5547
1979,10,29,-1.2029099,-0.54610997,1,1.32107
1979,10,30,-0.97415,-0.61131001,1,1.15007
1979,10,31,-0.73970997,-0.91316003,2,1.1751699
1979,11,1,-0.82392001,-1.19415,2,1.45081
1979,11,2,-0.67716998,-1.4500999,2,1.60042
1979,11,3,-0.34717,-1.5830899,2,1.62071
1979,11,4,-0.11458,-1.43098,2,1.43556
1979,11,5,0.00760295987,-1.1887,3,1.18873
1979,11,6,0.0115740998,-0.97456998,3,0.97464103
1979,11,7,0.0842403024,-0.92778999,3,0.93160897
1979,11,8,-0.12654001,-0.91389,2,0.922607
1979,11,9,0.0658020005,-0.89788997,3,0.90030003
1979,11,10,0.0997996032,-1.08181,3,1.0864
1979,11,11,-0.0813274011,-0.96799999,2,0.971412
1979,11,12,-0.45137,-0.94713002,2,1.04918
1979,11,13,-0.62485999,-1.0486,2,1.22066
1979,11,14,-0.38284999,-1.18366,2,1.24403
1979,11,15,-0.23386,-1.5704499,2,1.58776
1979,11,16,-0.12287,-1.97454,2,1.9783601
1979,11,17,0.00479265023,-2.1203899,3,2.1203899
1979,11,18,0.17264,-2.11972,3,2.12673
1979,11,19,0.33238101,-1.9943,3,2.0218101
1979,11,20,0.456283,-2.1754999,3,2.2228301
1979,11,21,0.82350999,-2.0122099,3,2.1742001
1979,11,22,0.94504797,-1.83014,3,2.0597401
1979,11,23,1.1222301,-1.8532701,3,2.1665699
1979,11,24,1.1054,-1.46041,3,1.8315901
1979,11,25,1.14273,-1.1624399,3,1.63006
1979,11,26,1.2173899,-1.03114,4,1.59539
1979,11,27,1.1980799,-0.81629002,4,1.44973
1979,11,28,1.10987,-0.48528001,4,1.21132
1979,11,29,0.96203703,-0.30162999,4,1.0082099
1979,11,30,0.93590802,-0.33768001,4,0.99496198
1979,12,1,0.89146,-0.11896,4,0.89936298
1979,12,2,1.02667,-0.13950001,4,1.03611
1979,12,3,0.87936902,0.0477853008,5,0.88066602
1979,12,4,1.02579,0.48207599,5,1.13342
1979,12,5,0.83883703,0.70175999,5,1.09367
1979,12,6,0.58718902,0.730353,6,0.93712699
1979,12,7,0.48602799,0.73601699,6,0.88201201
1979,12,8,0.580019,1.09103,6,1.23562
1979,12,9,0.66448998,1.13598,6,1.3160501
1979,12,10,0.56651402,1.20665,6,1.33302
1979,12,11,0.367291,1.40354,6,1.4507999
1979,12,12,0.000212882995,1.5039901,6,1.5039901
1979,12,13,-0.26515999,1.4172699,7,1.44186
1979,12,14,-0.46810001,1.11727,7,1.21137
1979,12,15,-0.65074003,0.77144003,7,1.00925
1979,12,16,-0.91079998,0.529239,8,1.0534
1979,12,17,-0.99772,0.352898,8,1.05829
1979,12,18,-0.93208998,0.21581399,8,0.95674503
1979,12,19,-0.74065,-0.0215054005,1,0.74096602
1979,12,20,-0.42484999,-0.33074,1,0.53841299
1979,12,21,-0.0756130964,-0.76646,2,0.77018303
1979,12,22,-0.0947749019,-0.91828001,2,0.92315698
1979,12,23,0.0845706016,-0.61434001,3,0.62013501
1979,12,24,0.51309198,-0.30050001,4,0.59461403
1979,12,25,0.74129498,-0.52133,4,0.90625799
1979,12,26,0.84401703,-1.01256,3,1.3182
1979,12,27,0.62790602,-1.16114,3,1.32004
1979,12,28,0.72176403,-1.1876,3,1.38972
1979,12,29,0.97837198,-0.79900998,4,1.26318
1979,12,30,1.05768,-0.61475003,4,1.2233599
1979,12,31,0.84337997,-0.31036001,4,0.89867401
1980,1,1,0.81158602,-0.0664675981,4,0.81430298
1980,1,2,0.70508802,-0.0296842996,4,0.70571202
1980,1,3,0.66273302,0.0371988006,5,0.66377598
1980,1,4,0.61483997,0.21363001,5,0.65089601
1980,1,5,0.70287699,0.490769,5,0.85725701
1980,1,6,0.75870401,0.60417497,5,0.96987599
1980,1,7,0.67490202,0.37900099,5,0.774037
1980,1,8,0.764337,0.197338,5,0.78939998
1980,1,9,0.79588002,0.209051,5,0.822878
1980,1,10,0.93735802,0.25680801,5,0.971901
1980,1,11,0.91751301,0.25690401,5,0.95280099
1980,1,12,0.62212801,0.0601833984,5,0.62503201
1980,1,13,0.46970299,-0.16064,4,0.49641299
1980,1,14,0.33245999,-0.2086,4,0.39248601
1980,1,15,0.0168979,-0.44205999,3,0.44238099
1980,1,16,-0.21734001,-0.95670003,2,0.98107499
1980,1,17,-0.17184,-1.20886,2,1.22102
1980,1,18,-0.0866091996,-1.07414,2,1.07763
1980,1,19,0.0963959023,-0.61123002,3,0.61878598
1980,1,20,0.50621098,-0.35878,4,0.620462
1980,1,21,0.53283799,-0.21610001,4,0.57499099
1980,1,22,0.47165,-0.33113,4,0.57628101
1980,1,23,0.68461001,-0.54715002,4,0.87639397
1980,1,24,0.84736502,-0.60159999,4,1.03921
1980,1,25,0.81304801,-0.30063999,4,0.86685097
1980,1,26,0.66526198,-0.0844170004,4,0.67059702
1980,1,27,0.62538201,0.14944901,5,0.64299101
1980,1,28,0.82194197,0.0229614992,5,0.822263
1980,1,29,0.96720999,-0.0567325018,4,0.96887201
1980,1,30,0.87656897,0.1141,5,0.883964
1980,1,31,0.51901698,0.70504099,6,0.87547702
1980,2,1,0.233045,0.901784,6,0.931409
1980,2,2,-0.24327999,0.76915997,7,0.80671799
1980,2,3,-0.39820999,0.81482899,7,0.906928
1980,2,4,-0.14779,1.11489,7,1.12464
1980,2,5,0.0196656007,1.05255,6,1.05273
1980,2,6,-0.0809400007,0.84811097,7,0.851964
1980,2,7,-0.32124001,0.74163401,7,0.80821902
1980,2,8,-0.49851999,0.82187098,7,0.96124399
1980,2,9,-0.51025999,0.70109302,7,0.86711699
1980,2,10,-0.52833003,0.83353198,7,0.98686898
1980,2,11,-0.72166997,0.77766103,7,1.06093
1980,2,12,-0.52811998,1.05293,7,1.17796
1980,2,13,-0.44819,0.993433,7,1.08986
1980,2,14,-0.32365,0.78509903,7,0.849195
1980,2,15,-0.36265001,0.60715801,7,0.70721799
1980,2,16,-0.36781001,0.43925601,7,0.57291502
1980,2,17,-0.29955,0.26092499,8,0.39726001
1980,2,18,-0.12333,0.33980399,7,0.36149201
1980,2,19,0.0895472988,0.0824073032,5,0.121695
1980,2,20,0.0715968981,0.0690639988,5,0.0994784012
1980,2,21,0.281596,0.24561401,5,0.37366101
1980,2,22,0.44250599,0.446033,6,0.62829697
1980,2,23,0.41584301,0.58643901,6,0.71891302
1980,2,24,0.30460799,0.26958501,5,0.40676999
1980,2,25,0.0914741009,-0.17942999,3,0.20140199
1980,2,26,0.0559412017,-0.25916001,3,0.26513299
1980,2,27,0.31326801,-0.29811001,4,0.43244201
1980,2,28,0.480836,-0.65562999,3,0.81305301
1980,2,29,0.172521,-0.62696999,3,0.65026897
1980,3,1,0.0480426997,-0.51520997,3,0.51744199
1980,3,2,-0.0108145,-0.74273002,2,0.74281102
1980,3,3,-0.0151589001,-0.75049001,2,0.75063998
1980,3,4,0.15880799,-0.76555997,3,0.78185397
1980,3,5,0.51386201,-0.80956,3,0.95887399
1980,3,6,0.70363301,-1.02639,3,1.2444201
1980,3,7,1.1100399,-0.88705999,4,1.42094
1980,3,8,1.3751,-0.76165003,4,1.57195
1980,3,9,1.7723401,-0.58227998,4,1.86554
1980,3,10,1.52907,-0.6322,4,1.65461
1980,3,11,1.31934,-0.38672999,4,1.37485
1980,3,12,1.37726,0.0205239002,5,1.3774101
1980,3,13,0.93082702,0.0900465995,5,0.93517202
1980,3,14,0.94233698,0.225135,5,0.968858
1980,3,15,1.23985,0.140948,5,1.24783
1980,3,16,0.91166401,0.20553701,5,0.93454599
1980,3,17,0.71530902,0.72222,6,1.0165
1980,3,18,0.70708698,1.23332,6,1.42164
1980,3,19,0.73164701,1.4139301,6,1.59202
1980,3,20,0.66383702,1.40415,6,1.55316
1980,3,21,0.37003499,1.5035501,6,1.5484101
1980,3,22,0.356062,1.41811,6,1.4621201
1980,3,23,0.48897699,1.36887,6,1.45358
1980,3,24,0.370689,1.47068,6,1.51667
1980,3,25,0.0385956988,1.56006,6,1.56054
1980,3,26,-0.10629,1.63858,7,1.64202
1980,3,27,-0.45242,1.7503,7,1.80783
1980,3,28,-0.67717999,1.67788,7,1.8093801
1980,3,29,-1.1851799,1.66754,7,2.04581
1980,3,30,-1.86396,1.54808,8,2.4229901
1980,3,31,-2.4639201,1.49018,8,2.8794999
1980,4,1,-2.3533299,1.09376,8,2.5950799
1980,4,2,-2.3154299,0.64704299,8,2.40414
1980,4,3,-2.0057099,0.222192,8,2.0179801
1980,4,4,-1.78602,-0.0189638995,1,1.7861201
1980,4,5,-1.61279,-0.32115,1,1.64446
1980,4,6,-1.38275,-0.55729997,1,1.4908299
1980,4,7,-1.23657,-0.83157998,1,1.49018
1980,4,8,-0.94318998,-1.06706,2,1.42415
1980,4,9,-0.66811001,-1.22376,2,1.39426
1980,4,10,-0.29965001,-1.6331199,2,1.66038
1980,4,11,-0.1552,-1.80085,2,1.80752
1980,4,12,0.56114799,-1.83597,3,1.9198101
1980,4,13,1.15201,-1.8262,3,2.1592
1980,4,14,1.66438,-1.57847,4,2.2938499
1980,4,15,1.92404,-1.16518,4,2.2493501
1980,4,16,2.11116,-0.62755001,4,2.2024601
1980,4,17,2.1045499,-0.1143,4,2.10765
1980,4,18,1.94024,0.33879799,5,1.9696
1980,4,19,1.63823,0.66931802,5,1.76968
1980,4,20,1.53982,1.32594,5,2.0320401
1980,4,21,1.2665,1.54891,6,2.0007801
1980,4,22,0.94642699,1.63279,6,1.88726
1980,4,23,0.757792,1.67301,6,1.83663
1980,4,24,0.174413,1.46004,6,1.47042
1980,4,25,-0.17613,1.25485,7,1.26715
1980,4,26,-0.53250998,0.996207,7,1.1296
1980,4,27,-0.66852999,0.626086,8,0.91592199
1980,4,28,-0.60597003,0.314412,8,0.68268001
1980,4,29,-0.52784997,0.0365008004,8,0.52911001
1980,4,30,-0.68855,-0.11104,1,0.69744599
1980,5,1,-0.66882998,-0.20614,1,0.69987702
1980,5,2,-0.49351999,-0.28856999,1,0.57169598
1980,5,3,-0.17722,-0.37255001,2,0.41255501
1980,5,4,-0.0185106006,-0.36816999,2,0.36863101
1980,5,5,0.143794,-0.36287001,3,0.39032301
1980,5,6,0.29439399,-0.22744,4,0.37201801
1980,5,7,0.315586,-0.23501,4,0.39347699
1980,5,8,0.60933799,-0.27987,4,0.67053801
1980,5,9,0.700086,0.113909,5,0.70929199
1980,5,10,0.68784702,0.40417001,5,0.79780102
1980,5,11,0.62743902,0.65728402,6,0.90868098
1980,5,12,0.28572199,0.43882,6,0.52364099
1980,5,13,0.13390701,0.065450497,5,0.149046
1980,5,14,0.0232146997,-0.0724150017,3,0.0760449991
1980,5,15,0.074637197,0.0898656994,6,0.116818
1980,5,16,-0.10537,0.159141,7,0.190865
1980,5,17,-0.1714,0.13834,8,0.220265
1980,5,18,-0.060800299,-0.0537646003,1,0.0811623037
1980,5,19,-0.21114001,-0.23117,2,0.31308401
1980,5,20,-0.33726999,-0.27142,1,0.43292499
1980,5,21,-0.14564,-0.50847,2,0.52891898
1980,5,22,-0.14241999,-0.58836001,2,0.60535598
1980,5,23,0.0381315015,-0.64447999,3,0.64560598
1980,5,24,-0.063943103,-0.52490997,2,0.52879101
1980,5,25,-0.0762540996,-0.60817999,2,0.61294198
1980,5,26,-0.29095,-0.56342,2,0.63410997
1980,5,27,-0.2931,-0.78591001,2,0.83878702
1980,5,28,-0.50127,-0.91996002,2,1.04766
1980,5,29,-0.90483999,-0.64932001,1,1.11371
1980,5,30,-0.98888999,-0.57251,1,1.14266
1980,5,31,-0.96644998,-0.60187,1,1.13854
1980,6,1,-0.99014002,-0.71103001,1,1.21899
1980,6,2,-1.02716,-0.64344001,1,1.21205
1980,6,3,-0.85640001,-0.60455,1,1.04828
1980,6,4,-0.48411,-0.78779,2,0.92464799
1980,6,5,-0.31955001,-0.61264002,2,0.69096899
1980,6,6,-0.0500014983,-0.27226999,2,0.27682099
1980,6,7,0.287238,-0.0331088006,4,0.289139
1980,6,8,0.468234,-0.0674270988,4,0.47306401
1980,6,9,0.63169497,-0.0307246,4,0.63244098
1980,6,10,0.76264399,0.0654133037,5,0.76544499
1980,6,11,0.74004602,-0.0136409001,4,0.74017203
1980,6,12,0.71647298,0.185105,5,0.73999798
1980,6,13,0.21955299,0.367679,6,0.428242
1980,6,14,-0.11777,0.38574901,7,0.40332699
1980,6,15,-0.34060001,0.17131101,8,0.381257
1980,6,16,-0.57371002,-0.0999564007,1,0.582349
1980,6,17,-0.61185002,-0.46606001,1,0.76913399
1980,6,18,-0.1612,-0.64591002,2,0.66572303
1980,6,19,0.20334101,-0.74194002,3,0.76930201
1980,6,20,0.45355499,-0.57551003,3,0.73274899
1980,6,21,0.354368,-0.44924,3,0.57218099
1980,6,22,0.40449199,-0.58693999,3,0.71282297
1980,6,23,0.51613599,-0.63980001,3,0.82203603
1980,6,24,0.64493001,-0.55111998,4,0.84833199
1980,6,25,0.72925597,-0.44547999,4,0.85455602
1980,6,26,0.556876,-0.42526999,4,0.70068699
1980,6,27,0.40000701,-0.17498,4,0.43660399
1980,6,28,0.44729099,-0.12564,4,0.46460199
1980,6,29,0.55723703,-0.15409,4,0.57814801
1980,6,30,0.45609599,-0.24574,4,0.51808399
1980,7,1,0.60404998,-0.0594828017,4,0.60697198
1980,7,2,1.00869,-0.0856605992,4,1.01232
1980,7,3,1.3285,0.35828599,5,1.37596
1980,7,4,1.29503,0.53529602,5,1.4013
1980,7,5,0.92235702,0.58537799,5,1.09243
1980,7,6,0.64124203,0.52980202,5,0.83179402
1980,7,7,0.524993,0.58849299,6,0.78863299
1980,7,8,0.49468499,0.71402103,6,0.86864197
1980,7,9,0.23618799,0.563685,6,0.61116701
1980,7,10,-0.10667,0.33007801,7,0.34688801
1980,7,11,-0.44508001,0.32631099,8,0.55188298
1980,7,12,-0.53314,0.10832,8,0.54403502
1980,7,13,-0.57476002,-0.0203111004,1,0.57511997
1980,7,14,-0.62281001,-0.34112,1,0.71010703
1980,7,15,-0.63141,-0.56629997,1,0.84815699
1980,7,16,-0.55258,-0.15121,1,0.57289201
1980,7,17,-0.45894,0.0221487992,8,0.45947599
1980,7,18,-0.16495,0.0458910018,8,0.171215
1980,7,19,-0.12864,0.00994324032,8,0.129023
1980,7,20,-0.30377999,-0.27193001,1,0.407709
1980,7,21,-0.37402999,-0.44108999,2,0.57832903
1980,7,22,-0.36916,-0.74769002,2,0.83385998
1980,7,23,-0.38457999,-0.80940002,2,0.89612198
1980,7,24,-0.58464998,-0.62607002,2,0.85660702
1980,7,25,-0.46101001,-0.76962,2,0.89713198
1980,7,26,-0.69634002,-0.88857001,2,1.1289099
1980,7,27,-1.04908,-0.6717,1,1.24569
1980,7,28,-1.0287499,-0.55580002,1,1.1692899
1980,7,29,-0.98931998,-0.31049001,1,1.0369
1980,7,30,-1.00019,-0.16834,1,1.0142601
1980,7,31,-0.98193002,-0.25971001,1,1.0157
1980,8,1,-1.09148,-0.65344,1,1.27213
1980,8,2,-0.98881,-0.74779999,1,1.23974
1980,8,3,-0.79412001,-0.74080002,1,1.08601
1980,8,4,-0.64671999,-0.66553998,2,0.92800403
1980,8,5,-0.65899003,-0.54150999,1,0.852934
1980,8,6,-0.67022002,-0.42214999,1,0.79209101
1980,8,7,-0.81840003,-0.63753003,1,1.03741
1980,8,8,-0.87585002,-0.49568999,1,1.00639
1980,8,9,-1.04786,-0.34907001,1,1.10448
1980,8,10,-1.20897,-0.15367,1,1.2187001
1980,8,11,-1.45192,-0.0890460983,1,1.45464
1980,8,12,-1.24663,-0.0419740006,1,1.24733
1980,8,13,-0.92453998,-0.13342001,1,0.93411201
1980,8,14,-0.72084999,-0.1824,1,0.74356598
1980,8,15,-0.54385,-0.22493,1,0.58853197
1980,8,16,-0.28437999,-0.43643001,2,0.52090597
1980,8,17,-0.00726742996,-0.62357002,2,0.62360901
1980,8,18,0.31566101,-0.88977998,3,0.94411302
1980,8,19,0.30883601,-1.19441,3,1.23369
1980,8,20,0.70594198,-1.25585,3,1.44067
1980,8,21,1.0189,-0.86619002,4,1.33733
1980,8,22,1.48929,-0.46915999,4,1.56144
1980,8,23,1.68477,-0.15515999,4,1.6919
1980,8,24,1.73773,0.251037,5,1.75577
1980,8,25,1.77846,0.35373801,5,1.81329
1980,8,26,1.56338,0.229385,5,1.58011
1980,8,27,1.56743,0.183437,5,1.57813
1980,8,28,1.46909,0.41793501,5,1.52738
1980,8,29,1.1591901,0.277917,5,1.19204
1980,8,30,0.897331,0.21696299,5,0.92318797
1980,8,31,0.804775,0.16206101,5,0.82093
1980,9,1,0.99988103,-0.0693486035,4,1.00228
1980,9,2,1.01797,-0.26914999,4,1.05295
1980,9,3,0.93101901,-0.20716999,4,0.95379102
1980,9,4,0.92391199,0.0318796001,5,0.92446202
1980,9,5,1.02712,0.201776,5,1.0467499
1980,9,6,1.0589499,0.43268299,5,1.14393
1980,9,7,1.03765,0.42939699,5,1.12298
1980,9,8,1.19787,0.803455,5,1.4423701
1980,9,9,1.27039,1.13061,5,1.70064
1980,9,10,1.18792,1.07732,5,1.60368
1980,9,11,0.86159199,1.28769,6,1.54935
1980,9,12,0.64060801,1.4687901,6,1.60241
1980,9,13,0.60449702,1.3460701,6,1.47558
1980,9,14,0.191902,1.20749,6,1.2226501
1980,9,15,-0.12073,1.02105,7,1.02817
1980,9,16,-0.39308,0.87293297,7,0.95735198
1980,9,17,-0.87168002,0.47522801,8,0.992809
1980,9,18,-0.99866003,-0.000917345984,1,0.99865901
1980,9,19,-0.99980003,-0.50994003,1,1.12233
1980,9,20,-1.26966,-0.75889999,1,1.47918
1980,9,21,-1.5321,-0.9429,1,1.799
1980,9,22,-1.46983,-0.97360998,1,1.7630399
1980,9,23,-1.3508199,-0.81576002,1,1.57803
1980,9,24,-1.19436,-0.53547001,1,1.30891
1980,9,25,-0.90359998,-0.0856152028,1,0.907646
1980,9,26,-0.60000998,0.175771,8,0.62522399
1980,9,27,-0.38044,0.1187,8,0.39852601
1980,9,28,-0.40896001,0.016671,8,0.409298
1980,9,29,-0.44589999,0.29532301,8,0.53482699
1980,9,30,-0.30713001,0.29961699,8,0.42906499
1980,10,1,-0.20994,0.225485,7,0.30808499
1980,10,2,-0.14651,0.167015,7,0.222167
1980,10,3,-0.0781326964,0.0994333997,7,0.126458
1980,10,4,-0.20462,-0.32168999,2,0.38124701
1980,10,5,-0.47411999,-0.74457002,2,0.88271499
1980,10,6,-0.53301001,-0.89305001,2,1.04001
1980,10,7,-0.53792,-0.79764003,2,0.96207702
1980,10,8,-0.67401999,-0.85255998,2,1.08682
1980,10,9,-0.61607999,-0.95271999,2,1.13456
1980,10,10,-0.46566001,-0.79220003,2,0.91892302
1980,10,11,-0.00488684,-0.90114999,2,0.90116698
1980,10,12,0.20379101,-0.97811002,3,0.999116
1980,10,13,0.159319,-1.11212,3,1.1234699
1980,10,14,0.144988,-1.26621,3,1.27449
1980,10,15,0.23463,-1.26864,3,1.29015
1980,10,16,0.42379299,-0.90161002,3,0.99624503
1980,10,17,0.90380299,-0.42893001,4,1.00042
1980,10,18,1.1586,-0.17254999,4,1.17138
1980,10,19,1.27659,0.0645987988,5,1.2782201
1980,10,20,1.35998,0.33773699,5,1.4012901
1980,10,21,1.32253,0.70316899,5,1.49784
1980,10,22,1.40755,0.56848103,5,1.51802
1980,10,23,1.57102,0.772506,5,1.75067
1980,10,24,1.57977,1.01818,5,1.87946
1980,10,25,1.43969,1.03462,5,1.77289
1980,10,26,1.23518,1.12336,5,1.66961
1980,10,27,0.69629103,1.14832,6,1.34293
1980,10,28,0.440193,1.28254,6,1.35598
1980,10,29,0.0591489002,1.10384,6,1.10543
1980,10,30,-0.0875874013,0.94206297,7,0.94612598
1980,10,31,-0.1096,0.97829199,7,0.98441303
1980,11,1,-0.2262,0.89160001,7,0.919846
1980,11,2,-0.24392,0.73641801,7,0.77576202
1980,11,3,-0.39017001,0.65874702,7,0.76562601
1980,11,4,-0.60968,0.74760801,7,0.96468902
1980,11,5,-0.78672999,0.47894001,8,0.92104399
1980,11,6,-0.55650002,0.20845599,8,0.59425801
1980,11,7,-0.50985003,0.16994201,8,0.53742802
1980,11,8,-0.58889002,0.30762899,8,0.66440099
1980,11,9,-0.89337999,0.0472686999,8,0.89463401
1980,11,10,-1.11971,-0.2287,1,1.14283
1980,11,11,-1.06319,-0.61201,1,1.22675
1980,11,12,-0.91552001,-0.83126998,1,1.2366101
1980,11,13,-0.78773999,-0.89367998,2,1.1913
1980,11,14,-0.70279002,-1.10674,2,1.31102
1980,11,15,-0.43061,-1.17247,2,1.24904
1980,11,16,-0.0998637006,-1.22803,2,1.23209
1980,11,17,-0.14022,-1.07218,2,1.08131
1980,11,18,-0.10346,-0.89016998,2,0.89615899
1980,11,19,-0.076403603,-0.77881002,2,0.78254801
1980,11,20,0.140754,-0.72877997,3,0.74224502
1980,11,21,0.49458799,-0.62230003,3,0.79490602
1980,11,22,0.47954199,-0.32624999,4,0.57999998
1980,11,23,0.206421,-0.25443,3,0.32763401
1980,11,24,0.0516294986,-0.00624922011,4,0.0520064011
1980,11,25,0.0666218027,0.22010399,6,0.229965
1980,11,26,-0.22419,0.219127,8,0.313492
1980,11,27,-0.51677001,0.162719,8,0.54177898
1980,11,28,-0.61242002,-0.0525830984,1,0.61467201
1980,11,29,-0.44494,-0.25292999,1,0.51180899
1980,11,30,-0.28501001,-0.40099999,2,0.491972
1980,12,1,0.0359513015,-0.40968999,3,0.411266
1980,12,2,-0.0318595991,-0.52068001,2,0.52165401
1980,12,3,0.166464,-0.44929999,3,0.479148
1980,12,4,0.29083601,-0.33706999,3,0.445196
1980,12,5,0.27260801,-0.22494,4,0.35343301
1980,12,6,0.34308299,-0.18691,4,0.39069301
1980,12,7,0.42058301,-0.0108364001,4,0.42072201
1980,12,8,0.46231899,-0.0170236006,4,0.462632
1980,12,9,0.26081601,-0.19988,4,0.32859701
1980,12,10,0.128784,-0.36449,3,0.38656801
1980,12,11,0.0293313004,-0.42478999,3,0.42580101
1980,12,12,-0.0804165006,-0.41993001,2,0.42755899
1980,12,13,-0.0192750003,-0.18520001,2,0.186197
1980,12,14,-0.14703,-0.16542999,2,0.221325
1980,12,15,-0.13422,0.0341547988,8,0.138494
1980,12,16,-0.0748666003,0.12905601,7,0.14919899
1980,12,17,0.0909935981,0.39924601,6,0.409484
1980,12,18,0.41125399,0.26010099,5,0.48660299
1980,12,19,0.36161399,0.236553,5,0.43211299
1980,12,20,0.202455,0.31790799,6,0.37689999
1980,12,21,0.292142,0.42427599,6,0.51512903
1980,12,22,0.31171301,0.452833,6,0.549748
1980,12,23,-0.10087,0.49854499,7,0.50864702
1980,12,24,-0.35888001,0.41095799,7,0.54560298
1980,12,25,-0.38262999,0.26236001,8,0.46393901
1980,12,26,-0.41214001,0.0701102987,8,0.41806301
1980,12,27,-0.14127,-0.0818065032,1,0.163249
1980,12,28,-0.28571001,-0.33884001,2,0.44321701
1980,12,29,-0.53425997,-0.71938998,2,0.89607799
1980,12,30,-0.67434001,-0.79067999,2,1.0391901
1980,12,31,-0.68255001,-0.76046002,2,1.02185
1981,1,1,-0.34276,-0.73729002,2,0.81307203
1981,1,2,-0.0673926026,-0.85088998,2,0.85355502
1981,1,3,0.229987,-0.41260001,3,0.47237301
1981,1,4,0.243862,0.0198388007,5,0.24466801
1981,1,5,0.43657401,0.41648901,5,0.603374
1981,1,6,0.43867299,0.257388,5,0.50860798
1981,1,7,0.0334060006,0.306934,6,0.30874699
1981,1,8,-0.10953,0.21976601,7,0.245547
1981,1,9,-0.00789591018,0.458453,7,0.45852101
1981,1,10,0.0377968997,0.27662799,6,0.27919799
1981,1,11,-0.0281742997,0.30305299,7,0.30436
1981,1,12,-0.0741135031,0.67077303,7,0.67485499
1981,1,13,-0.0028746,0.880422,7,0.880427
1981,1,14,0.074870199,1.04475,6,1.04743
1981,1,15,0.0124415997,1.27599,6,1.27605
1981,1,16,-0.25483,1.51033,7,1.53168
1981,1,17,-0.39021,1.67662,7,1.7214299
1981,1,18,-0.45375001,1.7329201,7,1.79134
1981,1,19,-0.57870001,1.59281,7,1.69468
1981,1,20,-0.94817001,1.4224,7,1.70946
1981,1,21,-1.14395,1.18832,7,1.64946
1981,1,22,-0.89710999,0.67139101,8,1.12052
1981,1,23,-0.75964999,0.16568901,8,0.77750897
1981,1,24,-0.71472001,-0.0608148016,1,0.71730399
1981,1,25,-0.74601001,-0.061418701,1,0.748537
1981,1,26,-0.43887001,0.37137401,8,0.574911
1981,1,27,-0.34246999,0.481015,7,0.59047598
1981,1,28,-0.0809959024,0.51706898,7,0.52337497
1981,1,29,0.173778,0.59368497,6,0.61859602
1981,1,30,0.37380901,0.53136098,6,0.64967501
1981,1,31,0.0900181979,0.30783099,6,0.320723
1981,2,1,0.0557533018,0.83349699,6,0.83535898
1981,2,2,0.131266,1.3787,6,1.38494
1981,2,3,0.00988535956,1.47905,6,1.47909
1981,2,4,-0.17644,1.45996,7,1.47058
1981,2,5,-0.56206,1.46784,7,1.57177
1981,2,6,-0.51238,1.3479,7,1.442
1981,2,7,-0.70773,0.97654599,7,1.20603
1981,2,8,-0.49539,1.01999,7,1.13393
1981,2,9,-0.45601001,1.13702,7,1.22505
1981,2,10,-0.17084,1.12334,7,1.13626
1981,2,11,0.0413018987,1.25138,6,1.2520601
1981,2,12,0.211022,1.4087501,6,1.4244601
1981,2,13,0.26495999,1.46336,6,1.48715
1981,2,14,0.43025401,1.5118999,6,1.5719301
1981,2,15,0.223695,1.4667701,6,1.48373
1981,2,16,-0.10599,1.46489,7,1.46872
1981,2,17,-0.40145999,1.57842,7,1.62867
1981,2,18,-0.81614,1.5091,7,1.71566
1981,2,19,-1.1894,1.52773,7,1.9361399
1981,2,20,-1.12666,1.70502,7,2.0436399
1981,2,21,-0.95669001,1.7488199,7,1.9934
1981,2,22,-0.65934998,1.74936,7,1.86949
1981,2,23,-0.47670001,1.80286,7,1.86482
1981,2,24,-0.16898,1.7565399,7,1.76465
1981,2,25,0.0530188009,1.78861,6,1.7894
1981,2,26,0.241565,1.9093,6,1.92452
1981,2,27,-0.0246156994,1.86508,7,1.86524
1981,2,28,-0.39651,1.7142,7,1.75946
1981,3,1,-0.75185001,1.87484,7,2.01998
1981,3,2,-1.18979,1.9529901,7,2.28687
1981,3,3,-1.70899,2.0025899,7,2.6326799
1981,3,4,-1.95346,1.60142,8,2.52598
1981,3,5,-2.1570599,1.23315,8,2.4846699
1981,3,6,-2.3473201,1.35926,8,2.7124701
1981,3,7,-2.36515,1.51551,8,2.8090401
1981,3,8,-2.2356801,1.27005,8,2.57125
1981,3,9,-2.0673299,1.11215,8,2.3475001
1981,3,10,-1.8576601,0.91600001,8,2.0712199
1981,3,11,-1.8904099,0.62481499,8,1.99099
1981,3,12,-2.0792401,0.600236,8,2.16415
1981,3,13,-2.57359,0.623694,8,2.6480899
1981,3,14,-2.93683,0.25226399,8,2.94765
1981,3,15,-3.0385799,0.0615812019,8,3.0392101
1981,3,16,-2.7950301,-0.1348,1,2.79828
1981,3,17,-2.6388199,-0.41154,1,2.6707201
1981,3,18,-2.59512,-1.00778,1,2.7839301
1981,3,19,-2.56358,-1.40596,1,2.92381
1981,3,20,-2.4274001,-1.82013,1,3.0339999
1981,3,21,-2.0980699,-1.86913,1,2.8099
1981,3,22,-1.62807,-2.08955,2,2.6489301
1981,3,23,-1.16278,-2.4386499,2,2.7016799
1981,3,24,-0.91303998,-2.85147,2,2.9940801
1981,3,25,-0.61821002,-2.7014599,2,2.7712901
1981,3,26,-0.22821,-2.8417799,2,2.85093
1981,3,27,0.10018,-3.0360899,3,3.03774
1981,3,28,0.54051399,-3.1234601,3,3.1698799
1981,3,29,0.78038502,-2.8735499,3,2.9776299
1981,3,30,0.94356,-2.66272,3,2.82495
1981,3,31,1.36584,-2.5479801,3,2.89097
1981,4,1,1.7405601,-2.39395,3,2.95982
1981,4,2,2.0764201,-2.2600901,3,3.0691299
1981,4,3,2.1754,-2.0556099,4,2.99298
1981,4,4,2.3432801,-1.85467,4,2.98844
1981,4,5,2.6378801,-1.70723,4,3.1421399
1981,4,6,2.8187201,-1.55995,4,3.22159
1981,4,7,2.62729,-1.15734,4,2.8708999
1981,4,8,2.1612,-0.62628001,4,2.2501199
1981,4,9,2.03297,0.170756,5,2.0401299
1981,4,10,2.00688,0.56395602,5,2.08462
1981,4,11,1.69293,0.92809403,5,1.93064
1981,4,12,1.11288,1.18636,6,1.6266299
1981,4,13,0.47894299,1.16807,6,1.26244
1981,4,14,0.13668001,1.2126499,6,1.22033
1981,4,15,-0.0366216004,1.15614,7,1.15672
1981,4,16,-0.22985999,1.0901999,7,1.11417
1981,4,17,-0.16875,0.98869699,7,1.003
1981,4,18,-0.25040001,0.92573297,7,0.95899999
1981,4,19,-0.34801999,1.1442,7,1.19596
1981,4,20,-0.45144999,1.24764,7,1.32681
1981,4,21,-0.25593999,1.24795,7,1.27393
1981,4,22,-0.27246001,1.0305901,7,1.066
1981,4,23,-0.32133001,0.93587101,7,0.98949999
1981,4,24,-0.33410001,1.00178,7,1.05602
1981,4,25,-0.73369998,1.20956,7,1.4147
1981,4,26,-1.21843,1.16216,8,1.6838
1981,4,27,-1.56183,0.90423799,8,1.8047
1981,4,28,-1.76017,0.66568601,8,1.88184
1981,4,29,-2.0572901,0.268235,8,2.0747001
1981,4,30,-2.3615799,-0.31064999,1,2.3819201
1981,5,1,-2.55003,-0.48541999,1,2.59582
1981,5,2,-2.25085,-0.72490001,1,2.3647001
1981,5,3,-1.67055,-0.83319002,1,1.8668
1981,5,4,-1.63797,-1.21254,1,2.03794
1981,5,5,-1.49988,-1.3249201,1,2.00126
1981,5,6,-1.28396,-1.32941,2,1.84821
1981,5,7,-0.88567001,-1.34662,2,1.61177
1981,5,8,-0.55662,-1.48168,2,1.58278
1981,5,9,-0.43529001,-1.48095,2,1.5436
1981,5,10,-0.14602999,-1.60747,2,1.61409
1981,5,11,0.13689101,-1.90547,3,1.91039
1981,5,12,0.59108299,-1.61589,3,1.7206
1981,5,13,0.83810002,-1.53352,3,1.7475899
1981,5,14,0.76818699,-1.59753,3,1.77263
1981,5,15,0.95850998,-1.57832,3,1.84657
1981,5,16,1.18657,-1.3611799,3,1.80576
1981,5,17,1.35816,-1.10712,4,1.75223
1981,5,18,1.25826,-0.92941999,4,1.5642999
1981,5,19,1.11696,-0.50462002,4,1.22565
1981,5,20,1.2064101,-0.22739001,4,1.22765
1981,5,21,1.3274699,0.0368955992,5,1.3279901
1981,5,22,1.09543,0.55480498,5,1.2279201
1981,5,23,1.08083,0.62029302,5,1.2461801
1981,5,24,0.74703699,0.23673099,5,0.78364903
1981,5,25,0.53262502,-0.0169329997,4,0.53289402
1981,5,26,0.28803399,0.20322999,5,0.352514
1981,5,27,0.153438,0.244625,6,0.288764
1981,5,28,0.260315,0.165154,5,0.308285
1981,5,29,0.41660801,-0.0433215983,4,0.418854
1981,5,30,0.32177001,0.0395545997,5,0.32419199
1981,5,31,0.44469401,0.15997501,5,0.47259399
1981,6,1,0.64118397,0.182734,5,0.66671503
1981,6,2,0.80617201,0.58267099,5,0.99469501
1981,6,3,0.785339,0.76779902,5,1.09831
1981,6,4,0.51613498,0.94008499,6,1.07245
1981,6,5,0.411616,1.0466,6,1.12463
1981,6,6,0.23190901,1.33248,6,1.35251
1981,6,7,0.0141209001,1.13379,6,1.13388
1981,6,8,0.0137274005,1.1376801,6,1.13776
1981,6,9,0.26137099,1.02518,6,1.05797
1981,6,10,0.55783802,0.940207,6,1.09324
1981,6,11,0.75860399,0.92484999,6,1.19617
1981,6,12,0.91704798,0.86114401,5,1.25799
1981,6,13,1.14803,0.76777601,5,1.3811001
1981,6,14,1.15391,0.460031,5,1.2422301
1981,6,15,0.96297503,0.153218,5,0.975088
1981,6,16,0.57967401,-0.20784,4,0.615807
1981,6,17,0.50459802,-0.41123,4,0.65094799
1981,6,18,0.67354298,-0.39884001,4,0.78277397
1981,6,19,0.912265,-0.49610999,4,1.03844
1981,6,20,1.11479,-0.23551001,4,1.13939
1981,6,21,1.14914,-0.0607362986,4,1.15074
1981,6,22,1.19868,0.142115,5,1.20707
1981,6,23,0.75300801,0.0058311699,5,0.75303102
1981,6,24,0.29799199,0.0947076976,5,0.31268001
1981,6,25,0.0648930967,-0.30397001,3,0.31082401
1981,6,26,0.330134,-0.46155,3,0.56746298
1981,6,27,0.26820001,-0.50489002,3,0.57170397
1981,6,28,0.29452601,-0.74953002,3,0.805323
1981,6,29,0.26736999,-0.62572002,3,0.680453
1981,6,30,0.0078491196,-0.63801003,3,0.63805699
1981,7,1,-0.18968999,-0.52355999,2,0.55686402
1981,7,2,-0.12988,-0.62967002,2,0.64292097
1981,7,3,0.135709,-0.71688002,3,0.72961003
1981,7,4,0.431409,-0.65613002,3,0.78525198
1981,7,5,0.64923102,-0.77118999,3,1.00808
1981,7,6,0.589176,-0.74835002,3,0.95245099
1981,7,7,0.64178699,-0.87605,3,1.0859801
1981,7,8,0.59419399,-0.83240998,3,1.02273
1981,7,9,0.57168502,-1.1249599,3,1.26188
1981,7,10,0.61011201,-1.23666,3,1.37897
1981,7,11,0.681283,-1.26738,3,1.43889
1981,7,12,0.322218,-1.0513,3,1.09957
1981,7,13,0.0266148001,-1.07279,3,1.07312
1981,7,14,-0.11056,-1.01797,2,1.02395
1981,7,15,-0.26414001,-1.13739,2,1.16766
1981,7,16,-0.38552001,-1.33908,2,1.39347
1981,7,17,-0.51034999,-1.59666,2,1.67624
1981,7,18,-0.40022001,-1.6282001,2,1.6766599
1981,7,19,-0.21382,-1.79063,2,1.80335
1981,7,20,-0.0803676993,-1.7862999,2,1.78811
1981,7,21,-0.0698044002,-1.5677299,2,1.56929
1981,7,22,0.27193901,-1.65488,3,1.67708
1981,7,23,0.626728,-1.4737,3,1.6014301
1981,7,24,0.886859,-1.69636,3,1.9141999
1981,7,25,1.00099,-1.66819,3,1.94546
1981,7,26,1.31795,-1.4171799,3,1.9353
1981,7,27,1.63449,-0.98989999,4,1.91088
1981,7,28,1.70752,-0.47262001,4,1.7717201
1981,7,29,1.62637,0.117881,5,1.63064
1981,7,30,1.74409,0.69067001,5,1.87587
1981,7,31,1.7502,1.23944,5,2.14463
1981,8,1,1.74573,1.47334,5,2.2843599
1981,8,2,1.46331,1.80957,6,2.3271899
1981,8,3,1.37831,2.1452501,6,2.54987
1981,8,4,1.40332,2.1799901,6,2.5926199
1981,8,5,1.46875,1.9198999,6,2.41728
1981,8,6,1.19036,1.68657,6,2.0643401
1981,8,7,0.69625503,1.72896,6,1.86388
1981,8,8,0.54467797,1.73754,6,1.82091
1981,8,9,0.41174001,1.64224,6,1.69306
1981,8,10,0.0777261034,1.44257,6,1.44467
1981,8,11,-0.11208,1.3882101,7,1.39273
1981,8,12,-0.00696907006,1.33261,7,1.33263
1981,8,13,-0.11748,1.06998,7,1.0764101
1981,8,14,-0.56654,0.45769,8,0.72832102
1981,8,15,-0.86835003,0.16517,8,0.88392299
1981,8,16,-0.71753001,-0.10195,1,0.72473502
1981,8,17,-0.73316997,-0.0743454993,1,0.73693001
1981,8,18,-0.56673998,0.117279,8,0.57875198
1981,8,19,-0.51016998,-0.0283783004,1,0.51095402
1981,8,20,-0.81184,-0.28363001,1,0.85995799
1981,8,21,-0.84158999,-0.51539999,1,0.98686701
1981,8,22,-0.72069001,-0.66473001,1,0.98043603
1981,8,23,-0.79921001,-0.81806999,2,1.14367
1981,8,24,-0.86822999,-0.76608998,1,1.15789
1981,8,25,-1.02121,-0.69578999,1,1.23572
1981,8,26,-1.2540801,-0.50015002,1,1.35014
1981,8,27,-1.32117,-0.54101002,1,1.42765
1981,8,28,-1.29403,-0.69066,1,1.46681
1981,8,29,-1.46182,-0.75910002,1,1.6471699
1981,8,30,-1.3353601,-0.93673003,1,1.63115
1981,8,31,-1.1165,-1.25128,2,1.67699
1981,9,1,-0.98014998,-1.7329,2,1.99089
1981,9,2,-0.70402998,-1.87509,2,2.0028999
1981,9,3,-0.47577,-1.8946,2,1.95342
1981,9,4,-0.17124,-2.00512,2,2.0124199
1981,9,5,-0.14844,-2.20209,2,2.2070899
1981,9,6,-0.35597,-1.7962199,2,1.8311501
1981,9,7,-0.24637,-1.51229,2,1.53222
1981,9,8,-0.38414001,-1.4819,2,1.53088
1981,9,9,-0.51003999,-1.34989,2,1.44303
1981,9,10,-0.51135999,-1.3864599,2,1.4777499
1981,9,11,-0.38536999,-1.51476,2,1.56301
1981,9,12,-0.30239001,-1.7098,2,1.73633
1981,9,13,-0.11022,-1.75332,2,1.75678
1981,9,14,0.31724101,-1.58135,3,1.61286
1981,9,15,0.59198999,-1.32836,3,1.4543
1981,9,16,0.83349597,-0.7967,4,1.15301
1981,9,17,1.27874,-0.37362,4,1.3322001
1981,9,18,1.71743,-0.13835999,4,1.72299
1981,9,19,1.90792,0.101451,5,1.91061
1981,9,20,1.79594,0.225192,5,1.81001
1981,9,21,2.0892799,0.35234001,5,2.1187799
1981,9,22,2.12293,0.49933201,5,2.18086
1981,9,23,2.07094,0.55554801,5,2.14416
1981,9,24,1.83821,0.36985999,5,1.8750499
1981,9,25,1.8443,0.586559,5,1.93533
1981,9,26,1.8920799,0.96837699,5,2.1255
1981,9,27,1.86332,1.35842,5,2.3059199
1981,9,28,1.59954,1.4645,5,2.16871
1981,9,29,1.145,1.5233901,6,1.90571
1981,9,30,0.586326,1.57165,6,1.67746
1981,10,1,0.35407001,1.43424,6,1.4773
1981,10,2,-0.0616118982,1.40932,7,1.41067
1981,10,3,-0.41086999,1.24892,7,1.31477
1981,10,4,-0.86148,0.84574997,8,1.20725
1981,10,5,-0.98982,0.64473701,8,1.18129
1981,10,6,-0.99778998,0.26431799,8,1.0322
1981,10,7,-1.11975,-0.12061,1,1.12622
1981,10,8,-1.0986,-0.33846,1,1.14955
1981,10,9,-1.12297,-0.24895,1,1.1502399
1981,10,10,-0.8951,-0.16914,1,0.91093701
1981,10,11,-0.52955002,-0.17927,1,0.559075
1981,10,12,-0.24002001,-0.14839999,1,0.28219199
1981,10,13,-0.17545,-0.0774040967,1,0.191761
1981,10,14,-0.16959,-0.0842294991,1,0.189354
1981,10,15,0.0836023018,-0.0706211999,4,0.109438
1981,10,16,0.195655,0.155958,5,0.25020701
1981,10,17,0.208501,0.56015402,6,0.5977
1981,10,18,0.168708,0.54926801,6,0.57459402
1981,10,19,0.19215301,0.239942,6,0.30739999
1981,10,20,0.161681,0.13793001,5,0.212522
1981,10,21,0.15650199,-0.18520001,3,0.24247301
1981,10,22,0.00398587994,-0.46573001,3,0.46575099
1981,10,23,-0.17930999,-0.62831998,2,0.65340102
1981,10,24,-0.25408,-0.74590999,2,0.78799802
1981,10,25,-0.23847,-0.83546001,2,0.86883098
1981,10,26,-0.31235999,-0.81229001,2,0.870278
1981,10,27,-0.14841001,-0.96358001,2,0.97494
1981,10,28,0.0154096,-0.94655001,3,0.94667798
1981,10,29,-0.0101937,-0.89441001,2,0.89447302
1981,10,30,0.0312213004,-1.09029,3,1.09073
1981,10,31,-0.15620001,-1.06534,2,1.07673
1981,11,1,-0.0912908986,-1.26252,2,1.26581
1981,11,2,0.340615,-1.02933,3,1.0842201
1981,11,3,0.90062302,-0.72566003,4,1.15659
1981,11,4,1.1119699,-0.28472,4,1.14784
1981,11,5,0.923666,-0.22904,4,0.951639
1981,11,6,0.66715598,-0.27860001,4,0.722992
1981,11,7,0.512263,-0.30375001,4,0.59554702
1981,11,8,0.57588798,-0.55300999,4,0.79841298
1981,11,9,0.68082398,-0.75444001,3,1.01622
1981,11,10,0.88081998,-0.86868,4,1.23712
1981,11,11,0.894086,-0.63182998,4,1.09481
1981,11,12,0.59406102,-0.23814,4,0.64001602
1981,11,13,0.233733,0.32495001,6,0.40028
1981,11,14,-0.0498161986,0.467556,7,0.470202
1981,11,15,-0.27333999,0.65244502,7,0.70739001
1981,11,16,-0.31918001,0.54877597,7,0.63484597
1981,11,17,-0.34496,0.274847,8,0.44106501
1981,11,18,-0.29462001,-0.0905817002,1,0.308227
1981,11,19,-0.30684999,-0.1534,1,0.343063
1981,11,20,-0.16709,-0.54315001,2,0.568268
1981,11,21,-0.000628742971,-0.59386998,2,0.59386897
1981,11,22,0.30123299,-0.44104001,3,0.53409201
1981,11,23,0.49635801,-0.30513,4,0.58264399
1981,11,24,0.48444599,-0.34617001,4,0.59542
1981,11,25,0.58240497,-0.26743001,4,0.640872
1981,11,26,0.14561801,-0.50638002,3,0.52689701
1981,11,27,0.198346,-0.30171001,3,0.36106399
1981,11,28,0.435085,-0.23458,4,0.494295
1981,11,29,0.63013601,-0.080132097,4,0.63521099
1981,11,30,0.74900699,0.0656313002,5,0.75187701
1981,12,1,0.72286701,0.20173299,5,0.750489
1981,12,2,0.68885303,-0.0828993991,4,0.69382298
1981,12,3,0.70119298,-0.31351,4,0.76808703
1981,12,4,0.948349,-0.1236,4,0.95636898
1981,12,5,1.34951,0.00404524012,5,1.34951
1981,12,6,1.57533,0.0912332013,5,1.57797
1981,12,7,1.79807,0.33524099,5,1.8290499
1981,12,8,1.94928,0.65052903,5,2.05496
1981,12,9,1.6517,1.02614,5,1.9445
1981,12,10,1.35322,1.42738,6,1.96688
1981,12,11,1.07005,1.70078,6,2.0093901
1981,12,12,0.51694697,1.6452399,6,1.72454
1981,12,13,0.40304601,1.85402,6,1.89733
1981,12,14,0.153185,1.69256,6,1.6994801
1981,12,15,-0.0454410017,1.58234,7,1.5829901
1981,12,16,-0.14192,1.35755,7,1.3649499
1981,12,17,-0.15790001,1.26097,7,1.27081
1981,12,18,-0.31836,1.15284,7,1.19599
1981,12,19,-0.28281,0.84962302,7,0.89545703
1981,12,20,-0.28799,0.78828299,7,0.83924502
1981,12,21,-0.37360999,0.93188202,7,1.0039901
1981,12,22,-0.51697999,0.92042297,7,1.05568
1981,12,23,-0.72608,0.96316499,7,1.20618
1981,12,24,-0.55430001,0.99841303,7,1.14196
1981,12,25,-0.55048001,0.97173601,7,1.11683
1981,12,26,-0.86917001,0.80975503,8,1.18792
1981,12,27,-1.16005,0.672333,8,1.3408
1981,12,28,-1.31113,0.380741,8,1.36529
1981,12,29,-1.44332,-0.0565131009,1,1.44443
1981,12,30,-1.5871,-0.13191,1,1.59258
1981,12,31,-1.6333899,-0.22994,1,1.6495
1982,1,1,-1.81142,-0.45748001,1,1.8682899
1982,1,2,-1.83796,-0.76541001,1,1.99096
1982,1,3,-1.5732,-1.18296,1,1.96834
1982,1,4,-1.28539,-1.23914,1,1.78541
1982,1,5,-0.84390998,-1.24801,2,1.50656
1982,1,6,-0.42027,-1.2022901,2,1.27363
1982,1,7,-0.060268499,-1.02797,2,1.02973
1982,1,8,0.408618,-0.77846003,3,0.87918299
1982,1,9,0.82606399,-0.66222,4,1.05873
1982,1,10,1.0438,-0.53306001,4,1.17204
1982,1,11,0.93503201,-0.36708999,4,1.00451
1982,1,12,0.91413999,-0.29571,4,0.96077901
1982,1,13,0.76616001,-0.53318,4,0.93342698
1982,1,14,0.81617302,-0.41657999,4,0.91633999
1982,1,15,0.88211203,-0.16479,4,0.89737201
1982,1,16,0.97330302,-0.23069,4,1.00027
1982,1,17,0.88146198,0.176469,5,0.89895302
1982,1,18,0.62382299,0.31738701,5,0.69992101
1982,1,19,0.47035301,0.67534,6,0.82299203
1982,1,20,0.51374501,0.48799899,5,0.708574
1982,1,21,0.31402901,0.52096301,6,0.60829002
1982,1,22,-0.13931,0.44304299,7,0.46443
1982,1,23,-0.54387999,0.28240001,8,0.61282098
1982,1,24,-0.70003003,0.310047,8,0.76561701
1982,1,25,-0.88556999,0.113692,8,0.89284003
1982,1,26,-0.5765,-0.0898851007,1,0.58346701
1982,1,27,0.0457681008,-0.19055,3,0.195967
1982,1,28,0.58486801,-0.32861999,4,0.67086798
1982,1,29,0.552562,-0.11304,4,0.56400597
1982,1,30,0.861996,0.172719,5,0.87912899
1982,1,31,1.0866899,0.32684699,5,1.13478
1982,2,1,0.968283,0.49507701,5,1.08751
1982,2,2,0.92363501,0.754044,5,1.19234
1982,2,3,0.67596102,0.83619499,6,1.07524
1982,2,4,-0.0894827023,1.3042099,7,1.3072799
1982,2,5,-0.37772,1.4180501,7,1.46749
1982,2,6,-0.31714001,1.11791,7,1.16203
1982,2,7,-0.22962999,0.87202901,7,0.90175599
1982,2,8,-0.0205418002,0.71815401,7,0.71844798
1982,2,9,0.0961218998,0.47807199,6,0.48763999
1982,2,10,0.435408,0.158857,5,0.46348199
1982,2,11,0.699799,0.0594219007,5,0.70231801
1982,2,12,0.78280801,-0.0356207006,4,0.78361797
1982,2,13,0.63281,0.121144,5,0.644301
1982,2,14,0.63027799,-0.25264001,4,0.67902797
1982,2,15,0.45558399,-0.38183999,4,0.59444201
1982,2,16,0.122372,-0.16987,3,0.209355
1982,2,17,-0.34079999,0.29725,8,0.452216
1982,2,18,-0.75204998,0.646936,8,0.99201697
1982,2,19,-1.14092,0.66709101,8,1.32163
1982,2,20,-1.1528701,0.61043799,8,1.30451
1982,2,21,-1.1502301,0.73556602,8,1.36532
1982,2,22,-1.03231,0.66450101,8,1.22769
1982,2,23,-0.86104,0.68457198,8,1.1000201
1982,2,24,-0.92904001,0.57024801,8,1.0901
1982,2,25,-0.99097002,0.41772699,8,1.07542
1982,2,26,-1.11218,0.229508,8,1.13562
1982,2,27,-1.12342,-0.0288488995,1,1.12379
1982,2,28,-1.0282201,-0.35521999,1,1.08785
1982,3,1,-0.71911001,-0.59543997,1,0.933635
1982,3,2,-0.24155,-0.68283999,2,0.72430801
1982,3,3,-0.0982545018,-0.24774,2,0.266509
1982,3,4,-0.0981082022,-0.16426,2,0.19132701
1982,3,5,0.0504706986,-0.0516550988,3,0.0722187012
1982,3,6,0.0775585994,-0.11209,3,0.136308
1982,3,7,-0.13548,-0.24762,2,0.28225699
1982,3,8,0.0156647991,-0.50213999,3,0.502388
1982,3,9,-0.0324146003,-0.48934999,2,0.49042401
1982,3,10,-0.16343001,-0.62360001,2,0.64465702
1982,3,11,-0.43375,-0.69431001,2,0.81866699
1982,3,12,-0.61317998,-0.59105003,1,0.85166699
1982,3,13,-0.50229001,-0.71500999,2,0.87380803
1982,3,14,-0.55129999,-0.71833003,2,0.90549999
1982,3,15,-0.46676001,-0.69243002,2,0.83506101
1982,3,16,-0.12042,-0.92592001,2,0.93371999
1982,3,17,0.29887399,-0.98632997,3,1.03061
1982,3,18,0.44003499,-0.86392999,3,0.96953601
1982,3,19,0.70663297,-0.48477,4,0.85693401
1982,3,20,0.92140299,-0.31369001,4,0.97333598
1982,3,21,0.84346902,0.00407555001,5,0.84347898
1982,3,22,0.76073498,0.389543,5,0.854671
1982,3,23,0.707802,0.57216698,5,0.910142
1982,3,24,0.626643,0.38667899,5,0.73634303
1982,3,25,0.73940098,0.339656,5,0.81368297
1982,3,26,0.71490997,0.620866,5,0.94687402
1982,3,27,0.84379798,1.13969,6,1.4180599
1982,3,28,0.91038197,1.1250401,6,1.44725
1982,3,29,0.63935298,1.06375,6,1.2411
1982,3,30,0.49555001,1.36019,6,1.44765
1982,3,31,0.38302401,1.61788,6,1.6626
1982,4,1,0.0564111993,1.49514,6,1.4962
1982,4,2,-0.30792001,1.3426501,7,1.37751
1982,4,3,-0.30368,1.00941,7,1.0541
1982,4,4,-0.32192999,1.0162801,7,1.0660501
1982,4,5,-0.64227998,1.0850101,7,1.26086
1982,4,6,-0.92145997,1.24824,7,1.55151
1982,4,7,-0.95169997,1.46742,7,1.74902
1982,4,8,-1.2456,1.28711,7,1.79114
1982,4,9,-1.6950001,1.07625,8,2.0078199
1982,4,10,-1.8988,0.68922102,8,2.02002
1982,4,11,-1.70316,-0.0216924995,1,1.7033
1982,4,12,-1.23139,-0.25391001,1,1.2573
1982,4,13,-0.92654002,-0.42816001,1,1.02069
1982,4,14,-0.64793003,-0.51876003,1,0.83001399
1982,4,15,-0.26683,-0.65354002,2,0.70590699
1982,4,16,-0.0705197975,-0.67886001,2,0.68251503
1982,4,17,0.128846,-0.69072998,3,0.702645
1982,4,18,0.34489101,-0.80835998,3,0.87885702
1982,4,19,0.48305401,-0.67500001,3,0.83003998
1982,4,20,0.58142298,-0.85966003,3,1.03782
1982,4,21,0.84851301,-0.87633002,3,1.21981
1982,4,22,1.05642,-0.92369002,4,1.40329
1982,4,23,1.13204,-0.75022,4,1.35806
1982,4,24,1.05502,-0.63947999,4,1.23369
1982,4,25,0.89822602,-0.43496999,4,0.99800199
1982,4,26,0.89122897,-0.35817999,4,0.96051198
1982,4,27,0.75101203,-0.093153201,4,0.75676697
1982,4,28,0.58336699,-0.15358,4,0.60324502
1982,4,29,0.423592,-0.0552611016,4,0.42718199
1982,4,30,0.42067099,0.20174301,5,0.46654499
1982,5,1,0.45792601,0.446251,5,0.63940299
1982,5,2,0.41296899,0.56072098,6,0.69638503
1982,5,3,0.38267699,0.74636602,6,0.83875197
1982,5,4,0.43935999,0.75536102,6,0.87384701
1982,5,5,0.339553,0.730542,6,0.80559701
1982,5,6,0.0444360003,0.648857,6,0.65037698
1982,5,7,-0.31283,0.53054702,7,0.615906
1982,5,8,-0.56506002,0.53199703,8,0.77608502
1982,5,9,-0.64613003,0.62816,8,0.90114802
1982,5,10,-0.76967001,0.727786,8,1.05928
1982,5,11,-0.73412001,0.75012398,7,1.04958
1982,5,12,-0.80034,0.91481,7,1.21549
1982,5,13,-0.88669997,0.83625501,8,1.21883
1982,5,14,-1.0746599,0.62100202,8,1.24119
1982,5,15,-1.36641,0.59320903,8,1.48962
1982,5,16,-1.6579,0.610645,8,1.76679
1982,5,17,-1.68943,0.46283999,8,1.75168
1982,5,18,-1.69573,0.435002,8,1.75063
1982,5,19,-1.76179,0.12987401,8,1.76657
1982,5,20,-1.79969,-0.00825699978,1,1.79971
1982,5,21,-1.57528,0.0447384007,8,1.57592
1982,5,22,-1.43607,-0.1619,1,1.44517
1982,5,23,-1.488,-0.57595003,1,1.59557
1982,5,24,-1.61795,-1.06888,1,1.93914
1982,5,25,-1.53263,-1.41474,1,2.0857699
1982,5,26,-1.16848,-1.64572,2,2.0183499
1982,5,27,-0.63472003,-1.90921,2,2.01195
1982,5,28,-0.0484214984,-1.91017,2,1.91079
1982,5,29,0.58639902,-1.96051,3,2.04633
1982,5,30,1.15924,-1.7805001,3,2.12462
1982,5,31,1.41763,-1.28029,4,1.91019
1982,6,1,1.43361,-0.71035999,4,1.59995
1982,6,2,1.3255399,-0.47703999,4,1.40876
1982,6,3,1.17337,-0.17039999,4,1.18568
1982,6,4,1.0154901,-0.0266504008,4,1.0158401
1982,6,5,0.81514299,0.383288,5,0.90075999
1982,6,6,0.866328,0.73955202,5,1.13906
1982,6,7,0.66749197,1.1129301,6,1.29776
1982,6,8,0.37455201,1.23076,6,1.28649
1982,6,9,0.0696142986,1.21855,6,1.22054
1982,6,10,0.22697701,1.17967,6,1.20131
1982,6,11,0.27878299,1.37384,6,1.40184
1982,6,12,0.0658677965,1.05468,6,1.05674
1982,6,13,-0.17688,0.89771497,7,0.914976
1982,6,14,-0.31145999,0.663158,7,0.732656
1982,6,15,-0.32552999,0.89198297,7,0.94952703
1982,6,16,-0.34294999,0.90713,7,0.96979201
1982,6,17,-0.12157,0.95871502,7,0.96639299
1982,6,18,0.0665483028,0.69451898,6,0.69770002
1982,6,19,0.14702401,0.558227,6,0.57726401
1982,6,20,0.187263,0.60892302,6,0.63706702
1982,6,21,0.133056,0.68165398,6,0.69451898
1982,6,22,0.27828601,0.791668,6,0.83915502
1982,6,23,0.475835,0.89058298,6,1.00973
1982,6,24,0.62955099,1.10798,6,1.27434
1982,6,25,0.46386001,1.06224,6,1.1591001
1982,6,26,0.30788201,1.13726,6,1.1782
1982,6,27,0.21340799,1.33521,6,1.35215
1982,6,28,0.0120564001,1.20884,6,1.2089
1982,6,29,-0.15509,1.27882,7,1.28819
1982,6,30,-0.32038999,1.43644,7,1.47174
1982,7,1,-0.43649,1.39106,7,1.45793
1982,7,2,-0.40615001,1.07471,7,1.14889
1982,7,3,-0.41754001,0.691535,7,0.80781299
1982,7,4,-0.39401001,0.68176001,7,0.78742898
1982,7,5,-0.56751001,0.79043001,7,0.973059
1982,7,6,-0.58977002,0.79916298,7,0.99321902
1982,7,7,-0.61513001,0.480526,8,0.780572
1982,7,8,-0.51681,0.241716,8,0.570539
1982,7,9,-0.47755,0.0136928996,8,0.47774801
1982,7,10,-0.47242001,0.0157279,8,0.47268701
1982,7,11,-0.33070001,0.118201,8,0.35118601
1982,7,12,-0.51045001,0.39534801,8,0.64564699
1982,7,13,-0.43849,0.44410601,7,0.62410098
1982,7,14,-0.41003999,0.57173598,7,0.70357502
1982,7,15,-0.29469001,0.737324,7,0.79403299
1982,7,16,-0.16565999,0.748447,7,0.76656097
1982,7,17,-0.0470579006,0.648435,7,0.65013999
1982,7,18,0.0245350003,0.66023099,6,0.66068703
1982,7,19,0.119847,0.85099298,6,0.85939097
1982,7,20,-0.0601396002,1.07138,7,1.07307
1982,7,21,-0.3037,1.37719,7,1.41028
1982,7,22,-0.77336001,1.28373,7,1.49869
1982,7,23,-0.93505001,1.1242,7,1.46224
1982,7,24,-0.93414998,0.87858701,8,1.2824
1982,7,25,-0.80027997,0.74428099,8,1.09289
1982,7,26,-0.65389001,0.41020501,8,0.771905
1982,7,27,-0.56752002,0.0351683013,8,0.56860697
1982,7,28,-0.38216999,-0.21545,1,0.43872201
1982,7,29,-0.30935001,-0.23286,1,0.387196
1982,7,30,0.0669101998,-0.47556001,3,0.48024601
1982,7,31,0.168438,-0.47161001,3,0.50078702
1982,8,1,0.0447324999,-0.72368997,3,0.72507298
1982,8,2,-0.29357001,-1.11945,2,1.1573
1982,8,3,-0.60943002,-1.23174,2,1.3742599
1982,8,4,-0.32095999,-1.06177,2,1.10922
1982,8,5,0.000149001993,-1.09694,3,1.09694
1982,8,6,0.165528,-1.38828,3,1.39811
1982,8,7,-0.0556273013,-1.35842,2,1.35956
1982,8,8,-0.13337,-1.26843,2,1.27543
1982,8,9,0.25406,-1.04221,3,1.0727299
1982,8,10,0.47515899,-0.81919003,3,0.94702297
1982,8,11,0.44813001,-0.81911999,3,0.93369102
1982,8,12,0.423632,-0.75637001,3,0.86692202
1982,8,13,0.58050102,-0.61238998,3,0.84380198
1982,8,14,0.47762001,-0.63896,3,0.79773802
1982,8,15,0.71142501,-0.67304999,4,0.979348
1982,8,16,0.66098499,-0.52586001,4,0.84464699
1982,8,17,0.52834898,-0.40821999,4,0.66768003
1982,8,18,0.406939,-0.37775001,4,0.55524498
1982,8,19,0.32654801,-0.27236,4,0.42522201
1982,8,20,0.383385,-0.34760001,4,0.51749998
1982,8,21,0.454299,-0.46724999,3,0.65169901
1982,8,22,0.43757799,-0.27096999,4,0.51468498
1982,8,23,0.52910399,-0.12356,4,0.54334003
1982,8,24,0.48316199,-0.2404,4,0.53966397
1982,8,25,0.51011503,0.0571771003,5,0.51331002
1982,8,26,0.63123202,0.25956601,5,0.68251598
1982,8,27,0.49474999,0.50822902,6,0.70927697
1982,8,28,0.13279,0.74483401,6,0.75657803
1982,8,29,0.119655,0.76934397,6,0.778593
1982,8,30,0.16017599,0.82867301,6,0.84401202
1982,8,31,0.34066001,0.71611601,6,0.79301399
1982,9,1,0.25122899,0.64064997,6,0.68814802
1982,9,2,0.12783501,0.77466702,6,0.78514397
1982,9,3,0.305381,0.95440698,6,1.00207
1982,9,4,0.40480301,1.057,6,1.13187
1982,9,5,0.437879,1.16711,6,1.24655
1982,9,6,0.60593098,1.0889601,6,1.24619
1982,9,7,0.68991399,0.99044001,6,1.20704
1982,9,8,0.75964499,0.75958699,5,1.07426
1982,9,9,0.60064101,0.389494,5,0.71587402
1982,9,10,0.46432999,0.0784173012,5,0.47090501
1982,9,11,0.16734,-0.0499392003,4,0.174632
1982,9,12,0.17629699,-0.0901198983,4,0.19799601
1982,9,13,-0.10101,0.148894,7,0.179924
1982,9,14,-0.0478718989,0.146385,7,0.15401401
1982,9,15,-0.1938,0.22070099,7,0.29371199
1982,9,16,-0.53697002,-0.11586,1,0.54932499
1982,9,17,-0.89160001,-0.29434001,1,0.93892699
1982,9,18,-1.05941,-0.36925,1,1.12192
1982,9,19,-1.27869,-0.54303002,1,1.38922
1982,9,20,-1.36831,-0.69027001,1,1.53256
1982,9,21,-0.96978003,-0.73935997,1,1.21948
1982,9,22,-0.72536999,-0.63635999,1,0.96494401
1982,9,23,-0.49313,-0.85983002,2,0.99120098
1982,9,24,-0.46421999,-0.79311001,2,0.91897398
1982,9,25,-0.48124999,-0.63979,2,0.800583
1982,9,26,-0.61592001,-0.52574998,1,0.80979699
1982,9,27,-0.67689002,-0.68476999,2,0.96285599
1982,9,28,-0.82558,-0.79983997,1,1.14949
1982,9,29,-0.99474001,-0.63484001,1,1.18005
1982,9,30,-0.65965003,-0.63150001,1,0.913203
1982,10,1,-0.54636002,-0.33787,1,0.64238799
1982,10,2,-0.62434,-0.14793,1,0.64162397
1982,10,3,-0.66102999,-0.0297573991,1,0.66170102
1982,10,4,-0.4429,0.0977965966,8,0.453565
1982,10,5,-0.37509999,0.167657,8,0.41086799
1982,10,6,-0.0616624989,0.376782,7,0.38179499
1982,10,7,-0.11395,0.50246602,7,0.51522601
1982,10,8,-0.26227,0.658934,7,0.70921099
1982,10,9,-0.47595,0.63438702,7,0.793082
1982,10,10,-0.52289999,0.32434699,8,0.61532903
1982,10,11,-0.51339,0.30578199,8,0.59755701
1982,10,12,-0.35354999,0.216277,8,0.414455
1982,10,13,-0.30043,0.175944,8,0.348162
1982,10,14,-0.10049,0.0240007993,8,0.103316
1982,10,15,-0.0400235988,-0.30212,2,0.304759
1982,10,16,0.17597599,-0.63406003,3,0.65802503
1982,10,17,0.31790999,-0.92584997,3,0.97891098
1982,10,18,0.137615,-1.06703,3,1.07587
1982,10,19,-0.23714,-1.03476,2,1.06159
1982,10,20,-0.44337001,-0.85010999,2,0.95877898
1982,10,21,-0.48618001,-0.65373999,2,0.81470901
1982,10,22,-0.8876,-0.50423998,1,1.02083
1982,10,23,-1.13194,-0.50555998,1,1.23971
1982,10,24,-1.14543,-0.91188997,1,1.46409
1982,10,25,-0.96740001,-1.19318,2,1.53608
1982,10,26,-0.81812,-1.3586299,2,1.58594
1982,10,27,-0.89719999,-1.47299,2,1.72472
1982,10,28,-0.88854998,-1.4841599,2,1.72981
1982,10,29,-0.72538,-1.35523,2,1.53715
1982,10,30,-0.4743,-1.2042201,2,1.29426
1982,10,31,-0.23248,-1.48923,2,1.50727
1982,11,1,-0.23906,-1.7677,2,1.78379
1982,11,2,-0.22218999,-1.81133,2,1.8249
1982,11,3,-0.0284397993,-1.46745,2,1.46773
1982,11,4,0.296967,-0.92053998,3,0.96725202
1982,11,5,0.68989903,-0.76695001,3,1.03159
1982,11,6,0.94517797,-0.69937003,4,1.17579
1982,11,7,1.02116,-0.0946514979,4,1.02554
1982,11,8,1.15549,0.344318,5,1.2057
1982,11,9,1.25316,0.417941,5,1.32102
1982,11,10,0.89966798,0.32181001,5,0.95549101
1982,11,11,0.358484,0.63596803,6,0.73004502
1982,11,12,-0.0134709999,0.76072103,7,0.76084
1982,11,13,-0.26466,0.967812,7,1.00335
1982,11,14,-0.42789,0.99373102,7,1.0819401
1982,11,15,-0.58054,1.06274,7,1.21097
1982,11,16,-0.90526003,1.05273,7,1.38843
1982,11,17,-1.12079,1.0102201,8,1.50888
1982,11,18,-1.48482,1.13407,8,1.8683701
1982,11,19,-1.74722,0.78338099,8,1.9148
1982,11,20,-1.91072,0.30383599,8,1.9347301
1982,11,21,-1.9365,0.0427905992,8,1.93697
1982,11,22,-1.91001,-0.24871001,1,1.92614
1982,11,23,-1.65951,-0.56090999,1,1.75174
1982,11,24,-1.25384,-1.01131,1,1.61086
1982,11,25,-0.95499998,-1.42558,2,1.7158999
1982,11,26,-0.45800999,-1.80001,2,1.85737
1982,11,27,0.237481,-1.85102,3,1.86619
1982,11,28,0.83266699,-1.59601,3,1.8001601
1982,11,29,1.00147,-1.29092,3,1.63384
1982,11,30,0.88349402,-1.2282799,3,1.51302
1982,12,1,0.77103299,-0.71155,4,1.04919
1982,12,2,0.64870101,-0.29078999,4,0.71089399
1982,12,3,0.61219001,0.12537999,5,0.62489802
1982,12,4,0.52853501,0.53290999,6,0.750561
1982,12,5,0.14458901,0.73317099,6,0.74729198
1982,12,6,-0.16276,0.64401799,7,0.664267
1982,12,7,-0.27801999,0.35703599,7,0.452512
1982,12,8,-0.41286001,0.250716,8,0.48302701
1982,12,9,-0.45425999,0.37673599,8,0.59015602
1982,12,10,-0.41056001,0.176019,8,0.44670299
1982,12,11,-0.4806,-0.13586999,1,0.49943599
1982,12,12,-0.35910001,-0.68426001,2,0.77276599
1982,12,13,-0.20302001,-0.94585001,2,0.96738899
1982,12,14,-0.13337,-0.86227,2,0.87252402
1982,12,15,0.0204977002,-0.81400001,3,0.81425899
1982,12,16,0.0164909996,-0.90701002,3,0.90715802
1982,12,17,0.21947099,-0.91009003,3,0.93617499
1982,12,18,0.137769,-0.92334002,3,0.93356502
1982,12,19,0.154228,-1.29715,3,1.30629
1982,12,20,0.201369,-1.6630599,3,1.67521
1982,12,21,0.182427,-1.78572,3,1.79501
1982,12,22,0.42998701,-1.7457401,3,1.79791
1982,12,23,0.196282,-2.11813,3,2.1271999
1982,12,24,0.00272646011,-2.0660601,3,2.0660601
1982,12,25,0.193193,-1.87721,3,1.88712
1982,12,26,0.55998403,-1.73926,3,1.82719
1982,12,27,0.91492599,-1.44633,3,1.7114201
1982,12,28,1.05466,-1.1684099,3,1.574
1982,12,29,1.1919301,-0.97167999,4,1.53781
1982,12,30,1.2225699,-0.58881003,4,1.35698
1982,12,31,0.90289497,-0.42890999,4,0.99958998
1983,1,1,0.77925199,-0.44277,4,0.89626002
1983,1,2,0.63660902,-0.44865999,4,0.77882397
1983,1,3,0.74351698,-0.42285001,4,0.855349
1983,1,4,0.73866099,-0.3037,4,0.798657
1983,1,5,0.62472099,-0.20243999,4,0.65670198
1983,1,6,0.66435099,-0.0602842011,4,0.66707999
1983,1,7,0.60322601,0.0311024003,5,0.60402799
1983,1,8,0.79228902,0.304048,5,0.84862697
1983,1,9,0.73810297,0.52358001,5,0.90494901
1983,1,10,0.41810301,0.84532797,6,0.943075
1983,1,11,0.16022401,1.18362,6,1.19441
1983,1,12,-0.10041,1.3009599,7,1.30483
1983,1,13,-0.25139999,1.27166,7,1.29628
1983,1,14,-0.31577,1.24389,7,1.28334
1983,1,15,-0.47885001,0.77819401,7,0.91372001
1983,1,16,-0.69024003,0.53597999,8,0.87390298
1983,1,17,-0.92128003,0.43303901,8,1.01798
1983,1,18,-0.90389001,0.15168101,8,0.916529
1983,1,19,-0.98185003,-0.0699303001,1,0.98433697
1983,1,20,-1.10395,-0.0101052001,1,1.104
1983,1,21,-1.4201601,0.29419401,8,1.45032
1983,1,22,-1.45654,0.61478102,8,1.58097
1983,1,23,-1.36327,0.669532,8,1.51881
1983,1,24,-0.99110001,0.61691397,8,1.16742
1983,1,25,-0.87058997,0.83916998,8,1.20919
1983,1,26,-1.22952,0.967044,8,1.56425
1983,1,27,-1.5332299,1.14113,8,1.91128
1983,1,28,-1.61757,1.02126,8,1.91298
1983,1,29,-1.39355,0.57161599,8,1.50623
1983,1,30,-1.11149,0.0579281002,8,1.113
1983,1,31,-0.85812002,-0.0351620018,1,0.85883498
1983,2,1,-0.82872999,-0.23394001,1,0.86111802
1983,2,2,-0.38867,-0.24417999,1,0.459003
1983,2,3,-0.27072999,-0.0806580037,1,0.28248599
1983,2,4,0.100465,-0.0550807007,4,0.114573
1983,2,5,0.103809,-0.16523001,3,0.19513801
1983,2,6,-0.061648801,-0.0425360985,1,0.0748993009
1983,2,7,-0.0633219033,0.00306452997,8,0.0633959994
1983,2,8,-0.099969402,-0.19183999,2,0.21632899
1983,2,9,-0.45569,-0.29161999,1,0.54101002
1983,2,10,-0.48216,-0.34869999,1,0.59504002
1983,2,11,-0.32910001,-0.47714999,2,0.57963902
1983,2,12,0.0538854003,-0.94114,3,0.94267899
1983,2,13,0.526586,-1.3977799,3,1.49368
1983,2,14,0.79528397,-1.50614,3,1.70322
1983,2,15,0.99889898,-1.127,3,1.50596
1983,2,16,1.16786,-0.55111998,4,1.29137
1983,2,17,1.03706,-0.073514998,4,1.03966
1983,2,18,1.00599,0.399223,5,1.08231
1983,2,19,0.92341799,0.76814198,5,1.20114
1983,2,20,0.93790501,0.91083801,5,1.3074
1983,2,21,0.73501098,0.89115602,6,1.15516
1983,2,22,0.363621,1.0288301,6,1.0912
1983,2,23,0.142783,1.11376,6,1.12287
1983,2,24,-0.0733250007,1.2982301,7,1.3003
1983,2,25,-0.0846277028,1.2704901,7,1.2733001
1983,2,26,-0.25220999,1.20783,7,1.23388
1983,2,27,-0.40424001,1.2447,7,1.3087
1983,2,28,-0.59827,1.28439,7,1.41689
1983,3,1,-0.89503002,1.26405,7,1.54884
1983,3,2,-0.79554999,0.96868998,7,1.2535
1983,3,3,-0.76100999,0.88386899,7,1.16635
1983,3,4,-0.35888001,1.13878,7,1.19399
1983,3,5,-0.1133,1.07902,7,1.08495
1983,3,6,-0.13722,0.91877401,7,0.92896402
1983,3,7,-0.21796,0.935803,7,0.96085203
1983,3,8,-0.17585,0.93363702,7,0.95005399
1983,3,9,-0.11735,0.85074902,7,0.85880297
1983,3,10,-0.0747757033,0.64088398,7,0.64523101
1983,3,11,0.121671,0.53394002,6,0.54762697
1983,3,12,0.0602464005,0.52937299,6,0.53279001
1983,3,13,-0.0253909994,0.41698799,7,0.41776001
1983,3,14,-0.16493,0.412276,7,0.44404101
1983,3,15,-0.44955999,0.26000801,8,0.519337
1983,3,16,-0.66518998,0.0127779003,8,0.66530901
1983,3,17,-0.87238002,0.204385,8,0.89599901
1983,3,18,-1.0283099,0.124288,8,1.03579
1983,3,19,-0.98940998,0.074254401,8,0.99219
1983,3,20,-1.05803,0.051055599,8,1.05926
1983,3,21,-0.96582001,0.15205701,8,0.97772002
1983,3,22,-0.74487001,0.34185401,8,0.81957501
1983,3,23,-0.66176999,0.39567,8,0.77103198
1983,3,24,-0.4975,0.24259999,8,0.55349499
1983,3,25,-0.56190002,0.26521701,8,0.62134302
1983,3,26,-0.57620001,0.111086,8,0.58680701
1983,3,27,-0.52034998,0.120726,8,0.53417599
1983,3,28,-0.35795,0.00219971989,8,0.35795701
1983,3,29,-0.33837,-0.11732,1,0.358134
1983,3,30,-0.45232001,0.15004601,8,0.476558
1983,3,31,-0.57217002,0.276393,8,0.635427
1983,4,1,-0.47924,0.42408699,8,0.63994002
1983,4,2,-0.33504,0.57727498,7,0.66745502
1983,4,3,-0.36994001,0.80809301,7,0.88874698
1983,4,4,-0.41507,0.869578,7,0.96355999
1983,4,5,-0.68247998,0.611696,8,0.91648698
1983,4,6,-0.79917002,0.57475102,8,0.98438102
1983,4,7,-0.94634002,0.55518901,8,1.09718
1983,4,8,-1.01543,0.399073,8,1.09103
1983,4,9,-1.15747,0.13838001,8,1.16571
1983,4,10,-1.15855,-0.2057,1,1.17667
1983,4,11,-0.97605002,-0.32714,1,1.02941
1983,4,12,-0.85527003,-0.40928,1,0.948156
1983,4,13,-0.47095999,-0.76526999,2,0.89857501
1983,4,14,-0.22294,-0.97666001,2,1.00178
1983,4,15,0.0944781974,-1.01685,3,1.02123
1983,4,16,0.154476,-1.26184,3,1.27126
1983,4,17,0.065135099,-1.46718,3,1.46863
1983,4,18,-0.0463836007,-1.1664799,2,1.1674
1983,4,19,-0.0606244989,-0.82779002,2,0.83000898
1983,4,20,-0.18161,-0.68461001,2,0.70829302
1983,4,21,-0.20652001,-0.63891,2,0.67145902
1983,4,22,-0.12401,-0.82156998,2,0.83087599
1983,4,23,0.231832,-0.97523999,3,1.0024199
1983,4,24,0.388688,-1.0539401,3,1.12333
1983,4,25,0.60600001,-1.2092299,3,1.35258
1983,4,26,0.9989,-0.95348001,4,1.3809201
1983,4,27,1.27008,-0.71236998,4,1.45622
1983,4,28,1.46287,-0.42829999,4,1.52428
1983,4,29,1.31771,-0.16074,4,1.32748
1983,4,30,1.06319,0.0968646035,5,1.0676
1983,5,1,0.87129498,-0.26482999,4,0.910653
1983,5,2,0.71474999,-0.35729,4,0.79907602
1983,5,3,0.45355701,-0.30164999,4,0.54470903
1983,5,4,0.44229299,-0.42093,4,0.61057699
1983,5,5,0.508183,-0.32813999,4,0.60491902
1983,5,6,0.65221697,-0.49814999,4,0.820692
1983,5,7,0.598867,-0.63988,3,0.87640899
1983,5,8,0.548105,-0.81725001,3,0.98402798
1983,5,9,0.50260299,-0.5941,3,0.778184
1983,5,10,0.59313703,-0.59864998,3,0.84273303
1983,5,11,0.59825599,-0.62273002,3,0.86353898
1983,5,12,0.66707098,-0.48706001,4,0.82595998
1983,5,13,0.63354301,-0.44690001,4,0.775307
1983,5,14,0.69091302,-0.17380001,4,0.71243799
1983,5,15,0.60947597,-0.22878,4,0.65100098
1983,5,16,0.53489202,-0.41902,4,0.67947501
1983,5,17,0.42767799,-0.27168,4,0.50667602
1983,5,18,0.48985901,-0.0234094001,4,0.49041799
1983,5,19,0.608881,-0.20564,4,0.64266998
1983,5,20,0.96844202,-0.13209,4,0.97740901
1983,5,21,1.04974,-0.067267701,4,1.0519
1983,5,22,1.16739,0.152952,5,1.1773601
1983,5,23,1.5057,0.46163499,5,1.57488
1983,5,24,1.44277,0.74155301,5,1.62219
1983,5,25,1.08198,0.72851098,5,1.3043801
1983,5,26,0.33118701,0.77632999,6,0.84402198
1983,5,27,-0.13806,0.783391,7,0.79546398
1983,5,28,-0.25931001,0.77853602,7,0.82058501
1983,5,29,-0.55653,0.618554,7,0.832066
1983,5,30,-0.82542998,0.452793,8,0.94146901
1983,5,31,-0.80317998,0.33083901,8,0.86864698
1983,6,1,-0.75572002,0.52694899,8,0.92129701
1983,6,2,-0.4316,0.52179199,7,0.67716199
1983,6,3,-0.36484,0.49554199,7,0.61536098
1983,6,4,-0.28290999,0.43646801,7,0.52013701
1983,6,5,0.227412,0.220567,5,0.31680599
1983,6,6,0.35354701,0.0664973035,5,0.35974601
1983,6,7,0.31736001,-0.11835,4,0.33871001
1983,6,8,0.123283,-0.27970999,3,0.30567801
1983,6,9,0.12839299,-0.48536,3,0.50205898
1983,6,10,0.0704585984,-0.73969001,3,0.743038
1983,6,11,-0.0419735014,-0.98593003,2,0.98682702
1983,6,12,-0.43338999,-1.20555,2,1.28108
1983,6,13,-0.27307999,-1.36594,2,1.39297
1983,6,14,0.0458458997,-1.36121,3,1.36198
1983,6,15,0.44332099,-1.16898,3,1.2502199
1983,6,16,0.81768602,-0.90428001,3,1.2191499
1983,6,17,0.97315001,-0.59538001,4,1.14083
1983,6,18,1.40277,-0.28264999,4,1.4309601
1983,6,19,1.5412101,-0.32624,4,1.5753599
1983,6,20,1.63626,-0.12258,4,1.6408499
1983,6,21,1.64087,-0.17809001,4,1.65051
1983,6,22,1.59735,-0.184,4,1.60791
1983,6,23,1.72548,-0.33124,4,1.75699
1983,6,24,1.50789,-0.23457,4,1.5260299
1983,6,25,1.25129,0.132057,5,1.25824
1983,6,26,1.1203099,0.56965601,5,1.25682
1983,6,27,1.17004,0.71804798,5,1.37281
1983,6,28,1.0404,0.39158699,5,1.11165
1983,6,29,0.91526902,0.129328,5,0.92436099
1983,6,30,0.85747498,0.248428,5,0.89273697
1983,7,1,0.83622599,0.34800699,5,0.90574998
1983,7,2,0.48283699,0.34645501,5,0.59427398
1983,7,3,0.181886,0.57821202,6,0.60614502
1983,7,4,0.00447865995,0.49742001,6,0.49744001
1983,7,5,-0.43729001,0.31146699,8,0.53687102
1983,7,6,-0.676,0.16374101,8,0.69554299
1983,7,7,-0.62178999,-0.0421941988,1,0.62322003
1983,7,8,-0.53325999,-0.42561001,1,0.68228102
1983,7,9,-0.51099002,-0.69186997,2,0.86011201
1983,7,10,-0.22052,-0.55536002,2,0.59754199
1983,7,11,0.31554201,-0.66870999,3,0.73942101
1983,7,12,0.58396298,-1.0775,3,1.22557
1983,7,13,0.53168797,-1.33181,3,1.43402
1983,7,14,0.52633899,-1.41037,3,1.50538
1983,7,15,0.63085997,-1.33893,3,1.48011
1983,7,16,0.84065199,-1.0674,3,1.35869
1983,7,17,0.82292002,-1.0604399,3,1.34228
1983,7,18,0.719365,-1.06765,3,1.28739
1983,7,19,0.604132,-1.11185,3,1.26538
1983,7,20,0.369973,-1.2075599,3,1.26297
1983,7,21,-0.0547984987,-0.95512998,2,0.95669699
1983,7,22,-0.18052,-0.74138999,2,0.76304799
1983,7,23,-0.16131,-0.55251998,2,0.57558203
1983,7,24,-0.0399806015,-0.68339998,2,0.68456799
1983,7,25,0.0881706029,-0.86396998,3,0.86845398
1983,7,26,0.0428844988,-0.88652998,3,0.88756502
1983,7,27,0.0924862027,-0.83381999,3,0.83893001
1983,7,28,0.14775801,-0.73430997,3,0.74902803
1983,7,29,-0.0243413001,-0.63389999,2,0.63436699
1983,7,30,-0.11927,-0.49963999,2,0.51368201
1983,7,31,-0.10311,-0.59110999,2,0.60003197
1983,8,1,-0.0853841007,-0.86141998,2,0.86563599
1983,8,2,-0.20618001,-1.15204,2,1.1703399
1983,8,3,-0.0864287987,-1.36914,2,1.37187
1983,8,4,0.12710699,-1.25863,3,1.26503
1983,8,5,0.258053,-1.29382,3,1.3193001
1983,8,6,0.406611,-1.33643,3,1.39691
1983,8,7,0.55905801,-1.49382,3,1.595
1983,8,8,0.87048399,-1.47096,3,1.7092299
1983,8,9,0.995727,-1.34104,3,1.67029
1983,8,10,1.21454,-1.36904,3,1.83013
1983,8,11,1.55197,-1.10499,4,1.9051501
1983,8,12,1.37374,-0.91636997,4,1.65134
1983,8,13,1.69179,-0.87413001,4,1.9042701
1983,8,14,1.82288,-0.78640002,4,1.98528
1983,8,15,1.7301,-0.78457999,4,1.89969
1983,8,16,1.83086,-0.61831999,4,1.9324501
1983,8,17,1.54249,-0.54121,4,1.63468
1983,8,18,1.32555,-0.54282999,4,1.43239
1983,8,19,0.93675101,-0.59318,4,1.10877
1983,8,20,0.66901702,-0.64692003,4,0.93063998
1983,8,21,0.46967599,-0.57894999,3,0.74550599
1983,8,22,0.50072497,-0.45296001,4,0.67520303
1983,8,23,0.505952,-0.16047999,4,0.53079301
1983,8,24,0.516424,-0.0517016016,4,0.519005
1983,8,25,0.468339,-0.41657999,4,0.62680101
1983,8,26,0.316277,-0.59504002,3,0.67387497
1983,8,27,0.0344467014,-0.39710999,3,0.39860001
1983,8,28,0.0464717001,-0.23105,3,0.235679
1983,8,29,-0.0755285993,-0.32797,2,0.33655399
1983,8,30,-0.36636999,-0.40083,2,0.543037
1983,8,31,-0.59394997,-0.70577002,2,0.92243499
1983,9,1,-0.72729999,-0.89293998,2,1.15165
1983,9,2,-1.0092601,-1.11331,2,1.5026799
1983,9,3,-1.39113,-1.35215,1,1.93999
1983,9,4,-1.5291899,-1.3108,1,2.0141101
1983,9,5,-1.27626,-1.08437,1,1.67472
1983,9,6,-1.00415,-1.12281,2,1.50632
1983,9,7,-0.86352998,-1.26441,2,1.53115
1983,9,8,-0.74769002,-1.34198,2,1.5362099
1983,9,9,-0.47843,-1.58011,2,1.65095
1983,9,10,-0.44315001,-1.48699,2,1.55162
1983,9,11,-0.25400999,-1.38208,2,1.40523
1983,9,12,-0.39925,-1.1704,2,1.2366199
1983,9,13,-0.50150001,-1.01048,2,1.12808
1983,9,14,-0.35870001,-0.89679003,2,0.96586698
1983,9,15,0.170371,-1.0464,3,1.0601799
1983,9,16,0.56082302,-1.02703,3,1.1701699
1983,9,17,0.81261998,-1.04971,3,1.32749
1983,9,18,1.03009,-0.98277003,4,1.4237
1983,9,19,1.00438,-0.87448001,4,1.33172
1983,9,20,1.07692,-0.86259001,4,1.3797899
1983,9,21,1.3075401,-0.78211999,4,1.52361
1983,9,22,1.37369,-0.75182998,4,1.56598
1983,9,23,1.49985,-0.39377001,4,1.55068
1983,9,24,1.61764,-0.0491418988,4,1.61839
1983,9,25,1.65751,0.219834,5,1.67202
1983,9,26,1.77685,0.46070799,5,1.83561
1983,9,27,1.73973,0.47603601,5,1.80369
1983,9,28,1.67343,0.47303501,5,1.739
1983,9,29,1.65321,0.205965,5,1.66599
1983,9,30,1.5829099,0.0564044006,5,1.58392
1983,10,1,1.43993,0.0619631,5,1.44126
1983,10,2,1.61098,0.23171499,5,1.62756
1983,10,3,1.51547,0.33269101,5,1.55156
1983,10,4,1.3238,0.38165799,5,1.37772
1983,10,5,1.17952,0.61896199,5,1.33206
1983,10,6,0.963211,0.93233401,5,1.34053
1983,10,7,1.01405,0.795416,5,1.28879
1983,10,8,0.99782997,0.716003,5,1.22814
1983,10,9,0.83542699,0.71917701,5,1.10234
1983,10,10,0.77893198,1.0015,6,1.26876
1983,10,11,0.497082,1.2101001,6,1.30822
1983,10,12,0.0551045015,1.09268,6,1.0940599
1983,10,13,-0.48745,0.46801499,8,0.67575401
1983,10,14,-0.96248001,0.0826276019,8,0.96601599
1983,10,15,-1.04285,-0.062239401,1,1.04471
1983,10,16,-0.86208999,-0.15212999,1,0.87541002
1983,10,17,-0.55607003,-0.56522,2,0.79289502
1983,10,18,-0.66575998,-0.77451003,2,1.02132
1983,10,19,-0.57774001,-0.87286001,2,1.0467401
1983,10,20,-0.34446999,-0.99138999,2,1.04953
1983,10,21,-0.14057,-1.03886,2,1.0483299
1983,10,22,0.14528701,-0.86647999,3,0.87857503
1983,10,23,0.63089699,-0.35616001,4,0.72448701
1983,10,24,1.0478801,0.0656875968,5,1.04994
1983,10,25,1.07436,0.496851,5,1.1836801
1983,10,26,1.0314,0.81648803,5,1.31546
1983,10,27,0.89702898,1.0727201,6,1.39836
1983,10,28,0.88626599,1.08834,6,1.40355
1983,10,29,0.81101602,0.84068501,6,1.16812
1983,10,30,0.63303101,0.57804102,5,0.85723901
1983,10,31,0.79142898,0.646909,5,1.02218
1983,11,1,0.80668199,0.62335199,5,1.01946
1983,11,2,0.74680102,0.844383,6,1.12725
1983,11,3,0.55174702,1.06994,6,1.20383
1983,11,4,0.0406548008,1.13854,6,1.1392601
1983,11,5,-0.0201017,0.92570603,7,0.92592502
1983,11,6,-0.16339,0.73135102,7,0.74937999
1983,11,7,-0.34746,0.43298,7,0.55515701
1983,11,8,-0.52419001,0.0989883989,8,0.53345501
1983,11,9,-0.57734001,0.12902699,8,0.59158099
1983,11,10,-0.35124999,0.157188,8,0.38481599
1983,11,11,-0.13185,0.131238,8,0.186029
1983,11,12,0.0167926997,0.0667603016,6,0.0688399002
1983,11,13,0.0937838033,0.0365526006,5,0.100655
1983,11,14,0.61493999,0.12355,5,0.62722898
1983,11,15,0.953825,0.31552801,5,1.00466
1983,11,16,1.20224,0.766904,5,1.42602
1983,11,17,1.1351,1.36253,6,1.7733999
1983,11,18,0.87297398,1.37551,6,1.62915
1983,11,19,0.62195897,1.4841501,6,1.6092
1983,11,20,0.387934,1.65049,6,1.69547
1983,11,21,0.505054,1.91342,6,1.97895
1983,11,22,0.24206699,2.00773,6,2.02227
1983,11,23,-0.10793,2.0780799,7,2.0808799
1983,11,24,-0.51292998,2.24422,7,2.3020899
1983,11,25,-0.51973999,1.86551,7,1.93656
1983,11,26,-0.81673998,1.72797,7,1.91127
1983,11,27,-0.87774003,1.50131,7,1.7390701
1983,11,28,-0.95099998,1.54567,7,1.8148
1983,11,29,-1.09223,1.6287301,7,1.96106
1983,11,30,-1.11537,1.3483,7,1.74985
1983,12,1,-0.99080998,1.33049,7,1.65889
1983,12,2,-1.11693,1.29879,7,1.7130001
1983,12,3,-1.3021801,1.34118,7,1.86935
1983,12,4,-1.2373199,1.47111,7,1.9222701
1983,12,5,-1.21349,1.45529,7,1.89484
1983,12,6,-1.3591501,1.44552,7,1.98414
1983,12,7,-1.3784,1.4354399,7,1.99009
1983,12,8,-1.26326,0.96522403,8,1.5898
1983,12,9,-1.05244,0.42310399,8,1.1343
1983,12,10,-0.75822997,-0.0619657002,1,0.76076299
1983,12,11,-0.67921001,-0.43889999,1,0.80867898
1983,12,12,-0.48214,-0.60855001,2,0.77639699
1983,12,13,-0.30328,-0.82545,2,0.87940198
1983,12,14,-0.18647,-0.69893998,2,0.72338498
1983,12,15,-0.28342,-0.86978,2,0.91479301
1983,12,16,0.199411,-0.7317,3,0.75838298
1983,12,17,-0.0140351998,-0.59039998,2,0.59056503
1983,12,18,-0.35894001,-0.66658002,2,0.75707501
1983,12,19,-0.57981002,-0.94515997,2,1.10883
1983,12,20,-0.90807998,-1.01045,2,1.35853
1983,12,21,-1.10191,-1.00613,1,1.4921401
1983,12,22,-0.99101001,-1.24725,2,1.59302
1983,12,23,-0.83885998,-1.1438,2,1.41844
1983,12,24,-0.57672,-1.08995,2,1.23313
1983,12,25,-0.17708001,-1.03663,2,1.05164
1983,12,26,0.20699801,-0.88786,3,0.91167003
1983,12,27,0.20365299,-0.74480999,3,0.77215302
1983,12,28,0.14810701,-0.30267,3,0.33696601
1983,12,29,0.115263,-0.0634742975,4,0.131585
1983,12,30,-0.00625741016,0.0977981985,7,0.0979982018
1983,12,31,-0.1191,0.28680599,7,0.31055301
1984,1,1,-0.52450001,0.286513,8,0.597651
1984,1,2,-0.65676999,0.220706,8,0.69286001
1984,1,3,-0.85382998,0.181453,8,0.87289602
1984,1,4,-1.33574,-0.0595914982,1,1.33707
1984,1,5,-1.61833,-0.56029999,1,1.71258
1984,1,6,-1.26961,-0.79566002,1,1.49833
1984,1,7,-0.98210001,-1.09384,2,1.47003
1984,1,8,-0.69845003,-1.44558,2,1.6054699
1984,1,9,-0.22942001,-1.59885,2,1.61523
1984,1,10,-0.0146289999,-1.82146,2,1.82152
1984,1,11,0.0854045004,-1.82301,3,1.8250099
1984,1,12,0.317552,-1.39002,3,1.42583
1984,1,13,0.49802399,-1.0252301,3,1.1397901
1984,1,14,0.38946599,-0.99659002,3,1.06998
1984,1,15,0.127276,-0.73646998,3,0.74739099
1984,1,16,0.0497406013,-0.53157997,3,0.533903
1984,1,17,-0.0601965003,-0.76767999,2,0.770033
1984,1,18,-0.13534001,-0.91389,2,0.92385697
1984,1,19,-0.14828999,-0.99882001,2,1.00977
1984,1,20,0.0773778036,-1.1569901,3,1.15957
1984,1,21,-0.0367520005,-0.87234002,2,0.87311798
1984,1,22,0.0548480004,-0.91337001,3,0.91501999
1984,1,23,0.100261,-0.95143002,3,0.956698
1984,1,24,0.00818054006,-1.12664,3,1.12667
1984,1,25,-0.15233999,-1.14487,2,1.15496
1984,1,26,-0.23669,-1.16687,2,1.19063
1984,1,27,-0.41896001,-1.2474101,2,1.31589
1984,1,28,-0.36925,-1.36206,2,1.41122
1984,1,29,-0.22682001,-1.43116,2,1.44902
1984,1,30,-0.19348,-1.42302,2,1.43611
1984,1,31,-0.0864600018,-1.44412,2,1.44671
1984,2,1,-0.16285001,-1.69582,2,1.70362
1984,2,2,-0.18943,-1.6439,2,1.65478
1984,2,3,-0.28913,-1.65769,2,1.6827101
1984,2,4,-0.15548,-1.45625,2,1.46453
1984,2,5,0.0525445007,-1.35825,3,1.35927
1984,2,6,0.45774901,-1.2590801,3,1.33971
1984,2,7,0.40360999,-1.26853,3,1.33119
1984,2,8,0.21552899,-1.27186,3,1.2899899
1984,2,9,0.35957199,-1.23215,3,1.28354
1984,2,10,0.33489799,-1.01353,3,1.06742
1984,2,11,0.0895468965,-0.99177998,3,0.99581701
1984,2,12,-0.12624,-1.04505,2,1.05265
1984,2,13,-0.26241001,-0.79272997,2,0.83503503
1984,2,14,-0.0505095012,-0.37207001,2,0.375487
1984,2,15,0.198448,-0.26605001,3,0.331907
1984,2,16,0.374744,-0.0948911011,4,0.386572
1984,2,17,0.32815,0.0597845986,5,0.333552
1984,2,18,0.0998739973,0.26700699,6,0.285074
1984,2,19,-0.12804,0.39526999,7,0.41549
1984,2,20,-0.0242427997,0.54217499,7,0.54271698
1984,2,21,-0.13491,0.48088199,7,0.49944901
1984,2,22,-0.29242,0.547373,7,0.62058401
1984,2,23,-0.44826999,0.50341201,7,0.67407101
1984,2,24,-0.84290999,0.356639,8,0.91525298
1984,2,25,-1.03423,0.0857722014,8,1.03778
1984,2,26,-1.24105,-0.18093,1,1.2541699
1984,2,27,-1.35799,-0.18001001,1,1.3698699
1984,2,28,-1.10067,-0.16935,1,1.11362
1984,2,29,-0.88514,-0.30728999,1,0.93695998
1984,3,1,-1.0125,-0.34650001,1,1.07015
1984,3,2,-1.03013,-0.10205,1,1.03518
1984,3,3,-1.13249,0.165288,8,1.14449
1984,3,4,-1.10936,0.19364201,8,1.12613
1984,3,5,-0.96833998,0.16637699,8,0.982526
1984,3,6,-0.88612002,0.36350101,8,0.957784
1984,3,7,-0.60067999,0.605676,7,0.85303098
1984,3,8,-0.34882,0.33428299,8,0.48313299
1984,3,9,-0.21097,0.241173,7,0.32042399
1984,3,10,-0.0692277998,0.0828887001,7,0.107996
1984,3,11,-0.18359999,0.199047,7,0.27079001
1984,3,12,-0.33432001,0.42353401,7,0.53958499
1984,3,13,-0.45374,0.484649,7,0.66390097
1984,3,14,-0.60904998,0.52090001,8,0.801422
1984,3,15,-0.74267,0.60501802,8,0.95792001
1984,3,16,-0.97226,0.75250298,8,1.22945
1984,3,17,-0.85079002,0.892223,7,1.23285
1984,3,18,-0.71095002,0.89996803,7,1.14691
1984,3,19,-0.91601998,1.09642,7,1.42871
1984,3,20,-1.13709,1.2042,7,1.65623
1984,3,21,-1.32614,1.17203,8,1.76983
1984,3,22,-1.40655,0.85321599,8,1.6451
1984,3,23,-1.53722,0.46637899,8,1.60641
1984,3,24,-1.2625,0.198553,8,1.27802
1984,3,25,-1.35781,-0.25847,1,1.38219
1984,3,26,-1.33015,-0.30853,1,1.36546
1984,3,27,-1.3421,-0.16960999,1,1.35277
1984,3,28,-1.5406899,-0.21055,1,1.55501
1984,3,29,-1.66654,-0.30537999,1,1.69428
1984,3,30,-1.38793,-0.44736001,1,1.45825
1984,3,31,-1.28109,-0.64372998,1,1.43373
1984,4,1,-1.05803,-0.88112003,1,1.3768899
1984,4,2,-0.95359999,-1.24783,2,1.57049
1984,4,3,-0.71500999,-1.47137,2,1.6359
1984,4,4,-0.5517,-1.37634,2,1.4828
1984,4,5,-0.24349,-1.07477,2,1.10201
1984,4,6,0.104348,-0.7554,3,0.76257497
1984,4,7,0.18120199,-0.79668999,3,0.81704003
1984,4,8,0.25195,-0.8793,3,0.91468197
1984,4,9,0.113375,-0.88036001,3,0.88763398
1984,4,10,0.36829001,-0.77882999,3,0.86151499
1984,4,11,0.499854,-0.62875998,3,0.80324298
1984,4,12,0.70274597,-0.63828999,4,0.94935203
1984,4,13,1.0093499,-0.53912997,4,1.14431
1984,4,14,1.24849,-0.37017,4,1.30222
1984,4,15,1.57859,-0.19794001,4,1.59095
1984,4,16,1.48448,0.0960882977,5,1.48759
1984,4,17,0.95174903,0.520742,5,1.0849
1984,4,18,0.819951,0.67113101,5,1.05959
1984,4,19,0.51283598,0.69031399,6,0.85996199
1984,4,20,0.031587299,0.75922197,6,0.75987899
1984,4,21,-0.46449,0.97507203,7,1.08006
1984,4,22,-0.59849,0.93975502,7,1.11415
1984,4,23,-0.64341998,0.678909,7,0.93536198
1984,4,24,-0.79229999,0.41254601,8,0.89326799
1984,4,25,-0.82898998,0.113831,8,0.83676797
1984,4,26,-0.71849,-0.0312440991,1,0.71916801
1984,4,27,-0.53240001,-0.00129044999,1,0.53240502
1984,4,28,-0.30551001,-0.0785256028,1,0.31543699
1984,4,29,-0.36148,-0.00441379985,1,0.361505
1984,4,30,-0.30952999,0.22877599,8,0.3849
1984,5,1,-0.26339,0.43426001,7,0.50789601
1984,5,2,-0.30655,0.46168801,7,0.55419099
1984,5,3,-0.31156,0.60058701,7,0.676588
1984,5,4,-0.31413999,0.75107199,7,0.81412297
1984,5,5,-0.0943131968,0.77394599,7,0.77967101
1984,5,6,-0.38690001,0.624713,7,0.73481798
1984,5,7,-0.48661,0.64553899,7,0.80839998
1984,5,8,-0.60872,0.79409403,7,1.00056
1984,5,9,-0.61515999,0.76527399,7,0.981866
1984,5,10,-0.54146999,0.589131,7,0.80016702
1984,5,11,-0.58127999,0.55284703,8,0.80219799
1984,5,12,-0.44358,0.54241502,7,0.70069897
1984,5,13,-0.21864,0.63129002,7,0.66807801
1984,5,14,0.119106,0.52617401,6,0.53948599
1984,5,15,0.37246001,0.213219,5,0.42917201
1984,5,16,0.229927,0.0976890996,5,0.249819
1984,5,17,0.155634,0.132724,5,0.204542
1984,5,18,0.25360101,0.44512501,6,0.51229799
1984,5,19,0.25145599,0.71568102,6,0.75857002
1984,5,20,0.25768501,0.75443602,6,0.79722899
1984,5,21,0.162949,0.68102801,6,0.70025098
1984,5,22,0.25338,0.44262001,6,0.510014
1984,5,23,0.544945,0.29688299,5,0.62056798
1984,5,24,0.66019797,0.0328399986,5,0.66101402
1984,5,25,0.338377,0.0802797005,5,0.34776899
1984,5,26,0.527879,-0.00321895001,4,0.527888
1984,5,27,0.51989597,0.125184,5,0.53475499
1984,5,28,0.434744,0.00340812001,5,0.43475801
1984,5,29,0.16502801,-0.19978,3,0.25912601
1984,5,30,-0.0764603019,-0.26390001,2,0.274753
1984,5,31,-0.0204034001,-0.37215,2,0.37270501
1984,6,1,0.152871,-0.14326,4,0.209509
1984,6,2,0.164042,-0.20254999,3,0.26065001
1984,6,3,0.156911,-0.12734,4,0.20208
1984,6,4,0.147605,0.0304263998,5,0.150708
1984,6,5,0.113416,0.28438899,6,0.30616999
1984,6,6,0.0333972014,0.21970201,6,0.22222599
1984,6,7,0.0435815006,-0.19670001,3,0.20146599
1984,6,8,-0.0367611982,-0.42219999,2,0.42380199
1984,6,9,-0.26783001,-0.67267001,2,0.724033
1984,6,10,-0.10971,-0.58306003,2,0.59329402
1984,6,11,-0.11587,-0.35655001,2,0.374901
1984,6,12,0.00413967995,-0.0564543009,3,0.0566059016
1984,6,13,0.0559047982,0.47767001,6,0.48093101
1984,6,14,0.140715,0.818286,6,0.83029598
1984,6,15,0.41335601,1.04245,6,1.12141
1984,6,16,0.67766303,1.04259,6,1.24347
1984,6,17,0.72807097,0.982153,6,1.22258
1984,6,18,0.811297,1.03486,6,1.31497
1984,6,19,0.860677,1.21466,6,1.48868
1984,6,20,0.85571897,1.2474101,6,1.5127
1984,6,21,0.87008601,1.11028,6,1.4105901
1984,6,22,0.59639102,1.4174,6,1.53776
1984,6,23,0.71633399,1.59266,6,1.74634
1984,6,24,0.84693098,1.76173,6,1.95474
1984,6,25,0.89259702,1.60941,6,1.8403701
1984,6,26,0.58437997,1.38849,6,1.5064501
1984,6,27,0.345687,1.39586,6,1.43803
1984,6,28,0.242413,1.38596,6,1.4069999
1984,6,29,0.274977,1.2358,6,1.2660201
1984,6,30,0.0266005006,1.14302,6,1.14333
1984,7,1,-0.22431,1.10734,7,1.12984
1984,7,2,-0.46463999,1.30188,7,1.38232
1984,7,3,-0.49193999,1.11742,7,1.22092
1984,7,4,-0.58073002,0.95067197,7,1.11401
1984,7,5,-0.73326999,0.81474102,7,1.09612
1984,7,6,-1.03864,0.53911799,8,1.17022
1984,7,7,-1.0992,0.28974101,8,1.13674
1984,7,8,-0.95454001,-0.16266,1,0.96830302
1984,7,9,-0.69120997,-0.26309001,1,0.739591
1984,7,10,-0.39741999,-0.39307001,1,0.55897403
1984,7,11,-0.32282001,-0.41931999,2,0.52919102
1984,7,12,-0.33985001,-0.42974001,2,0.54788399
1984,7,13,-0.29960999,-0.29835001,1,0.42282099
1984,7,14,-0.0174768008,-0.25207001,2,0.252675
1984,7,15,0.17193501,-0.34865999,3,0.388749
1984,7,16,0.40021601,-0.16519,4,0.43296799
1984,7,17,0.46349499,-0.11171,4,0.476767
1984,7,18,0.77555698,0.00113967003,5,0.77555799
1984,7,19,1.26952,0.209581,5,1.2867
1984,7,20,1.47041,0.50291902,5,1.55404
1984,7,21,1.59219,0.67947,5,1.73111
1984,7,22,1.62778,1.05212,5,1.9382
1984,7,23,1.67659,1.3796099,5,2.1712301
1984,7,24,1.31739,1.37315,6,1.90291
1984,7,25,0.79664099,1.2923,6,1.5181201
1984,7,26,0.182234,1.45766,6,1.46901
1984,7,27,-0.0917398036,1.61568,7,1.6182801
1984,7,28,0.0714138001,1.42617,6,1.42796
1984,7,29,0.15552001,0.95142198,6,0.96404898
1984,7,30,0.0367414989,0.88861299,6,0.88937199
1984,7,31,0.114959,0.66883397,6,0.67864197
1984,8,1,0.54971701,0.68048501,6,0.87478501
1984,8,2,0.71939301,0.88639098,6,1.14158
1984,8,3,1.04482,1.44435,6,1.78264
1984,8,4,1.17826,1.69095,6,2.0609701
1984,8,5,1.33938,1.56364,6,2.0588601
1984,8,6,1.41364,1.45988,6,2.03215
1984,8,7,1.12835,1.4466,6,1.83461
1984,8,8,1.01431,1.52114,6,1.8283
1984,8,9,1.07175,1.73595,6,2.0401499
1984,8,10,1.1684999,2.16696,6,2.46193
1984,8,11,1.0980901,2.0372701,6,2.3143599
1984,8,12,0.86106902,2.2996199,6,2.4555399
1984,8,13,0.62370199,2.3460801,6,2.4275701
1984,8,14,0.57243198,2.1875,6,2.2611599
1984,8,15,0.65894598,1.87061,6,1.9832799
1984,8,16,0.64051199,1.64994,6,1.7699
1984,8,17,0.86840397,1.40562,6,1.65224
1984,8,18,0.95134097,1.05681,6,1.42193
1984,8,19,0.91834903,0.677149,5,1.14101
1984,8,20,0.782749,0.66254902,5,1.02551
1984,8,21,0.78555298,0.667656,5,1.03095
1984,8,22,0.68295097,1.12503,6,1.3161
1984,8,23,0.56311703,1.4920599,6,1.59479
1984,8,24,0.48020899,1.71025,6,1.77639
1984,8,25,0.52421898,1.6555001,6,1.7365201
1984,8,26,0.38261801,1.40689,6,1.4579901
1984,8,27,0.0937668011,1.4502,6,1.45323
1984,8,28,-0.18569,1.15951,7,1.17428
1984,8,29,-0.19188,0.84655303,7,0.86802602
1984,8,30,-0.22646999,0.29549801,7,0.372298
1984,8,31,-0.30070001,-0.0318274014,1,0.302378
1984,9,1,-0.26607999,-0.31062999,2,0.40901101
1984,9,2,-0.30366001,-0.38587001,2,0.49103001
1984,9,3,-0.18099999,-0.32416999,2,0.37127501
1984,9,4,-0.25279,-0.15739,1,0.29777899
1984,9,5,-0.42482999,-0.25375,1,0.49484399
1984,9,6,-0.60859001,-0.35262999,1,0.70336598
1984,9,7,-0.73101002,-0.18336999,1,0.75365901
1984,9,8,-1.05121,0.0238211006,8,1.0514801
1984,9,9,-1.15789,0.27989599,8,1.19124
1984,9,10,-1.2141,0.67024201,8,1.3868099
1984,9,11,-1.35878,0.82140702,8,1.58776
1984,9,12,-1.3377399,1.11552,8,1.74182
1984,9,13,-1.3207099,1.09444,8,1.71525
1984,9,14,-1.27798,1.2966,7,1.82056
1984,9,15,-1.6576,1.76021,7,2.41784
1984,9,16,-1.7288899,1.8005199,7,2.4961801
1984,9,17,-1.49044,1.41493,8,2.0551
1984,9,18,-1.21174,0.88062298,8,1.49793
1984,9,19,-1.4133,0.431862,8,1.47781
1984,9,20,-1.42071,0.32948399,8,1.45842
1984,9,21,-1.14002,0.18142299,8,1.1543601
1984,9,22,-0.8046,0.146658,8,0.81785798
1984,9,23,-0.41833001,-0.13135,1,0.43846601
1984,9,24,-0.0667610988,-0.32652,2,0.333276
1984,9,25,0.0282923002,-0.18569,3,0.18783399
1984,9,26,0.247494,-0.15287,4,0.29089999
1984,9,27,0.52806002,-0.0266248006,4,0.52873099
1984,9,28,0.65327501,0.0410480984,5,0.65456402
1984,9,29,0.89354199,0.194437,5,0.91445202
1984,9,30,1.10297,0.334997,5,1.15272
1984,10,1,0.945279,0.27401501,5,0.98419398
1984,10,2,0.81906402,0.356861,5,0.89342898
1984,10,3,0.69717699,0.16674399,5,0.71683902
1984,10,4,0.84293997,0.128621,5,0.852696
1984,10,5,0.68035299,0.0446786992,5,0.68181801
1984,10,6,0.65080202,0.0960189998,5,0.65784699
1984,10,7,0.78481299,-0.0607828014,4,0.78716302
1984,10,8,0.75602502,-0.27548999,4,0.80465299
1984,10,9,0.77252197,-0.0141404998,4,0.77265102
1984,10,10,1.09384,0.471306,5,1.1910599
1984,10,11,1.10708,0.80348003,5,1.36792
1984,10,12,0.745166,0.71726799,5,1.03429
1984,10,13,0.211842,0.902264,6,0.92680001
1984,10,14,-0.0462400988,1.12959,7,1.13053
1984,10,15,-0.26611999,1.33935,7,1.36553
1984,10,16,-0.37174001,1.29272,7,1.3451101
1984,10,17,-0.31988999,1.06391,7,1.11096
1984,10,18,-0.30987999,0.86659598,7,0.92033499
1984,10,19,-0.47871,1.10112,7,1.20068
1984,10,20,-0.77358001,0.98477101,7,1.25228
1984,10,21,-0.80410999,1.0479,7,1.32086
1984,10,22,-1.05845,1.12972,7,1.54809
1984,10,23,-1.23552,1.30277,7,1.79547
1984,10,24,-1.42076,1.22054,8,1.87304
1984,10,25,-1.10929,1.4293,7,1.80926
1984,10,26,-1.14176,1.26608,7,1.70487
1984,10,27,-1.4486099,0.77452302,8,1.64267
1984,10,28,-1.83368,0.50464201,8,1.90186
1984,10,29,-1.96261,0.389689,8,2.0009301
1984,10,30,-2.1912,0.29237199,8,2.2106199
1984,10,31,-2.47651,0.0375075005,8,2.47679
1984,11,1,-2.71119,-0.31064999,1,2.72892
1984,11,2,-2.72328,-0.42313001,1,2.75595
1984,11,3,-2.4175999,-0.55982,1,2.48157
1984,11,4,-2.2452099,-0.55901998,1,2.31375
1984,11,5,-2.2469299,-0.64012003,1,2.3363299
1984,11,6,-2.23457,-0.82656002,1,2.38254
1984,11,7,-2.2913899,-0.97241002,1,2.4891901
1984,11,8,-2.2325599,-1.23116,1,2.54953
1984,11,9,-2.2546501,-1.40514,1,2.6566601
1984,11,10,-2.19261,-1.58278,1,2.7042
1984,11,11,-2.1177299,-1.91878,1,2.8577001
1984,11,12,-1.63182,-2.07932,2,2.6431799
1984,11,13,-1.08994,-2.17115,2,2.4293699
1984,11,14,-0.59088999,-2.0033801,2,2.0887001
1984,11,15,-0.31294999,-1.9030401,2,1.9286
1984,11,16,-0.0512434989,-1.94095,2,1.94163
1984,11,17,0.127335,-1.74639,3,1.75103
1984,11,18,0.26850501,-1.7016701,3,1.72272
1984,11,19,0.23395699,-1.66951,3,1.68583
1984,11,20,0.33569601,-1.51992,3,1.55655
1984,11,21,0.0941409022,-1.3574899,3,1.36075
1984,11,22,0.27265,-1.3786401,3,1.40535
1984,11,23,0.0713242963,-1.41433,3,1.4161201
1984,11,24,-0.0899617001,-1.23016,2,1.2334501
1984,11,25,-0.43213999,-1.19502,2,1.2707601
1984,11,26,-0.90441,-1.47684,2,1.73177
1984,11,27,-1.0052201,-1.83979,2,2.0964999
1984,11,28,-0.53105998,-2.17979,2,2.2435501
1984,11,29,0.0675548986,-2.2941301,3,2.29513
1984,11,30,0.348777,-2.18205,3,2.2097499
1984,12,1,0.67295802,-1.96479,3,2.0768399
1984,12,2,0.89846998,-1.81802,3,2.02792
1984,12,3,1.29488,-1.6390899,3,2.08886
1984,12,4,1.36861,-1.37271,3,1.93841
1984,12,5,1.2057199,-1.3041101,3,1.77608
1984,12,6,1.23218,-1.1444401,4,1.68167
1984,12,7,1.25843,-0.73355001,4,1.45662
1984,12,8,1.55229,-0.34040999,4,1.58918
1984,12,9,1.62376,-0.40579,4,1.6737
1984,12,10,1.4213001,-0.44069999,4,1.48806
1984,12,11,1.1867501,-0.45524001,4,1.27107
1984,12,12,1.16495,-0.29666999,4,1.20213
1984,12,13,1.02186,-0.345,4,1.07853
1984,12,14,0.810785,-0.24586,4,0.847242
1984,12,15,0.68820399,0.0582669005,5,0.69066602
1984,12,16,0.50953197,0.3418,5,0.61355501
1984,12,17,0.398563,0.309668,5,0.50472403
1984,12,18,0.19266701,0.46982199,6,0.507792
1984,12,19,-0.0920991972,0.496418,7,0.50488901
1984,12,20,-0.27189001,0.29947001,7,0.40448299
1984,12,21,-0.26181999,0.0736235008,8,0.271972
1984,12,22,-0.23529001,-0.15482999,1,0.281665
1984,12,23,-0.11088,-0.2353,2,0.26011801
1984,12,24,0.15830401,-0.0396399982,4,0.163192
1984,12,25,0.34423301,0.0336030982,5,0.345869
1984,12,26,0.68055803,0.0933874995,5,0.68693602
1984,12,27,0.88085401,0.55565101,5,1.0414701
1984,12,28,1.0154901,0.65928102,5,1.21074
1984,12,29,0.84055001,0.88971502,6,1.2239799
1984,12,30,0.67717701,1.24281,6,1.4153301
1984,12,31,0.488361,1.226,6,1.31969
1985,1,1,0.36409,1.10305,6,1.16158
1985,1,2,0.0514638983,0.84694701,6,0.84851003
1985,1,3,-0.0889784992,0.49998501,7,0.50784099
1985,1,4,-0.10154,0.48501301,7,0.49552801
1985,1,5,-0.0800386965,0.58879101,7,0.59420598
1985,1,6,-0.13934,0.72962499,7,0.74281198
1985,1,7,-0.3152,0.80182898,7,0.86155897
1985,1,8,-0.52740997,0.68060499,7,0.86103803
1985,1,9,-0.75573999,0.93211401,7,1.19999
1985,1,10,-0.93839997,1.16398,7,1.49514
1985,1,11,-0.92984998,1.26284,7,1.56824
1985,1,12,-1.48202,1.2751499,8,1.9551001
1985,1,13,-1.55762,1.13582,8,1.92776
1985,1,14,-1.70962,0.76148301,8,1.87154
1985,1,15,-1.4422801,0.37882501,8,1.4912
1985,1,16,-1.05143,0.0884296969,8,1.05514
1985,1,17,-0.81619,0.124814,8,0.82568002
1985,1,18,-0.95352,0.37970099,8,1.02634
1985,1,19,-1.34895,0.72694802,8,1.53236
1985,1,20,-1.57417,0.81661701,8,1.77338
1985,1,21,-2.0689399,0.473185,8,2.12236
1985,1,22,-2.4365499,0.14756501,8,2.44102
1985,1,23,-2.2174101,-0.11185,1,2.2202201
1985,1,24,-1.88673,-0.50735003,1,1.95376
1985,1,25,-1.72382,-1.00449,1,1.9951299
1985,1,26,-1.52877,-1.50834,1,2.1476099
1985,1,27,-1.22632,-1.62561,2,2.0362899
1985,1,28,-1.13537,-1.97252,2,2.2759399
1985,1,29,-1.0921201,-1.89308,2,2.1855099
1985,1,30,-1.06156,-1.9665101,2,2.23474
1985,1,31,-0.97850001,-2.4240601,2,2.6141
1985,2,1,-0.83362001,-2.68975,2,2.8159599
1985,2,2,-0.51511002,-2.8468699,2,2.8931
1985,2,3,-0.0316537991,-3.2051401,2,3.2052901
1985,2,4,0.41659299,-3.23001,3,3.2567699
1985,2,5,0.68876898,-3.2132101,3,3.2862
1985,2,6,0.95110297,-2.9811399,3,3.12919
1985,2,7,1.2101099,-2.8878701,3,3.13116
1985,2,8,1.5565,-2.85987,3,3.256
1985,2,9,2.1935301,-2.8884301,3,3.62693
1985,2,10,2.4091301,-2.72962,3,3.6407101
1985,2,11,2.51404,-2.67816,3,3.67327
1985,2,12,2.7758901,-2.57446,4,3.7859399
1985,2,13,3.2945499,-2.2900701,4,4.01229
1985,2,14,3.6475599,-1.68045,4,4.0160398
1985,2,15,3.7341199,-1.21062,4,3.9254601
1985,2,16,3.9135699,-0.75141001,4,3.98505
1985,2,17,3.9406099,-0.34476,4,3.9556601
1985,2,18,3.86461,0.146819,5,3.8673999
1985,2,19,3.88445,0.52487701,5,3.91975
1985,2,20,3.40502,0.90369898,5,3.5229001
1985,2,21,2.7511799,1.25099,5,3.0222499
1985,2,22,1.84486,1.44394,5,2.3427501
1985,2,23,1.3272001,1.3162,5,1.86919
1985,2,24,0.558357,1.37736,6,1.48623
1985,2,25,0.104189,1.38133,6,1.38525
1985,2,26,0.232751,1.34299,6,1.36301
1985,2,27,0.17727301,1.20482,6,1.21779
1985,2,28,0.48506501,1.3275501,6,1.41339
1985,3,1,0.657296,1.28452,6,1.44293
1985,3,2,1.0194499,1.25623,6,1.61783
1985,3,3,1.49155,1.14406,5,1.8797899
1985,3,4,1.51424,1.25576,5,1.96719
1985,3,5,1.30292,1.7055399,6,2.14627
1985,3,6,0.934497,2.10307,6,2.3013501
1985,3,7,0.53480798,2.2416101,6,2.3045299
1985,3,8,-0.0154956998,2.4621401,7,2.4621799
1985,3,9,-0.40040001,2.5339,7,2.56534
1985,3,10,-0.85354,2.0576999,7,2.2277
1985,3,11,-1.1677901,1.64478,7,2.01719
1985,3,12,-1.37641,1.5763299,7,2.09268
1985,3,13,-1.39158,1.18835,8,1.82994
1985,3,14,-1.26247,0.80637097,8,1.4980201
1985,3,15,-1.3521301,0.50966901,8,1.4450001
1985,3,16,-1.42712,0.549833,8,1.52937
1985,3,17,-1.1677901,0.49830499,8,1.26966
1985,3,18,-1.02736,0.30713099,8,1.0722899
1985,3,19,-1.01366,0.344587,8,1.07063
1985,3,20,-0.92641002,0.136678,8,0.93643498
1985,3,21,-0.73483002,-0.0438060984,1,0.73613602
1985,3,22,-0.56914002,0.17730699,8,0.59611797
1985,3,23,-0.35813001,0.46467599,7,0.58666998
1985,3,24,-0.23626,0.920066,7,0.94991601
1985,3,25,-0.13000999,1.13115,7,1.1386
1985,3,26,-0.33947,0.80064499,7,0.86963803
1985,3,27,-0.37661001,0.65681499,7,0.757128
1985,3,28,-0.65419,0.49945599,8,0.82305902
1985,3,29,-0.78034002,0.383203,8,0.86935401
1985,3,30,-0.89288998,0.0792270005,8,0.89639503
1985,3,31,-0.83025998,-0.53338999,1,0.98683298
1985,4,1,-0.62629002,-0.73390001,2,0.96480399
1985,4,2,-0.53996003,-0.70494998,2,0.887986
1985,4,3,-0.46634001,-0.64897001,2,0.79915202
1985,4,4,-0.25351,-0.85689002,2,0.89359999
1985,4,5,-0.46070001,-0.96986002,2,1.07372
1985,4,6,-0.27208999,-0.97447002,2,1.01174
1985,4,7,0.188023,-0.76484001,3,0.78761399
1985,4,8,0.460004,-0.79005998,3,0.914222
1985,4,9,0.62052602,-1.0658,3,1.2332799
1985,4,10,0.83385903,-1.0574501,3,1.34667
1985,4,11,1.1172301,-0.97454,4,1.48254
1985,4,12,1.34975,-0.86644,4,1.60392
1985,4,13,1.60097,-1.0461,4,1.9124399
1985,4,14,1.6727999,-0.70174003,4,1.81402
1985,4,15,1.72201,-0.31086999,4,1.74984
1985,4,16,1.86924,0.17202701,5,1.87714
1985,4,17,1.8046401,0.440781,5,1.85769
1985,4,18,1.58551,0.401416,5,1.63554
1985,4,19,1.28748,0.62043601,5,1.42918
1985,4,20,0.66093701,0.92532098,6,1.13713
1985,4,21,0.173761,1.28751,6,1.29918
1985,4,22,-0.0339622982,1.3624099,7,1.36283
1985,4,23,-0.35571,1.22811,7,1.27859
1985,4,24,-0.73259002,0.84181601,7,1.11595
1985,4,25,-0.93842,0.73930001,8,1.1946599
1985,4,26,-0.85598999,0.55782002,8,1.0217
1985,4,27,-0.65657997,0.602853,8,0.89136499
1985,4,28,-0.62089002,0.65130299,7,0.89982998
1985,4,29,-0.34491,0.747774,7,0.82348698
1985,4,30,-0.13963,0.94776398,7,0.957995
1985,5,1,0.0661401972,0.84662402,6,0.84920299
1985,5,2,0.14361501,0.81145102,6,0.82406199
1985,5,3,0.0856646001,0.87257397,6,0.87676901
1985,5,4,-0.15481,0.92733902,7,0.94017202
1985,5,5,-0.3942,0.77657998,7,0.870902
1985,5,6,-0.51770002,0.533786,7,0.74360198
1985,5,7,-0.71806997,0.38165399,8,0.81319398
1985,5,8,-0.84237999,0.17327601,8,0.86001301
1985,5,9,-0.68313998,-0.0989853963,1,0.69027299
1985,5,10,-0.66465998,-0.26925999,1,0.71712399
1985,5,11,-0.80378002,-0.27509999,1,0.849558
1985,5,12,-0.73479003,-0.382,1,0.82815498
1985,5,13,-0.16403,-0.45543,2,0.48407
1985,5,14,-0.13202,-0.73569,2,0.74744201
1985,5,15,-0.31669,-0.98970997,2,1.03914
1985,5,16,-0.3766,-1.19208,2,1.25015
1985,5,17,-0.35633001,-1.1626199,2,1.216
1985,5,18,-0.26304999,-1.14899,2,1.17871
1985,5,19,-0.10885,-1.0294501,2,1.03519
1985,5,20,0.149018,-1.20147,3,1.21068
1985,5,21,0.330614,-1.23373,3,1.2772599
1985,5,22,0.51266301,-1.20324,3,1.30791
1985,5,23,0.57094401,-1.10262,3,1.24167
1985,5,24,0.71909302,-0.93753999,3,1.18156
1985,5,25,1.00323,-0.69246,4,1.21901
1985,5,26,1.19686,-0.44125,4,1.27561
1985,5,27,1.23225,-0.080820702,4,1.2349
1985,5,28,1.09389,0.37347299,5,1.15589
1985,5,29,0.95716202,0.593005,5,1.12597
1985,5,30,0.84494501,0.67351598,5,1.0805399
1985,5,31,0.71897799,0.87504601,6,1.13254
1985,6,1,0.676153,0.78916901,6,1.03922
1985,6,2,0.32223001,1.00086,6,1.05146
1985,6,3,0.0351773016,1.1181,6,1.11865
1985,6,4,-0.33557999,0.74608701,7,0.81808299
1985,6,5,-0.59077001,0.415207,8,0.72208703
1985,6,6,-0.68993002,0.229481,8,0.72709799
1985,6,7,-0.58095002,-0.12356,1,0.59394002
1985,6,8,-0.20626,-0.0912586004,1,0.225545
1985,6,9,-0.0157699995,-0.0213843994,2,0.0265704002
1985,6,10,0.49247801,-0.29212999,4,0.57260102
1985,6,11,0.883035,-0.41563001,4,0.97596002
1985,6,12,1.1438,-0.45012,4,1.22918
1985,6,13,1.28859,-0.44014001,4,1.36168
1985,6,14,1.37731,-0.18815,4,1.3901
1985,6,15,1.49533,-0.0909012035,4,1.49809
1985,6,16,1.57946,0.19228201,5,1.59112
1985,6,17,1.7840101,0.37485701,5,1.82297
1985,6,18,1.7984999,0.29592499,5,1.82268
1985,6,19,2.1047101,0.32402301,5,2.1294999
1985,6,20,1.96854,0.61959898,5,2.06375
1985,6,21,1.6835901,1.13903,5,2.0327001
1985,6,22,1.73985,1.28799,5,2.1647201
1985,6,23,1.51206,1.44936,5,2.0945101
1985,6,24,1.15022,1.42636,6,1.83235
1985,6,25,0.85085201,1.70105,6,1.90198
1985,6,26,0.38755399,2.1289401,6,2.1639199
1985,6,27,-0.0708696991,1.81896,7,1.82034
1985,6,28,-0.53218001,1.42231,7,1.51861
1985,6,29,-0.75124002,0.94718802,7,1.20894
1985,6,30,-0.69397002,0.72080803,7,1.00058
1985,7,1,-0.53245997,0.63048601,7,0.82524401
1985,7,2,-0.34494001,0.38769799,7,0.51893502
1985,7,3,-0.29365,0.0198321007,8,0.29432201
1985,7,4,-0.40441,-0.11293,1,0.41988099
1985,7,5,-0.29921001,-0.22101,1,0.37198201
1985,7,6,-0.54764003,-0.19498,1,0.581312
1985,7,7,-0.53961998,-0.24815001,1,0.59394199
1985,7,8,-0.36004999,-0.27627999,1,0.45383501
1985,7,9,-0.18491,-0.29449001,2,0.347727
1985,7,10,-0.18815,-0.21296,2,0.284174
1985,7,11,-0.25874001,-0.0513520986,1,0.26378599
1985,7,12,-0.38927999,0.0357890986,8,0.39091799
1985,7,13,-0.34652001,0.0132446,8,0.34677601
1985,7,14,-0.39667001,0.0124594001,8,0.39686999
1985,7,15,-0.71693999,-0.0832651034,1,0.72175902
1985,7,16,-0.95630002,-0.22147,1,0.98160601
1985,7,17,-1.09566,-0.26229,1,1.12661
1985,7,18,-1.4515899,-0.45350999,1,1.52078
1985,7,19,-1.57973,-0.62897998,1,1.70034
1985,7,20,-1.5863,-0.67308998,1,1.7231899
1985,7,21,-1.2171,-0.58635002,1,1.35098
1985,7,22,-1.06077,-0.34953001,1,1.11687
1985,7,23,-0.65781999,0.0445622988,8,0.65933198
1985,7,24,-0.40283999,0.32782501,8,0.51937199
1985,7,25,-0.12883,0.48290199,7,0.499791
1985,7,26,0.0215300005,0.63049001,6,0.630858
1985,7,27,-0.0445067994,0.55917299,7,0.56094199
1985,7,28,-0.15624,0.38739601,7,0.41771501
1985,7,29,-0.0946874991,0.417321,7,0.427928
1985,7,30,0.0121678002,0.353365,6,0.35357499
1985,7,31,0.0617998987,0.34302399,6,0.348546
1985,8,1,-0.0376994982,0.51714998,7,0.51852202
1985,8,2,0.00697418023,0.51050901,6,0.51055598
1985,8,3,-0.20589,0.31066301,7,0.37269601
1985,8,4,-0.35887,0.174006,8,0.39883101
1985,8,5,-0.30627999,0.22793899,8,0.38179299
1985,8,6,-0.28683001,0.14002,8,0.31918299
1985,8,7,-0.15879001,0.0625329018,8,0.170662
1985,8,8,-0.0117809996,-0.35497001,2,0.35516101
1985,8,9,0.0224930998,-0.52780002,3,0.52827698
1985,8,10,0.52225298,-0.50836003,4,0.72881699
1985,8,11,0.53973597,-0.49994999,4,0.73570698
1985,8,12,0.52038902,-0.34494001,4,0.62432998
1985,8,13,0.47938001,-0.21878999,4,0.52694702
1985,8,14,0.56436902,-0.26201001,4,0.62222099
1985,8,15,0.357712,-0.24316999,4,0.43254
1985,8,16,0.0872519985,-0.34193,3,0.35288301
1985,8,17,0.0324141011,-0.55464,3,0.55558503
1985,8,18,-0.17287999,-0.58455002,2,0.60957998
1985,8,19,-0.00402441015,-0.43751001,2,0.437527
1985,8,20,0.0675380006,0.0636207014,5,0.0927845985
1985,8,21,0.0206172001,0.43234801,6,0.43283999
1985,8,22,-0.11565,0.53140402,7,0.54384202
1985,8,23,-0.28257999,0.39021599,7,0.48179001
1985,8,24,-0.34294,0.036949899,8,0.34492701
1985,8,25,-0.29923999,-0.35508001,2,0.46435601
1985,8,26,0.0064623002,-0.58990997,3,0.58994597
1985,8,27,0.0343346,-0.65261,3,0.65351701
1985,8,28,0.14298201,-0.48469001,3,0.50533497
1985,8,29,0.20852999,-0.54939002,3,0.58763701
1985,8,30,0.38051599,-0.0783943981,4,0.38850799
1985,8,31,0.55293602,-0.2069,4,0.590379
1985,9,1,0.54082298,-0.0253472999,4,0.541417
1985,9,2,0.194636,0.184846,5,0.268424
1985,9,3,-0.16986001,0.104831,8,0.19960099
1985,9,4,-0.0814165026,-0.0410369001,1,0.0911737978
1985,9,5,-0.16018,-0.19839001,2,0.25498599
1985,9,6,-0.40893,-0.25891,1,0.48400199
1985,9,7,-0.41804999,-0.0953084975,1,0.428781
1985,9,8,-0.39258,-0.27568001,1,0.47970599
1985,9,9,-0.3788,-0.41003999,2,0.558231
1985,9,10,-0.24954,-0.35793,2,0.43633199
1985,9,11,-0.0370866992,-0.32971001,2,0.331792
1985,9,12,0.14933901,-0.22397,3,0.269196
1985,9,13,0.0441166013,-0.11995,3,0.12780599
1985,9,14,-0.21253,-0.0862559006,1,0.22937
1985,9,15,-0.34066001,0.14419299,8,0.369923
1985,9,16,-0.3249,0.363267,7,0.48736599
1985,9,17,-0.37329,0.25557899,8,0.45240101
1985,9,18,-0.27838999,-0.0482539982,1,0.28253901
1985,9,19,-0.45894,-0.0159035008,1,0.459214
1985,9,20,-0.57261997,-0.0510692,1,0.57489097
1985,9,21,-1.04599,0.111816,8,1.05195
1985,9,22,-1.33323,0.166297,8,1.34356
1985,9,23,-1.1789401,0.39132401,8,1.24219
1985,9,24,-0.90331,0.45291901,8,1.0105
1985,9,25,-0.84394997,0.37985,8,0.92549503
1985,9,26,-0.74782002,0.138299,8,0.76050401
1985,9,27,-0.79267001,0.0948048979,8,0.79832399
1985,9,28,-0.50291997,-0.10205,1,0.51316899
1985,9,29,-0.4517,-0.22947,1,0.50664002
1985,9,30,-0.64930999,-0.30432999,1,0.71709001
1985,10,1,-0.78785002,-0.49507999,1,0.93049002
1985,10,2,-0.79301,-0.35567999,1,0.86912602
1985,10,3,-0.53298002,-0.58437002,2,0.79092401
1985,10,4,-0.2789,-0.80967999,2,0.85636997
1985,10,5,-0.46294999,-0.85213,2,0.96976203
1985,10,6,-0.39116001,-0.70121002,2,0.802935
1985,10,7,-0.35264999,-0.64943999,2,0.73900902
1985,10,8,-0.17192,-0.50326002,2,0.53181201
1985,10,9,0.047660999,-0.31149,3,0.31511101
1985,10,10,0.177821,-0.1943,3,0.26338899
1985,10,11,0.180105,0.0250372998,5,0.18183701
1985,10,12,0.28312001,0.32312399,6,0.42961201
1985,10,13,0.228579,0.53961498,6,0.58603102
1985,10,14,0.25462401,0.72257799,6,0.766128
1985,10,15,0.27145901,0.90394098,6,0.94382203
1985,10,16,0.176608,1.07425,6,1.08867
1985,10,17,0.38237101,1.27345,6,1.32962
1985,10,18,0.20470101,1.34266,6,1.35818
1985,10,19,-0.0155822001,1.32028,7,1.32037
1985,10,20,-0.37103,1.2882,7,1.34057
1985,10,21,-0.76525003,1.46027,7,1.64864
1985,10,22,-1.26545,1.54414,7,1.99643
1985,10,23,-1.62815,1.46137,8,2.1877999
1985,10,24,-2.23385,1.42388,8,2.64906
1985,10,25,-2.5314801,1.17567,8,2.7911601
1985,10,26,-2.6540999,1.05024,8,2.8543401
1985,10,27,-2.6907899,0.85118902,8,2.8222101
1985,10,28,-2.68207,0.65903401,8,2.7618501
1985,10,29,-2.72667,0.380371,8,2.7530799
1985,10,30,-2.75014,-0.1028,1,2.7520599
1985,10,31,-2.6788399,-0.62044001,1,2.7497499
1985,11,1,-2.33145,-1.1701,1,2.6085999
1985,11,2,-2.0038099,-1.73004,1,2.64732
1985,11,3,-1.77306,-1.94144,2,2.62925
1985,11,4,-1.14812,-2.0005901,2,2.3066299
1985,11,5,-0.52783,-2.0925701,2,2.1581099
1985,11,6,0.00357809011,-2.02847,3,2.0284801
1985,11,7,0.22812299,-1.79322,3,1.80767
1985,11,8,0.60168701,-1.42326,3,1.54521
1985,11,9,1.15525,-1.46162,3,1.86305
1985,11,10,1.35848,-1.17892,4,1.79869
1985,11,11,1.38811,-0.73329997,4,1.56989
1985,11,12,1.6647,-0.40525001,4,1.71331
1985,11,13,1.65453,-0.0514751002,4,1.6553299
1985,11,14,1.70345,0.50074703,5,1.77553
1985,11,15,1.62606,0.77836603,5,1.80276
1985,11,16,1.45302,1.20653,5,1.88864
1985,11,17,1.0723701,1.61886,6,1.94182
1985,11,18,0.71819502,1.79672,6,1.93495
1985,11,19,0.462246,1.68564,6,1.74788
1985,11,20,0.22052699,1.5553,6,1.57085
1985,11,21,0.134276,1.57891,6,1.58461
1985,11,22,0.172131,1.48059,6,1.4905601
1985,11,23,-0.11111,1.04734,7,1.05322
1985,11,24,-0.14582001,0.84831899,7,0.86076099
1985,11,25,-0.14532,0.87248302,7,0.88450199
1985,11,26,-0.27186999,0.87841201,7,0.919523
1985,11,27,-0.17378999,0.67948902,7,0.70136201
1985,11,28,-0.38018,0.751504,7,0.842197
1985,11,29,-0.50462002,0.61365497,7,0.794487
1985,11,30,-0.73034,0.333581,8,0.80291098
1985,12,1,-0.65222001,0.230665,8,0.69180602
1985,12,2,-0.58662999,0.25761399,8,0.640706
1985,12,3,-0.32117999,-0.033421699,1,0.32291201
1985,12,4,-0.072823897,-0.11903,2,0.139541
1985,12,5,0.16607,0.0902590007,5,0.189013
1985,12,6,0.318012,0.44419301,6,0.546296
1985,12,7,0.314237,0.69094801,6,0.75904799
1985,12,8,0.21705601,0.77121902,6,0.80118197
1985,12,9,0.0590284988,0.62076199,6,0.62356299
1985,12,10,0.251001,0.53493702,6,0.59089702
1985,12,11,0.436416,0.393244,5,0.58745199
1985,12,12,0.575845,0.52835298,5,0.78150702
1985,12,13,0.48813501,0.49657699,6,0.69632202
1985,12,14,0.602283,0.0955464989,5,0.609815
1985,12,15,0.72972101,0.0969119966,5,0.73612899
1985,12,16,0.57463598,-0.18323,4,0.60314298
1985,12,17,0.27186599,-0.37424999,3,0.462578
1985,12,18,-0.0249432996,-0.28698999,2,0.28806701
1985,12,19,-0.087950699,-0.20717999,2,0.22507399
1985,12,20,-0.28086001,-0.16109,1,0.32377601
1985,12,21,-0.55785,-0.14580999,1,0.57658601
1985,12,22,-0.38493001,-0.17732,1,0.42380899
1985,12,23,-0.47033,-0.2192,1,0.51889998
1985,12,24,-0.93156999,-0.30401,1,0.97992301
1985,12,25,-0.83814001,-0.32012999,1,0.89719701
1985,12,26,-0.71259999,-0.22097,1,0.74607199
1985,12,27,-0.7076,-0.69681001,1,0.99309599
1985,12,28,-0.93562001,-1.24684,2,1.55885
1985,12,29,-1.11321,-1.4207799,2,1.80496
1985,12,30,-0.96662998,-1.7217799,2,1.97457
1985,12,31,-0.56629002,-2.04286,2,2.1199
1986,1,1,-0.32648,-1.5589499,2,1.59277
1986,1,2,-0.41769999,-1.82689,2,1.87403
1986,1,3,0.0329149999,-2.4015,3,2.40172
1986,1,4,0.49274299,-2.4921601,3,2.54041
1986,1,5,0.58510602,-2.7686601,3,2.8298099
1986,1,6,0.66501302,-3.1388299,3,3.2085099
1986,1,7,0.99160099,-3.2551401,3,3.4028201
1986,1,8,1.2806,-3.3624799,3,3.5980799
1986,1,9,1.64219,-3.0454199,3,3.45997
1986,1,10,2.0410199,-2.56214,3,3.2757101
1986,1,11,2.4410701,-1.9613,4,3.1313801
1986,1,12,2.4760101,-1.43378,4,2.8611801
1986,1,13,2.7212999,-0.87971997,4,2.8599601
1986,1,14,2.8857801,-0.48996001,4,2.9270699
1986,1,15,2.7788301,-0.14445999,4,2.7825799
1986,1,16,2.5980599,-0.0686073005,4,2.5989599
1986,1,17,2.43572,0.27788901,5,2.45152
1986,1,18,2.1391301,0.457679,5,2.1875401
1986,1,19,1.82198,0.75111401,5,1.9707299
1986,1,20,1.69063,1.09433,5,2.0139
1986,1,21,1.48084,1.31682,5,1.98164
1986,1,22,1.12328,1.51618,6,1.88694
1986,1,23,0.90413398,1.6954,6,1.92142
1986,1,24,0.64150703,2.0611701,6,2.15869
1986,1,25,0.395785,2.07816,6,2.11552
1986,1,26,0.30096501,1.93063,6,1.95395
1986,1,27,0.168304,1.71077,6,1.71903
1986,1,28,-0.0566329993,1.61483,7,1.6158201
1986,1,29,-0.24687,1.57613,7,1.59534
1986,1,30,-0.35043001,1.57112,7,1.60973
1986,1,31,-0.0750973001,1.48359,7,1.48549
1986,2,1,-0.16256,1.21087,7,1.22173
1986,2,2,-0.00927957986,0.97983497,7,0.97987902
1986,2,3,-0.42989999,0.86478502,7,0.96574903
1986,2,4,-0.71390998,0.93763,7,1.17848
1986,2,5,-0.81387001,1.03201,7,1.31431
1986,2,6,-0.98443002,0.81421697,8,1.2775199
1986,2,7,-1.0269099,0.16487999,8,1.0400701
1986,2,8,-1.40483,-0.35247999,1,1.44838
1986,2,9,-1.44791,-0.61671001,1,1.5737799
1986,2,10,-1.13413,-0.33814999,1,1.18347
1986,2,11,-0.89908999,-0.26097,1,0.93619901
1986,2,12,-0.69378,-0.0290032998,1,0.69438797
1986,2,13,-0.48129001,0.105075,8,0.492623
1986,2,14,0.0156548992,0.218715,6,0.219275
1986,2,15,0.261446,0.191908,5,0.32431901
1986,2,16,0.25258499,-0.0809625015,4,0.26524401
1986,2,17,-0.0199242998,-0.0062448699,1,0.0208800007
1986,2,18,0.0169041008,-0.0283202007,3,0.0329815
1986,2,19,0.46016601,-0.0106645003,4,0.460289
1986,2,20,0.117259,-0.0785152987,4,0.141118
1986,2,21,-0.13369,0.41135001,7,0.432531
1986,2,22,-0.48703,0.464026,8,0.67269301
1986,2,23,-0.82726997,0.58528,8,1.01337
1986,2,24,-1.18297,0.56498301,8,1.3109601
1986,2,25,-1.4442199,0.350243,8,1.4860899
1986,2,26,-1.27847,0.243011,8,1.30136
1986,2,27,-1.40836,-0.24411,1,1.42936
1986,2,28,-1.44068,-0.70462,1,1.60376
1986,3,1,-1.13114,-1.1539,2,1.61585
1986,3,2,-0.91716999,-1.30665,2,1.59641
1986,3,3,-0.88783997,-1.61588,2,1.84373
1986,3,4,-0.73351997,-1.76653,2,1.91277
1986,3,5,-0.60447001,-1.851,2,1.9471999
1986,3,6,-0.48657,-2.0634401,2,2.1200299
1986,3,7,-0.52768999,-2.1816199,2,2.24453
1986,3,8,-0.83638,-2.3813801,2,2.5239799
1986,3,9,-1.07669,-2.4558101,2,2.6814699
1986,3,10,-1.06089,-2.55984,2,2.7709701
1986,3,11,-1.11452,-2.7199199,2,2.93941
1986,3,12,-0.78974998,-2.8380401,2,2.9458699
1986,3,13,-0.57130003,-2.8970599,2,2.9528501
1986,3,14,-0.053379599,-3.0045099,2,3.0049801
1986,3,15,0.40376401,-2.8306899,3,2.85934
1986,3,16,0.77180099,-2.7225599,3,2.8298399
1986,3,17,1.24243,-2.55674,3,2.8426299
1986,3,18,1.3616,-2.4130499,3,2.7707
1986,3,19,1.28877,-2.30003,3,2.6364801
1986,3,20,1.32093,-2.15467,3,2.5273399
1986,3,21,1.45008,-1.87027,3,2.36656
1986,3,22,1.50858,-1.40843,4,2.0638499
1986,3,23,1.77756,-1.24808,4,2.1719601
1986,3,24,1.74239,-1.05655,4,2.0376999
1986,3,25,1.49525,-0.63072997,4,1.62283
1986,3,26,1.32297,-0.4339,4,1.39231
1986,3,27,1.2947,-0.10944,4,1.29932
1986,3,28,1.60848,0.347139,5,1.64551
1986,3,29,1.7667,0.56153202,5,1.85379
1986,3,30,1.68163,0.81118703,5,1.8670501
1986,3,31,1.5595,0.74966699,5,1.73033
1986,4,1,1.3307,0.61266798,5,1.46497
1986,4,2,1.1026,0.99402797,5,1.48453
1986,4,3,0.666798,1.11371,6,1.2980601
1986,4,4,0.241142,1.31683,6,1.33873
1986,4,5,-0.0566609018,1.46665,7,1.46775
1986,4,6,0.0508436002,1.25509,6,1.25612
1986,4,7,0.156299,0.92007101,6,0.93325198
1986,4,8,0.193785,0.787588,6,0.81107801
1986,4,9,0.29935199,0.70749003,6,0.768215
1986,4,10,0.45761299,1.13351,6,1.2224
1986,4,11,0.72081202,1.27476,6,1.46444
1986,4,12,0.76603198,1.61001,6,1.7829601
1986,4,13,0.35948199,1.79363,6,1.8293
1986,4,14,0.0224147998,1.86122,6,1.8613501
1986,4,15,-0.27750999,1.88217,7,1.9025199
1986,4,16,-0.37294,1.77388,7,1.81266
1986,4,17,-0.5043,1.51621,7,1.59787
1986,4,18,-0.50339001,1.41232,7,1.49935
1986,4,19,-0.47183001,1.47905,7,1.55248
1986,4,20,-0.52564001,1.2112,7,1.32034
1986,4,21,-0.48874,0.79908198,7,0.93669701
1986,4,22,-0.61910999,0.348447,8,0.71043098
1986,4,23,-0.50626999,0.104262,8,0.516891
1986,4,24,-0.43248001,-0.0527996011,1,0.43569201
1986,4,25,-0.31909001,-0.36302999,2,0.48333201
1986,4,26,-0.13762,-0.23666,2,0.27376199
1986,4,27,0.0463786982,-0.25246999,3,0.25669801
1986,4,28,0.38187599,-0.46917999,3,0.60494697
1986,4,29,0.60808498,-0.4578,4,0.76114702
1986,4,30,0.598517,-0.25856,4,0.65197802
1986,5,1,0.80068898,-0.15837,4,0.81620198
1986,5,2,1.0544699,-0.0174979996,4,1.05462
1986,5,3,1.0724,0.112888,5,1.07832
1986,5,4,0.91117197,0.38747799,5,0.99013799
1986,5,5,0.98249,0.46065199,5,1.08512
1986,5,6,0.98640299,0.50339001,5,1.10743
1986,5,7,0.90511203,0.74553901,5,1.17263
1986,5,8,0.69730502,0.97295398,6,1.1970299
1986,5,9,0.64097798,1.52648,6,1.6556
1986,5,10,0.72857302,1.8918101,6,2.0272501
1986,5,11,0.74204898,1.73287,6,1.88507
1986,5,12,0.38317901,1.70139,6,1.74401
1986,5,13,0.21515501,1.64165,6,1.65569
1986,5,14,0.22282401,1.61721,6,1.63249
1986,5,15,0.32546499,1.4059401,6,1.44312
1986,5,16,0.40735,1.53286,6,1.5860699
1986,5,17,0.31052601,1.58214,6,1.6123199
1986,5,18,0.25314501,1.54353,6,1.56415
1986,5,19,0.185679,1.58259,6,1.59345
1986,5,20,-0.12248,1.64852,7,1.65307
1986,5,21,-0.53592998,1.83815,7,1.91468
1986,5,22,-0.99378002,1.96655,7,2.2033899
1986,5,23,-1.3008699,2.0471599,7,2.4255099
1986,5,24,-1.63603,1.93188,7,2.5315499
1986,5,25,-2.0206101,1.19866,8,2.3494
1986,5,26,-2.13415,0.52257299,8,2.19719
1986,5,27,-2.4324999,0.129742,8,2.4359601
1986,5,28,-2.49895,0.099877201,8,2.5009401
1986,5,29,-2.1986799,0.0423354991,8,2.19909
1986,5,30,-2.0771501,-0.0235134996,1,2.07728
1986,5,31,-1.7253799,-0.37911999,1,1.7665401
1986,6,1,-1.43854,-0.53066999,1,1.53329
1986,6,2,-1.05458,-0.72970003,1,1.28242
1986,6,3,-0.62190998,-0.98417002,2,1.1641999
1986,6,4,-0.38183999,-1.20952,2,1.26836
1986,6,5,-0.22352999,-1.1301301,2,1.15203
1986,6,6,-0.11029,-1.0542001,2,1.05996
1986,6,7,-0.0214517992,-0.93142003,2,0.931665
1986,6,8,-0.12435,-0.96471,2,0.97269201
1986,6,9,-0.0122055998,-1.01818,2,1.01825
1986,6,10,0.397212,-1.14948,3,1.21617
1986,6,11,0.58392102,-1.15672,3,1.29575
1986,6,12,0.81081998,-0.98742002,3,1.27767
1986,6,13,0.989254,-0.91587001,4,1.34812
1986,6,14,1.2448,-0.78281999,4,1.47049
1986,6,15,1.39809,-0.55653,4,1.5047801
1986,6,16,1.34531,-0.0663030967,4,1.34694
1986,6,17,1.58802,0.36646199,5,1.62975
1986,6,18,1.76099,0.72960401,5,1.90615
1986,6,19,1.85633,0.73251897,5,1.99563
1986,6,20,1.8868001,0.69334,5,2.01016
1986,6,21,1.8900501,0.85449803,5,2.07423
1986,6,22,1.77465,1.3116,5,2.2067399
1986,6,23,1.7042201,1.63304,5,2.3603401
1986,6,24,1.26012,1.7121,6,2.1258399
1986,6,25,0.57978898,1.80975,6,1.90035
1986,6,26,0.0104080997,1.9635,6,1.9635299
1986,6,27,-0.35291001,1.9051501,7,1.93756
1986,6,28,-0.68962997,1.6982501,7,1.83293
1986,6,29,-0.82128,1.4958301,7,1.70645
1986,6,30,-0.77442998,1.59068,7,1.7691801
1986,7,1,-0.99673998,1.80137,7,2.0587399
1986,7,2,-0.80694997,1.78764,7,1.9613301
1986,7,3,-0.95362002,1.30936,7,1.61982
1986,7,4,-1.01353,1.37541,7,1.70851
1986,7,5,-0.99733001,0.73314703,8,1.23781
1986,7,6,-0.64506,0.32494301,8,0.72227901
1986,7,7,-0.28219,0.0182933006,8,0.28277999
1986,7,8,-0.11166,-0.22288001,2,0.249282
1986,7,9,0.113951,-0.36280999,3,0.38028201
1986,7,10,0.54760402,-0.57384998,3,0.793203
1986,7,11,0.96066302,-0.68008,4,1.17702
1986,7,12,1.22201,-0.51595002,4,1.32646
1986,7,13,1.12264,-0.19706,4,1.1398
1986,7,14,1.31964,-0.24639,4,1.34244
1986,7,15,1.1469001,-0.0129578998,4,1.14697
1986,7,16,0.71378702,0.25382599,5,0.75757498
1986,7,17,0.42220801,0.62057698,6,0.75058299
1986,7,18,0.32450899,0.94435298,6,0.99855298
1986,7,19,0.220182,1.0458,6,1.06873
1986,7,20,0.0918394998,0.86542201,6,0.87028199
1986,7,21,-0.0429118983,0.88805598,7,0.88909203
1986,7,22,-0.10304,0.67308903,7,0.68093097
1986,7,23,-0.31279001,0.45067099,7,0.54858297
1986,7,24,-0.64840001,0.50739503,8,0.823331
1986,7,25,-0.48447999,0.46538499,8,0.67179
1986,7,26,-0.29521,0.25048599,8,0.38716
1986,7,27,-0.19842,0.25331399,7,0.32177699
1986,7,28,-0.0308097005,0.30868399,7,0.31021801
1986,7,29,0.14949299,0.32277501,6,0.35571301
1986,7,30,0.31542099,0.52496302,6,0.61243498
1986,7,31,0.722202,0.783952,6,1.06591
1986,8,1,1.00641,0.98221397,5,1.40628
1986,8,2,1.04176,0.96834099,5,1.4223
1986,8,3,1.19146,0.97978699,5,1.54258
1986,8,4,1.35848,1.15967,5,1.78614
1986,8,5,1.47004,1.36645,5,2.00704
1986,8,6,1.38002,1.66714,6,2.1642101
1986,8,7,1.166,1.66301,6,2.03105
1986,8,8,1.09191,1.68084,6,2.00437
1986,8,9,0.76043701,1.5260201,6,1.70499
1986,8,10,0.67530203,1.5355,6,1.67744
1986,8,11,0.74425,1.60787,6,1.77176
1986,8,12,0.86766899,1.75745,6,1.95997
1986,8,13,0.79546797,1.94039,6,2.09711
1986,8,14,0.57086599,2.1326399,6,2.20772
1986,8,15,0.53249002,2.1060901,6,2.1723599
1986,8,16,0.13410801,1.91203,6,1.91672
1986,8,17,-0.31569999,1.88842,7,1.9146301
1986,8,18,-0.39583001,1.77713,7,1.82068
1986,8,19,-0.79036999,1.73657,7,1.90798
1986,8,20,-0.72244,1.71057,7,1.8568701
1986,8,21,-0.57494003,1.31591,7,1.43603
1986,8,22,-0.73150003,1.09395,7,1.31598
1986,8,23,-0.91688001,0.95232499,7,1.32196
1986,8,24,-0.65932,0.679636,7,0.94689399
1986,8,25,-0.61290997,0.28818801,8,0.67728001
1986,8,26,-0.56572998,-0.0499342009,1,0.56792599
1986,8,27,-0.73395997,-0.48175001,1,0.87793797
1986,8,28,-0.80097997,-0.70599002,1,1.06771
1986,8,29,-0.65429997,-0.60987002,1,0.89445901
1986,8,30,-0.31419,-0.61194998,2,0.68789703
1986,8,31,-0.19234,-0.67553002,2,0.70237499
1986,9,1,-0.0833073035,-0.71271002,2,0.71755999
1986,9,2,0.15133899,-0.57326001,3,0.59289598
1986,9,3,0.33081901,-0.70602,3,0.77968699
1986,9,4,0.42633599,-0.86829001,3,0.967309
1986,9,5,0.49015501,-1.07073,3,1.17759
1986,9,6,0.57599598,-1.15504,3,1.2906899
1986,9,7,0.537377,-1.28606,3,1.39381
1986,9,8,0.96264398,-1.2062,3,1.54325
1986,9,9,1.0539,-0.94208997,4,1.41359
1986,9,10,1.17114,-0.52805001,4,1.28468
1986,9,11,1.30795,-0.0495175011,4,1.30889
1986,9,12,1.46753,0.18422,5,1.47904
1986,9,13,1.32161,0.647174,5,1.47156
1986,9,14,1.07105,0.57967198,5,1.21785
1986,9,15,0.91047901,0.88450402,5,1.26938
1986,9,16,0.983064,1.1908799,6,1.54422
1986,9,17,1.03985,1.24708,6,1.6237299
1986,9,18,0.91293699,1.02694,6,1.37407
1986,9,19,0.52344102,1.03389,6,1.15885
1986,9,20,0.25556299,0.91560602,6,0.95060301
1986,9,21,-0.1769,0.69187999,7,0.71413702
1986,9,22,-0.60487998,0.62313497,7,0.86843503
1986,9,23,-0.87212998,0.69540501,8,1.11544
1986,9,24,-1.05047,0.32811099,8,1.10052
1986,9,25,-1.34873,-0.25957999,1,1.37348
1986,9,26,-1.3837301,-0.72587001,1,1.56256
1986,9,27,-1.37158,-0.95669001,1,1.6722701
1986,9,28,-1.06516,-1.0067199,1,1.46562
1986,9,29,-0.91023999,-1.0201,2,1.36716
1986,9,30,-0.99579,-1.09016,2,1.4765
1986,10,1,-0.96765,-1.00324,2,1.39386
1986,10,2,-0.71613997,-0.65423,1,0.96999103
1986,10,3,-0.60118997,-0.37380999,1,0.70793003
1986,10,4,-0.47091001,-0.48536,2,0.67625898
1986,10,5,-0.41034001,-0.44758001,2,0.60721499
1986,10,6,-0.39001,-0.21125001,1,0.44354901
1986,10,7,-0.27246001,-0.14012,1,0.30638301
1986,10,8,-0.29793999,0.0454531983,8,0.30138499
1986,10,9,-0.35894001,-0.17218,1,0.398101
1986,10,10,-0.34595999,-0.46349001,2,0.578372
1986,10,11,-0.22993,-0.74207002,2,0.776878
1986,10,12,-0.43094999,-0.78852999,2,0.89861202
1986,10,13,-0.60140002,-0.67399001,2,0.90329802
1986,10,14,-0.49428999,-0.47713,1,0.687002
1986,10,15,-0.35146999,-0.38269001,2,0.51959801
1986,10,16,0.0274317004,-0.31419,3,0.315386
1986,10,17,0.45095301,-0.40296999,4,0.60476899
1986,10,18,0.33089101,-0.61260003,3,0.69625199
1986,10,19,0.25301301,-0.73758,3,0.77977002
1986,10,20,0.0988224,-0.60409999,3,0.61212498
1986,10,21,-0.16542999,-0.65937001,2,0.67980301
1986,10,22,-0.21958999,-0.68494999,2,0.719293
1986,10,23,-0.35837999,-0.87971997,2,0.94992
1986,10,24,-0.40851,-1.2563601,2,1.32111
1986,10,25,-0.64019001,-1.50317,2,1.6338201
1986,10,26,-0.39717999,-1.63237,2,1.6799901
1986,10,27,0.22574501,-1.9507101,3,1.96373
1986,10,28,0.504094,-2.0064199,3,2.0687799
1986,10,29,0.84119999,-2.2378299,3,2.3907101
1986,10,30,0.96180701,-2.34407,3,2.53372
1986,10,31,1.1734,-2.28443,3,2.5681701
1986,11,1,1.52003,-2.3111701,3,2.7662301
1986,11,2,1.69848,-2.2418001,3,2.8125601
1986,11,3,1.89219,-1.99448,3,2.7492399
1986,11,4,1.9853899,-1.59377,4,2.5459599
1986,11,5,2.0125599,-1.18682,4,2.3364301
1986,11,6,2.1077299,-0.83203,4,2.26601
1986,11,7,2.2609899,-0.71076,4,2.37008
1986,11,8,2.31743,-0.64826,4,2.40639
1986,11,9,2.1206801,-0.86012,4,2.28847
1986,11,10,2.15711,-0.54601002,4,2.2251401
1986,11,11,1.85139,0.0266891997,5,1.85158
1986,11,12,1.6336401,0.50255698,5,1.70919
1986,11,13,1.29532,1.0410399,5,1.66181
1986,11,14,0.949238,1.37061,6,1.66722
1986,11,15,0.38571101,1.40705,6,1.4589601
1986,11,16,-0.24575999,1.4799401,7,1.50021
1986,11,17,-0.63296002,1.24621,7,1.39774
1986,11,18,-0.74829,1.3970799,7,1.58485
1986,11,19,-0.89170003,1.12775,7,1.43769
1986,11,20,-0.98724002,1.0093,7,1.41185
1986,11,21,-1.24647,0.80537701,8,1.48402
1986,11,22,-1.33499,0.437473,8,1.40484
1986,11,23,-1.55821,0.15978099,8,1.56639
1986,11,24,-1.77308,5.95027996e-05,8,1.77308
1986,11,25,-1.9339499,-0.13747001,1,1.93883
1986,11,26,-2.1696,-0.38453999,1,2.2034199
1986,11,27,-1.8724101,-0.70289999,1,1.99999
1986,11,28,-1.58768,-1.07278,1,1.91614
1986,11,29,-1.26731,-0.89353001,1,1.55063
1986,11,30,-0.96057999,-0.74048001,1,1.21286
1986,12,1,-0.83345002,-0.58719999,1,1.0195301
1986,12,2,-0.85022002,-0.39052999,1,0.93562299
1986,12,3,-0.50696999,-0.29728001,1,0.58769798
1986,12,4,-0.26835999,-0.21997,1,0.346993
1986,12,5,-0.33563,-0.20663001,1,0.39414001
1986,12,6,-0.39779001,-0.0733987987,1,0.40450799
1986,12,7,-0.52363998,-0.32126001,1,0.61433703
1986,12,8,-0.49507001,-0.63569999,2,0.80573398
1986,12,9,-0.57774001,-0.85727,2,1.03378
1986,12,10,-0.40447,-0.90774,2,0.993774
1986,12,11,-0.20209999,-1.0144,2,1.03433
1986,12,12,-0.14956,-1.13583,2,1.14563
1986,12,13,-0.1184,-0.87392002,2,0.88190597
1986,12,14,-0.21708,-0.69902003,2,0.73194999
1986,12,15,-0.45684999,-0.54391003,2,0.710316
1986,12,16,-0.19879,-0.11289,1,0.22861201
1986,12,17,-0.20635,-0.0461848006,1,0.211459
1986,12,18,-0.24735001,0.24794,7,0.35021999
1986,12,19,-0.46724001,0.18299501,8,0.50179398
1986,12,20,-0.75388998,0.141267,8,0.76700997
1986,12,21,-0.91829002,0.086906597,8,0.92238998
1986,12,22,-1.1493599,0.0328083001,8,1.14983
1986,12,23,-1.47355,0.0027835099,8,1.47356
1986,12,24,-1.60719,-0.11582,1,1.61136
1986,12,25,-1.45643,-0.47872001,1,1.53309
1986,12,26,-1.4196,-0.86129999,1,1.66045
1986,12,27,-1.49869,-0.83775002,1,1.7169501
1986,12,28,-1.36049,-0.66162997,1,1.51284
1986,12,29,-1.09328,-0.53504002,1,1.21718
1986,12,30,-0.88296998,-0.66455001,1,1.10511
1986,12,31,-0.89583999,-0.96166003,2,1.31427
1987,1,1,-0.68023002,-0.87878001,2,1.11129
1987,1,2,-0.38698,-0.98714,2,1.06028
1987,1,3,-0.39236,-1.05575,2,1.1263
1987,1,4,-0.10877,-1.22885,2,1.23366
1987,1,5,-0.0490606017,-1.33612,2,1.33702
1987,1,6,0.0631242022,-1.3999799,3,1.4014
1987,1,7,0.158113,-1.53678,3,1.54489
1987,1,8,0.52712798,-1.59788,3,1.68258
1987,1,9,0.52985901,-1.4469301,3,1.5409
1987,1,10,0.57483101,-1.42575,3,1.5372699
1987,1,11,0.77922899,-1.20105,3,1.43169
1987,1,12,0.90645999,-0.89905,4,1.2767
1987,1,13,0.72765702,-0.55848002,4,0.91727102
1987,1,14,0.60658503,-0.38773,4,0.71991497
1987,1,15,0.58147597,-0.44940999,4,0.73490202
1987,1,16,0.32172301,-0.38130999,3,0.498898
1987,1,17,0.37242699,-0.31786001,4,0.489627
1987,1,18,0.26803201,-0.37307999,3,0.45937899
1987,1,19,0.31534001,-0.55427003,3,0.63769603
1987,1,20,0.513695,-0.44286999,4,0.67824799
1987,1,21,0.54825503,-0.75463998,3,0.93277198
1987,1,22,0.35208699,-1.05064,3,1.10807
1987,1,23,0.176208,-1.0144,3,1.02959
1987,1,24,0.19893999,-0.74940997,3,0.77536702
1987,1,25,0.246411,-0.69002002,3,0.73269701
1987,1,26,0.379233,-0.79873002,3,0.88418603
1987,1,27,0.67299002,-0.61773002,4,0.91351402
1987,1,28,1.07294,-0.52337003,4,1.19379
1987,1,29,0.94142503,-0.34735999,4,1.00346
1987,1,30,0.60718697,-0.0796928033,4,0.61239499
1987,1,31,0.416069,0.27412599,5,0.49825501
1987,2,1,0.480652,0.63583201,6,0.79706198
1987,2,2,0.250954,1.09835,6,1.12665
1987,2,3,-0.0188606996,1.58989,7,1.59
1987,2,4,0.00628110999,1.87865,6,1.87866
1987,2,5,-0.48536,2.1175799,7,2.1724899
1987,2,6,-0.77223998,2.0249901,7,2.1672399
1987,2,7,-0.80926001,1.79355,7,1.96767
1987,2,8,-0.67192,1.71725,7,1.84402
1987,2,9,-0.45486999,1.79134,7,1.8481899
1987,2,10,-0.13702001,1.58081,7,1.58673
1987,2,11,0.18797199,1.57287,6,1.58406
1987,2,12,0.0565748997,1.41201,6,1.41315
1987,2,13,-0.0979366004,1.05837,7,1.0628999
1987,2,14,-0.0172713995,0.61359602,7,0.61383897
1987,2,15,-0.0722860023,0.579126,7,0.58362001
1987,2,16,-0.14765,0.72648001,7,0.74133301
1987,2,17,-0.12651999,0.85675502,7,0.86604601
1987,2,18,-0.0555161983,1.14677,7,1.14812
1987,2,19,-0.17174,1.34954,7,1.36043
1987,2,20,-0.15239,1.0667,7,1.07753
1987,2,21,0.122342,1.1515501,6,1.15803
1987,2,22,0.296047,1.38011,6,1.4115
1987,2,23,0.365464,1.5885299,6,1.63003
1987,2,24,0.315054,1.62477,6,1.65504
1987,2,25,0.108214,1.7557499,6,1.7590801
1987,2,26,0.0717282966,1.82346,6,1.82487
1987,2,27,-0.11898,1.93878,7,1.94243
1987,2,28,-0.50005001,1.9851201,7,2.0471301
1987,3,1,-1.15553,1.57165,7,1.95073
1987,3,2,-1.4837,1.40324,8,2.04217
1987,3,3,-1.65175,0.95649201,8,1.9087
1987,3,4,-1.8313,0.38911,8,1.87218
1987,3,5,-1.80844,0.0191424005,8,1.80854
1987,3,6,-1.6487499,-0.13465001,1,1.65424
1987,3,7,-1.59947,-0.64498001,1,1.72462
1987,3,8,-1.58969,-1.0563999,1,1.90869
1987,3,9,-1.60377,-1.01676,1,1.8989201
1987,3,10,-1.34716,-1.33324,1,1.89536
1987,3,11,-0.80576998,-1.38635,2,1.6035
1987,3,12,-0.35725999,-1.71944,2,1.75617
1987,3,13,-0.15200999,-1.79741,2,1.80382
1987,3,14,0.0452629998,-1.8701299,3,1.87067
1987,3,15,0.102201,-1.85671,3,1.85952
1987,3,16,0.414287,-1.76667,3,1.81459
1987,3,17,0.76163399,-1.50317,3,1.68512
1987,3,18,0.99760401,-1.20443,3,1.56393
1987,3,19,1.10059,-0.79075998,4,1.3552099
1987,3,20,1.11079,-0.72070003,4,1.32411
1987,3,21,0.73484701,-0.49291,4,0.88485003
1987,3,22,0.209209,-0.15618999,4,0.26108399
1987,3,23,-0.39353001,0.0585044995,8,0.39785299
1987,3,24,-1.26306,0.16700201,8,1.27405
1987,3,25,-1.62143,-0.1613,1,1.6294301
1987,3,26,-1.68697,-0.38613999,1,1.7306
1987,3,27,-1.57715,-0.80239999,1,1.7695301
1987,3,28,-1.8004301,-1.04162,1,2.08003
1987,3,29,-1.7934,-1.13671,1,2.1233001
1987,3,30,-1.74198,-1.23166,1,2.13342
1987,3,31,-1.36163,-1.3413301,1,1.91133
1987,4,1,-0.98229998,-1.4611,2,1.76061
1987,4,2,-0.27175,-1.28406,2,1.3125
1987,4,3,0.118338,-1.21583,3,1.22158
1987,4,4,0.217824,-1.20341,3,1.22296
1987,4,5,0.34312099,-0.44488001,3,0.56182897
1987,4,6,0.34610999,0.0333443992,5,0.34771201
1987,4,7,0.59812099,0.45328501,5,0.75047702
1987,4,8,0.76200801,0.77541,6,1.08716
1987,4,9,0.56659299,0.92045099,6,1.08086
1987,4,10,0.72386497,1.0688699,6,1.29091
1987,4,11,0.65800202,1.1027499,6,1.28414
1987,4,12,0.36054301,1.2722,6,1.32231
1987,4,13,-0.40939,1.35513,7,1.41561
1987,4,14,-0.93566,1.4890701,7,1.75863
1987,4,15,-1.02968,1.32568,7,1.6785901
1987,4,16,-1.0147099,1.12657,7,1.51618
1987,4,17,-1.00845,0.82458198,8,1.30265
1987,4,18,-0.97955,0.58292902,8,1.1398799
1987,4,19,-1.0568399,0.37017801,8,1.1198
1987,4,20,-1.33877,0.0648982972,8,1.34035
1987,4,21,-1.1787601,-0.1054,1,1.18346
1987,4,22,-0.97022003,0.0154248998,8,0.970339
1987,4,23,-0.89406002,0.0561029017,8,0.89581501
1987,4,24,-0.82753998,0.16658001,8,0.84414297
1987,4,25,-0.86343998,0.0317221992,8,0.86402601
1987,4,26,-1.02062,-0.0142162004,1,1.02072
1987,4,27,-1.03201,-0.24329001,1,1.0603
1987,4,28,-1.02055,-0.45061001,1,1.11561
1987,4,29,-0.75703001,-0.76717001,2,1.07779
1987,4,30,-0.57621998,-0.79872,2,0.984873
1987,5,1,-0.29978001,-0.84222001,2,0.89397901
1987,5,2,0.122955,-0.69489002,3,0.70568502
1987,5,3,0.40669,-0.4039,4,0.57317698
1987,5,4,0.442296,-0.33149999,4,0.55273497
1987,5,5,0.59065002,-0.28426999,4,0.65549499
1987,5,6,0.596026,-0.13502,4,0.61112797
1987,5,7,0.53244901,-0.0502367988,4,0.53481299
1987,5,8,0.30878201,0.30027401,5,0.430709
1987,5,9,0.0458424985,0.62414902,6,0.62582999
1987,5,10,-0.29578999,0.74572003,7,0.802239
1987,5,11,-0.43540001,0.88954598,7,0.990385
1987,5,12,-0.41111001,0.93979502,7,1.02578
1987,5,13,-0.46625,0.903602,7,1.0168
1987,5,14,-0.70436001,1.25178,7,1.43635
1987,5,15,-1.19269,1.55688,7,1.96122
1987,5,16,-1.6069,1.92301,7,2.5060101
1987,5,17,-1.7832,1.74532,8,2.4951799
1987,5,18,-2.0564101,1.54168,8,2.5701301
1987,5,19,-2.54001,1.0938801,8,2.7655399
1987,5,20,-2.65523,0.689924,8,2.7434001
1987,5,21,-2.1468,0.102261,8,2.14924
1987,5,22,-1.61415,-0.54421997,1,1.7034301
1987,5,23,-1.46891,-1.01615,1,1.78613
1987,5,24,-1.19423,-1.33717,2,1.79282
1987,5,25,-0.79105002,-1.39508,2,1.60375
1987,5,26,-0.47567001,-1.3271,2,1.40977
1987,5,27,-0.0844322965,-1.2390701,2,1.24195
1987,5,28,0.144146,-1.31758,3,1.32544
1987,5,29,0.30396,-1.40292,3,1.43547
1987,5,30,0.228981,-1.52851,3,1.54556
1987,5,31,0.17020699,-1.72465,3,1.73303
1987,6,1,0.36755401,-1.76559,3,1.80344
1987,6,2,0.64145797,-1.72215,3,1.8377301
1987,6,3,1.04634,-1.7263499,3,2.0186901
1987,6,4,1.29356,-1.3969001,3,1.90385
1987,6,5,1.46148,-1.0578901,4,1.80418
1987,6,6,1.5886,-0.58098,4,1.6914999
1987,6,7,1.7732,-0.24236,4,1.78968
1987,6,8,1.74941,-0.0259032007,4,1.7496099
1987,6,9,1.70683,0.0624877997,5,1.70797
1987,6,10,1.66287,0.291632,5,1.6882499
1987,6,11,1.43134,0.476592,5,1.5086
1987,6,12,1.3450201,0.53647298,5,1.44806
1987,6,13,1.27282,0.51994699,5,1.37492
1987,6,14,1.2158999,0.49818099,5,1.314
1987,6,15,1.1021399,0.57981598,5,1.24535
1987,6,16,0.96459699,0.59370899,5,1.13267
1987,6,17,0.90274101,0.559075,5,1.0618401
1987,6,18,0.86018699,0.29338801,5,0.90884501
1987,6,19,0.367237,0.110587,5,0.383526
1987,6,20,0.124641,-0.0194352996,4,0.126148
1987,6,21,-0.0125879999,-0.11861,2,0.119272
1987,6,22,-0.1081,0.00163398997,8,0.108111
1987,6,23,0.0824462026,0.20340399,6,0.219478
1987,6,24,0.42123801,0.45140201,6,0.61741799
1987,6,25,0.57125503,0.65435201,6,0.86862499
1987,6,26,0.751948,0.86697501,6,1.14764
1987,6,27,0.85347998,0.834934,5,1.19396
1987,6,28,0.86991203,0.947837,6,1.28652
1987,6,29,1.02211,0.76856101,5,1.2788301
1987,6,30,1.27553,0.547414,5,1.3880399
1987,7,1,1.03158,0.47551501,5,1.1359
1987,7,2,0.95699197,0.53792,5,1.09781
1987,7,3,0.42537001,0.63188797,6,0.76172298
1987,7,4,0.23296,0.50508398,6,0.55622
1987,7,5,-0.0907753035,0.33706701,7,0.349076
1987,7,6,-0.21657,0.398994,7,0.453982
1987,7,7,-0.44093999,0.36531299,8,0.57261097
1987,7,8,-0.50726998,0.59755802,7,0.78383499
1987,7,9,-0.44029999,0.73343402,7,0.85544503
1987,7,10,-0.44832999,0.79559797,7,0.91322303
1987,7,11,-0.30272001,1.09131,7,1.13252
1987,7,12,-0.41104999,0.96805698,7,1.05171
1987,7,13,-0.26868001,1.13419,7,1.16558
1987,7,14,0.0118888002,1.14459,6,1.14465
1987,7,15,-0.0209296998,1.22271,7,1.22289
1987,7,16,0.00185533997,1.0176001,6,1.0176001
1987,7,17,-0.053500101,0.95580399,7,0.95730001
1987,7,18,-0.0998418033,1.09271,7,1.09726
1987,7,19,-0.17666,0.99421799,7,1.0097899
1987,7,20,-0.48113,0.47825199,8,0.67839003
1987,7,21,-0.84373999,0.0827934965,8,0.84779698
1987,7,22,-1.05944,-0.17287,1,1.07345
1987,7,23,-1.2539099,-0.38383001,1,1.31134
1987,7,24,-1.06141,-0.21673,1,1.08331
1987,7,25,-1.05345,-0.23418,1,1.07917
1987,7,26,-1.24406,-0.36307999,1,1.2959599
1987,7,27,-1.50323,-0.43871999,1,1.56594
1987,7,28,-1.57935,-0.49336001,1,1.6546201
1987,7,29,-1.84219,-0.50910997,1,1.91124
1987,7,30,-1.8611,-0.65517002,1,1.97305
1987,7,31,-2.0104201,-0.67181998,1,2.1197
1987,8,1,-1.94477,-1.05375,1,2.2119
1987,8,2,-1.98208,-1.32357,1,2.3833699
1987,8,3,-1.88063,-1.4401799,1,2.3687301
1987,8,4,-1.75387,-1.47509,1,2.2917099
1987,8,5,-1.3454,-1.4852901,2,2.00404
1987,8,6,-1.19165,-1.64147,2,2.02841
1987,8,7,-1.04173,-1.6004601,2,1.9096299
1987,8,8,-0.85250998,-1.66997,2,1.87499
1987,8,9,-0.59214997,-1.6081899,2,1.71374
1987,8,10,-0.35554001,-1.49779,2,1.53941
1987,8,11,-0.0690952018,-1.53897,2,1.54052
1987,8,12,0.22362199,-1.39274,3,1.41057
1987,8,13,0.54310697,-1.43322,3,1.53267
1987,8,14,0.75970298,-1.47507,3,1.65921
1987,8,15,1.01995,-1.43582,3,1.76122
1987,8,16,1.03095,-1.49432,3,1.81545
1987,8,17,1.12551,-1.54495,3,1.91145
1987,8,18,1.0929101,-1.3706,3,1.753
1987,8,19,1.3397501,-1.05924,4,1.7079
1987,8,20,1.6804399,-0.85698998,4,1.88634
1987,8,21,1.99198,-0.89709997,4,2.18467
1987,8,22,1.95517,-0.88249999,4,2.1451099
1987,8,23,2.01231,-1.1014301,4,2.2940199
1987,8,24,1.97815,-1.2064101,4,2.3169999
1987,8,25,1.8839999,-1.0449899,4,2.1544001
1987,8,26,1.77025,-0.75585997,4,1.92486
1987,8,27,1.786,-0.0351404995,4,1.78635
1987,8,28,1.90955,0.22436,5,1.92269
1987,8,29,2.04199,0.64792299,5,2.1423099
1987,8,30,1.83741,0.67175603,5,1.95636
1987,8,31,1.63687,0.693528,5,1.77773
1987,9,1,1.37543,0.28013399,5,1.40367
1987,9,2,1.25922,0.0828775987,5,1.26194
1987,9,3,1.4061199,0.121144,5,1.41133
1987,9,4,1.29689,0.0962831005,5,1.30046
1987,9,5,0.77311897,0.205182,5,0.79988301
1987,9,6,0.39003801,0.56834102,6,0.68930501
1987,9,7,0.54693902,0.69831401,6,0.88700902
1987,9,8,0.64753199,0.52124602,5,0.83126098
1987,9,9,0.977018,0.178914,5,0.99326497
1987,9,10,1.3171999,-0.12075,4,1.3227201
1987,9,11,1.39454,-0.31592,4,1.42988
1987,9,12,1.29485,-0.38931,4,1.35211
1987,9,13,1.30422,-0.36188999,4,1.3535
1987,9,14,1.3338701,-0.49950001,4,1.42433
1987,9,15,0.94909501,-0.63735002,4,1.14324
1987,9,16,0.45493001,-0.75247002,3,0.87930602
1987,9,17,-0.36728999,-0.86580998,2,0.94049001
1987,9,18,-0.58747,-1.06093,2,1.2127301
1987,9,19,-0.56914997,-1.2123899,2,1.33933
1987,9,20,-0.57497001,-1.4911,2,1.59812
1987,9,21,-0.41892999,-1.62274,2,1.6759501
1987,9,22,-0.14225,-1.59192,2,1.59826
1987,9,23,0.0131002003,-1.4392101,3,1.43927
1987,9,24,0.00243832008,-1.41504,3,1.41504
1987,9,25,-0.00659492007,-1.47984,2,1.4798599
1987,9,26,0.15040401,-1.38385,3,1.392
1987,9,27,0.53168303,-1.18194,3,1.29602
1987,9,28,0.86300498,-0.88731998,3,1.23779
1987,9,29,0.74049503,-0.65934002,4,0.99149501
1987,9,30,0.80008,-0.52181,4,0.95520401
1987,10,1,0.74080199,-0.61997998,4,0.96600401
1987,10,2,0.76029599,-0.41723001,4,0.86725301
1987,10,3,0.67741901,-0.33015999,4,0.75359398
1987,10,4,0.62481397,-0.47303,4,0.78367603
1987,10,5,0.55168498,-0.59415001,3,0.810781
1987,10,6,0.60137397,-0.37333,4,0.70783103
1987,10,7,0.69461298,-0.54911,4,0.88544101
1987,10,8,0.69773602,-0.61440003,4,0.92969197
1987,10,9,0.63112402,-0.59555,4,0.867755
1987,10,10,0.61174101,-0.73728001,3,0.95802498
1987,10,11,0.59407502,-0.62507999,3,0.862351
1987,10,12,0.50608999,-0.53662002,3,0.73762
1987,10,13,0.43022299,-0.25345001,4,0.499329
1987,10,14,0.62241697,-0.18478,4,0.64926702
1987,10,15,0.85696501,0.00138393999,5,0.85696697
1987,10,16,1.03157,0.34302101,5,1.0871
1987,10,17,1.26261,0.511271,5,1.3622
1987,10,18,1.18976,0.42270401,5,1.26262
1987,10,19,1.11816,0.173784,5,1.13159
1987,10,20,1.2436399,0.119646,5,1.24939
1987,10,21,1.11413,0.0941936001,5,1.1181099
1987,10,22,0.85323399,0.14543299,5,0.86553901
1987,10,23,0.574781,-0.25277999,4,0.62791002
1987,10,24,0.29108801,-0.40544999,3,0.49912101
1987,10,25,0.25327599,-0.46439999,3,0.52897602
1987,10,26,0.133047,-0.60101002,3,0.61556399
1987,10,27,-0.11553,-0.89164001,2,0.89908898
1987,10,28,-0.22691999,-1.11036,2,1.13331
1987,10,29,-0.37187999,-1.18791,2,1.24476
1987,10,30,-0.46616,-1.38684,2,1.4630899
1987,10,31,-0.31202,-1.4588701,2,1.49187
1987,11,1,-0.0625012964,-1.5755399,2,1.57678
1987,11,2,0.35793501,-1.90576,3,1.93908
1987,11,3,0.94426,-1.68461,3,1.9312
1987,11,4,1.27942,-1.29594,3,1.8211
1987,11,5,1.61559,-1.0821,4,1.9445
1987,11,6,2.0244999,-1.39941,4,2.4610901
1987,11,7,2.19135,-1.3717099,4,2.5852699
1987,11,8,2.3058701,-1.17238,4,2.5868001
1987,11,9,2.2534001,-0.98105001,4,2.4577
1987,11,10,2.56687,-0.77034998,4,2.67998
1987,11,11,2.7532401,-0.52156001,4,2.8022001
1987,11,12,2.6884501,-0.084096998,4,2.68977
1987,11,13,2.4937699,0.24167299,5,2.50546
1987,11,14,2.15537,0.78171802,5,2.2927499
1987,11,15,1.8262,1.18567,5,2.17734
1987,11,16,1.3702199,1.42197,6,1.97471
1987,11,17,1.0175101,1.45269,6,1.77359
1987,11,18,0.79853898,1.28049,6,1.5090801
1987,11,19,0.92694497,1.25045,6,1.55655
1987,11,20,1.18504,1.2395101,6,1.7148499
1987,11,21,1.17583,1.27627,6,1.73535
1987,11,22,0.85209501,1.44792,6,1.68004
1987,11,23,0.73958802,1.43084,6,1.61068
1987,11,24,0.43472701,1.20679,6,1.2826999
1987,11,25,0.21406899,1.17388,6,1.19324
1987,11,26,0.26209801,0.96126097,6,0.99635202
1987,11,27,0.18068799,0.99365097,6,1.00995
1987,11,28,-0.0753716007,0.67552102,7,0.67971301
1987,11,29,-0.036866501,0.498705,7,0.50006598
1987,11,30,0.00995436031,0.234404,6,0.234615
1987,12,1,-0.0109871998,0.0616465993,7,0.0626180992
1987,12,2,-0.19013999,-0.25364,2,0.31700099
1987,12,3,0.116966,-0.68396997,3,0.69389498
1987,12,4,0.420535,-1.03584,3,1.11795
1987,12,5,0.51816499,-1.18914,3,1.29713
1987,12,6,0.72551298,-1.35367,3,1.53584
1987,12,7,0.84086603,-1.41247,3,1.64381
1987,12,8,1.07751,-1.39623,3,1.76366
1987,12,9,1.35093,-1.24234,4,1.83533
1987,12,10,1.65137,-0.90807003,4,1.88458
1987,12,11,1.7393399,-0.60781002,4,1.8424799
1987,12,12,1.5369999,-0.17878,4,1.5473599
1987,12,13,1.2611901,-0.0267262999,4,1.26148
1987,12,14,0.76606601,0.246693,5,0.80480802
1987,12,15,0.73959398,0.40959999,5,0.845442
1987,12,16,1.1522501,0.63286299,5,1.31461
1987,12,17,1.45022,0.88952202,5,1.70129
1987,12,18,1.2875201,1.3567899,6,1.87045
1987,12,19,1.24544,1.26054,6,1.77203
1987,12,20,1.17224,1.42423,6,1.84461
1987,12,21,1.01241,1.72381,6,1.99913
1987,12,22,0.741458,2.0968101,6,2.22405
1987,12,23,0.70534098,2.00805,6,2.12832
1987,12,24,0.247298,1.97253,6,1.98798
1987,12,25,-0.19293,1.72955,7,1.74028
1987,12,26,-0.66036999,1.65478,7,1.78168
1987,12,27,-0.89657003,1.85817,7,2.0631599
1987,12,28,-1.0639499,1.94267,7,2.2149401
1987,12,29,-1.00743,1.7367899,7,2.0078199
1987,12,30,-0.92486,1.39495,7,1.6737
1987,12,31,-1.18317,1.08934,8,1.6082799
1988,1,1,-1.12432,0.95060802,8,1.47233
1988,1,2,-1.1519099,0.84679902,8,1.42967
1988,1,3,-1.13966,0.56535602,8,1.27218
1988,1,4,-1.15056,0.30906701,8,1.19135
1988,1,5,-1.03334,0.170462,8,1.0473
1988,1,6,-0.76049,0.0431592017,8,0.76170999
1988,1,7,-0.50139999,0.26377299,8,0.56654501
1988,1,8,-0.40000999,0.455138,7,0.605937
1988,1,9,-0.31110001,0.41650599,7,0.51986402
1988,1,10,-0.49549001,0.326204,8,0.59322798
1988,1,11,-0.50946999,0.0631567016,8,0.51336998
1988,1,12,-0.56972998,0.0891129002,8,0.57665199
1988,1,13,-0.57845998,-0.0175158009,1,0.57872897
1988,1,14,-0.55833,-0.39899001,1,0.686239
1988,1,15,-0.54854,-0.76776999,2,0.94358599
1988,1,16,-0.54604,-1.39887,2,1.50167
1988,1,17,-0.57062,-1.916,2,1.9991601
1988,1,18,-0.59364003,-2.0806601,2,2.1636901
1988,1,19,-0.61535001,-2.0013499,2,2.0938201
1988,1,20,-0.65780997,-1.9734,2,2.0801499
1988,1,21,-0.63387001,-2.0260401,2,2.12288
1988,1,22,-0.48113,-2.0378399,2,2.0938699
1988,1,23,-0.0273042992,-2.0037701,2,2.0039599
1988,1,24,0.352595,-1.97404,3,2.00528
1988,1,25,0.52224499,-2.02246,3,2.0888
1988,1,26,0.78065801,-1.8647,3,2.0215099
1988,1,27,0.65722197,-1.95634,3,2.0637801
1988,1,28,0.40002099,-1.8841701,3,1.92616
1988,1,29,0.305841,-1.52977,3,1.56004
1988,1,30,0.32380399,-1.21846,3,1.2607501
1988,1,31,0.43328199,-0.71710998,3,0.83784097
1988,2,1,0.75049001,-0.50142002,4,0.90258402
1988,2,2,0.83144301,-0.14232001,4,0.84353602
1988,2,3,0.66138798,0.0632779002,5,0.66440803
1988,2,4,0.53613597,0.168134,5,0.56188101
1988,2,5,0.540573,0.494477,5,0.73261601
1988,2,6,0.70669001,1.03881,6,1.2564
1988,2,7,0.82980198,1.07318,6,1.35657
1988,2,8,0.59514898,0.97901201,6,1.14572
1988,2,9,0.45166001,0.91745299,6,1.0226001
1988,2,10,0.45664299,0.95787799,6,1.06116
1988,2,11,0.39236701,1.23839,6,1.29907
1988,2,12,0.27399099,1.44434,6,1.4701
1988,2,13,0.27742299,1.68548,6,1.70816
1988,2,14,0.121309,1.67392,6,1.67831
1988,2,15,0.0638282001,1.5953,6,1.59658
1988,2,16,-0.37132001,1.70201,7,1.74204
1988,2,17,-0.71753001,1.9444799,7,2.07265
1988,2,18,-1.2524199,1.84753,7,2.2320199
1988,2,19,-1.71829,2.0165401,7,2.6493299
1988,2,20,-2.0690701,2.28456,7,3.0822401
1988,2,21,-2.36081,2.26513,8,3.27174
1988,2,22,-2.30722,2.07672,8,3.1041901
1988,2,23,-2.63009,1.67612,8,3.1187799
1988,2,24,-3.10198,1.40836,8,3.4067199
1988,2,25,-3.3141999,1.35106,8,3.57901
1988,2,26,-3.1694701,1.14221,8,3.36901
1988,2,27,-2.93437,1.04372,8,3.11446
1988,2,28,-2.8797901,0.63889998,8,2.94981
1988,2,29,-2.79968,0.218527,8,2.8081999
1988,3,1,-2.72381,-0.13850001,1,2.72733
1988,3,2,-2.4705,-0.52041,1,2.5247099
1988,3,3,-2.02934,-0.84846997,1,2.1995699
1988,3,4,-1.80779,-0.92263001,1,2.0296199
1988,3,5,-1.8602999,-0.80452001,1,2.0268199
1988,3,6,-1.64161,-0.76361001,1,1.81051
1988,3,7,-1.71802,-0.88457,1,1.9323699
1988,3,8,-1.60969,-1.20235,1,2.00916
1988,3,9,-1.61851,-1.31849,1,2.08758
1988,3,10,-1.71021,-1.42141,1,2.2237899
1988,3,11,-1.46287,-1.3671401,1,2.00227
1988,3,12,-1.15301,-1.56338,2,1.94257
1988,3,13,-0.89415997,-2.0706401,2,2.25545
1988,3,14,-0.76708001,-2.45542,2,2.5724499
1988,3,15,-0.40412,-2.75667,2,2.78613
1988,3,16,0.127241,-2.69526,3,2.6982601
1988,3,17,0.59202898,-2.8635399,3,2.9240999
1988,3,18,0.83606398,-3.0724499,3,3.18417
1988,3,19,1.0699,-2.95134,3,3.1392801
1988,3,20,1.65038,-2.91803,3,3.3524101
1988,3,21,2.36268,-2.7837601,3,3.6512499
1988,3,22,2.72559,-2.57934,4,3.7525799
1988,3,23,3.35186,-2.0774,4,3.9434199
1988,3,24,3.58444,-1.58729,4,3.9201701
1988,3,25,3.5154099,-0.57529998,4,3.56217
1988,3,26,3.3675001,0.238499,5,3.3759401
1988,3,27,3.1703601,1.00613,5,3.32618
1988,3,28,3.13836,1.59258,5,3.51932
1988,3,29,2.7806499,2.0827401,5,3.47416
1988,3,30,2.14446,2.2822199,6,3.13165
1988,3,31,1.34509,2.8698001,6,3.16939
1988,4,1,0.29797599,2.9089301,6,2.92415
1988,4,2,-0.38622001,2.7846401,7,2.8113
1988,4,3,-0.68213999,2.6011901,7,2.6891501
1988,4,4,-0.81326997,2.4972301,7,2.6263199
1988,4,5,-1.15396,2.18926,7,2.4747701
1988,4,6,-1.42563,2.0531199,7,2.4995501
1988,4,7,-1.64195,1.71316,7,2.3729501
1988,4,8,-1.82797,1.3545901,8,2.2751701
1988,4,9,-2.3143599,0.95130903,8,2.50225
1988,4,10,-2.5397699,0.71031302,8,2.6372299
1988,4,11,-2.5552101,0.31021601,8,2.5739701
1988,4,12,-2.4890499,0.178818,8,2.49547
1988,4,13,-2.28073,0.159198,8,2.2862799
1988,4,14,-2.0710499,0.0867523998,8,2.07286
1988,4,15,-1.98423,-0.14704999,1,1.9896801
1988,4,16,-1.77188,-0.34818,1,1.80577
1988,4,17,-1.32934,-0.50484002,1,1.42197
1988,4,18,-1.04925,-0.69709003,1,1.25971
1988,4,19,-1.0756,-0.70410001,1,1.28556
1988,4,20,-0.97143,-0.72926003,1,1.2147
1988,4,21,-0.64318001,-0.86115998,2,1.0748399
1988,4,22,-0.52877998,-0.81619,2,0.97250998
1988,4,23,-0.53974003,-0.80606002,2,0.97008097
1988,4,24,-0.64788002,-1.10154,2,1.27795
1988,4,25,-0.77802998,-1.49461,2,1.68499
1988,4,26,-1.02273,-1.47045,2,1.79114
1988,4,27,-0.87765002,-1.70034,2,1.91348
1988,4,28,-0.49682999,-1.70259,2,1.77359
1988,4,29,-0.0487936996,-1.72615,2,1.72683
1988,4,30,0.358282,-1.51952,3,1.56119
1988,5,1,0.62327403,-1.28355,3,1.42687
1988,5,2,0.61193502,-1.20294,3,1.34964
1988,5,3,0.87524903,-1.0980099,3,1.40417
1988,5,4,0.82036299,-0.76007003,4,1.11835
1988,5,5,0.86110502,-0.76283002,4,1.1504
1988,5,6,0.69163299,-0.45719001,4,0.829081
1988,5,7,0.46870199,-0.48636001,3,0.67544699
1988,5,8,0.158868,-0.28922999,3,0.32998699
1988,5,9,0.0783547014,-0.32666001,3,0.33592901
1988,5,10,0.0963009968,-0.63457,3,0.64183402
1988,5,11,-0.00395125989,-0.70819998,2,0.70820999
1988,5,12,-0.0463640988,-0.80686998,2,0.80820203
1988,5,13,0.099175401,-0.97280997,3,0.97785598
1988,5,14,0.28140199,-1.13348,3,1.16789
1988,5,15,0.365071,-0.97298002,3,1.03921
1988,5,16,0.70133001,-0.96355999,3,1.19177
1988,5,17,0.93583,-0.86584997,4,1.27494
1988,5,18,1.25927,-0.77784002,4,1.48014
1988,5,19,1.5100501,-0.23208,4,1.5277801
1988,5,20,1.90652,0.372192,5,1.94251
1988,5,21,1.79027,1.11386,5,2.1085
1988,5,22,1.37688,1.40718,6,1.96875
1988,5,23,0.98355198,1.5474401,6,1.83356
1988,5,24,0.233768,1.55527,6,1.57274
1988,5,25,-0.40193,1.3852,7,1.44233
1988,5,26,-0.62187999,1.26625,7,1.41072
1988,5,27,-0.98433,0.97779602,8,1.38744
1988,5,28,-1.13287,0.91594398,8,1.45683
1988,5,29,-0.98967999,0.67358202,8,1.19716
1988,5,30,-0.83739001,0.49743801,8,0.97399199
1988,5,31,-0.65772003,0.362174,8,0.75084603
1988,6,1,-0.43252999,0.0387089998,8,0.43425801
1988,6,2,-0.19761001,-0.43485001,2,0.47764301
1988,6,3,-0.15257999,-0.68497998,2,0.70176703
1988,6,4,-0.0759755,-0.82310998,2,0.82661098
1988,6,5,0.0405047014,-0.9325,3,0.93338197
1988,6,6,-0.0725381002,-0.89345998,2,0.896402
1988,6,7,-0.15978,-0.40198001,2,0.432574
1988,6,8,0.0291772,-0.18713,3,0.18939599
1988,6,9,0.245969,0.20184,5,0.318183
1988,6,10,0.170334,-0.0662442967,4,0.182762
1988,6,11,0.0398067012,0.0912230983,6,0.0995299965
1988,6,12,-0.17566,0.0976514965,8,0.200978
1988,6,13,-0.47231999,0.13788199,8,0.49203101
1988,6,14,-0.49506,0.397571,8,0.634938
1988,6,15,-0.66711003,0.55444098,8,0.867432
1988,6,16,-0.81323999,0.17732599,8,0.832344
1988,6,17,-1.2297699,0.109961,8,1.23467
1988,6,18,-1.3184,0.0101420004,8,1.3184299
1988,6,19,-1.30598,-0.23867001,1,1.32761
1988,6,20,-1.65371,-0.53973001,1,1.73956
1988,6,21,-1.91105,-0.32187,1,1.93797
1988,6,22,-1.85987,-0.0311276,1,1.86013
1988,6,23,-1.5785,0.134626,8,1.5842299
1988,6,24,-1.37942,0.0621754006,8,1.38082
1988,6,25,-1.4375499,-0.18262,1,1.44911
1988,6,26,-1.36929,-0.37406,1,1.41947
1988,6,27,-1.31012,-0.41181001,1,1.37332
1988,6,28,-1.33239,-0.61787999,1,1.46869
1988,6,29,-1.10198,-0.78672999,1,1.35399
1988,6,30,-1.15171,-0.98000997,1,1.5122401
1988,7,1,-1.4015501,-1.09402,1,1.77798
1988,7,2,-1.50497,-0.81901002,1,1.71339
1988,7,3,-1.60341,-0.72640997,1,1.76028
1988,7,4,-1.34041,-0.75413001,1,1.53799
1988,7,5,-1.08364,-0.66597998,1,1.27193
1988,7,6,-0.73492002,-0.4842,1,0.88008797
1988,7,7,-0.47736001,-0.18763,1,0.51291102
1988,7,8,-0.32804,-0.13637,1,0.355259
1988,7,9,-0.38648,-0.19205,1,0.431566
1988,7,10,-0.46015999,-0.38178,1,0.59791303
1988,7,11,-0.73650998,-0.45640001,1,0.86645699
1988,7,12,-0.73383999,-0.51801997,1,0.89826101
1988,7,13,-0.67493999,-0.69055003,2,0.96561003
1988,7,14,-0.55725002,-0.73685998,2,0.92384702
1988,7,15,-0.21391,-0.58961999,2,0.62721997
1988,7,16,0.32182699,-0.75410002,3,0.81990403
1988,7,17,0.69070202,-0.57335001,4,0.897663
1988,7,18,0.79524302,-0.32932001,4,0.86073297
1988,7,19,0.77673602,-0.12081,4,0.78607398
1988,7,20,0.82790202,-0.18658,4,0.848665
1988,7,21,0.95900798,-0.0961166993,4,0.96381301
1988,7,22,0.69729102,-0.0234682001,4,0.69768602
1988,7,23,0.58168298,0.20031901,5,0.61521
1988,7,24,0.37420699,0.65510201,6,0.75444603
1988,7,25,0.115703,0.653611,6,0.663773
1988,7,26,-0.13620999,0.37871099,7,0.40246001
1988,7,27,-0.0812285021,0.259334,7,0.27175799
1988,7,28,0.087066099,-0.0271118004,4,0.0911896974
1988,7,29,0.0605954006,-0.26761001,3,0.27438501
1988,7,30,0.180032,-0.32887,3,0.37492201
1988,7,31,0.30319399,-0.53926003,3,0.61864603
1988,8,1,0.34407899,-0.61707002,3,0.70651603
1988,8,2,0.19345701,-0.56669998,3,0.59881002
1988,8,3,0.303536,-0.58245999,3,0.65680802
1988,8,4,0.217315,-0.55843002,3,0.59922397
1988,8,5,-0.14393,-0.54777998,2,0.56637102
1988,8,6,-0.45273,-0.47711,2,0.65772301
1988,8,7,-0.34924001,-0.67496002,2,0.759965
1988,8,8,-0.38578001,-0.73980999,2,0.83435702
1988,8,9,-0.67936999,-0.73549002,2,1.00124
1988,8,10,-0.59407997,-0.87349999,2,1.05638
1988,8,11,-0.76537001,-0.73974001,1,1.06443
1988,8,12,-0.98277998,-0.60244,1,1.15273
1988,8,13,-0.90535998,-0.45903999,1,1.01509
1988,8,14,-0.77674001,-0.63221997,1,1.00151
1988,8,15,-0.81972998,-0.95839,2,1.26114
1988,8,16,-0.67186999,-1.2614599,2,1.42922
1988,8,17,-0.57604998,-1.3147,2,1.43536
1988,8,18,-0.30757999,-1.068,2,1.1114
1988,8,19,-0.42236,-1.02731,2,1.1107399
1988,8,20,-0.71212,-0.99522001,2,1.22376
1988,8,21,-0.81221998,-0.67908001,1,1.0587
1988,8,22,-0.79029,-0.22274999,1,0.82108301
1988,8,23,-0.76911998,-0.12381,1,0.77902198
1988,8,24,-0.94392002,-0.3838,1,1.01896
1988,8,25,-1.1772,-0.56796002,1,1.30705
1988,8,26,-1.2411,-0.49799001,1,1.33728
1988,8,27,-1.43586,-0.51550001,1,1.5255899
1988,8,28,-1.52481,-0.61681002,1,1.64484
1988,8,29,-1.51036,-0.84306002,1,1.72972
1988,8,30,-1.55243,-1.07024,1,1.88559
1988,8,31,-1.54287,-0.86667001,1,1.76963
1988,9,1,-1.27776,-0.65372998,1,1.43528
1988,9,2,-0.93434,-0.54189003,1,1.08011
1988,9,3,-0.60495001,-0.29984999,1,0.67518097
1988,9,4,-0.50567001,-0.076517798,1,0.51142699
1988,9,5,-0.65126997,0.133242,8,0.66475701
1988,9,6,-0.74454999,0.206899,8,0.77276301
1988,9,7,-0.57370001,0.0543411002,8,0.57626498
1988,9,8,-0.57322001,-0.36553001,1,0.679851
1988,9,9,-0.67440999,-0.58815002,1,0.89484698
1988,9,10,-0.4601,-0.52289999,2,0.6965
1988,9,11,-0.31884,-0.26124999,1,0.4122
1988,9,12,0.0984890983,0.0146305999,5,0.0995697975
1988,9,13,0.50919902,0.0824792981,5,0.515836
1988,9,14,0.561885,0.13139901,5,0.57704401
1988,9,15,0.91832799,-0.00739860022,4,0.91835803
1988,9,16,0.88179702,-0.41554999,4,0.974805
1988,9,17,0.89209801,-0.89592999,3,1.26433
1988,9,18,0.88314497,-1.00021,3,1.3343
1988,9,19,1.08698,-0.66144001,4,1.27241
1988,9,20,1.29863,-0.56367999,4,1.4156801
1988,9,21,1.85062,-0.53451997,4,1.92627
1988,9,22,2.4687099,-0.40257999,4,2.5013199
1988,9,23,2.408,-0.20404001,4,2.41663
1988,9,24,2.16959,-0.19406,4,2.1782501
1988,9,25,1.99771,-0.0255100001,4,1.99788
1988,9,26,2.0494001,-0.0602619015,4,2.0502801
1988,9,27,2.1112001,0.13755,5,2.11567
1988,9,28,2.0541601,0.31646901,5,2.0783999
1988,9,29,1.97391,0.35272601,5,2.0051799
1988,9,30,2.00207,0.58731401,5,2.0864401
1988,10,1,2.1445401,0.55887502,5,2.2161701
1988,10,2,2.10274,0.68066502,5,2.21016
1988,10,3,2.2349601,1.31181,5,2.5915
1988,10,4,1.92705,1.56961,5,2.4853899
1988,10,5,2.0202601,1.96845,5,2.8206799
1988,10,6,2.0924201,2.13393,6,2.98862
1988,10,7,1.7307,2.0067999,6,2.6500101
1988,10,8,1.19388,1.8254499,6,2.18119
1988,10,9,0.762658,1.763,6,1.92089
1988,10,10,0.686086,1.5071,6,1.65592
1988,10,11,0.411441,1.10913,6,1.1829799
1988,10,12,0.459185,0.87598401,6,0.98904002
1988,10,13,0.37873399,0.56,6,0.67604703
1988,10,14,0.588579,0.82932103,6,1.01696
1988,10,15,0.55797702,1.00193,6,1.1468199
1988,10,16,0.496923,1.3077199,6,1.39895
1988,10,17,0.44535699,1.27481,6,1.35037
1988,10,18,0.45384899,1.3271199,6,1.40258
1988,10,19,0.29255101,1.60034,6,1.62686
1988,10,20,0.105242,1.7388999,6,1.74208
1988,10,21,-0.10391,1.742,7,1.7451
1988,10,22,-0.36296001,1.68625,7,1.72487
1988,10,23,-0.41918999,1.65503,7,1.7072901
1988,10,24,-0.47764,1.3064801,7,1.39106
1988,10,25,-0.44643,1.0217,7,1.11498
1988,10,26,-0.27976,0.72175699,7,0.77407801
1988,10,27,-0.31150001,0.63488001,7,0.70718098
1988,10,28,-0.54308999,0.55135,7,0.77391201
1988,10,29,-0.29188001,0.70683497,7,0.76472902
1988,10,30,-0.3082,0.86699402,7,0.92014599
1988,10,31,-0.39802,0.73566997,7,0.83644003
1988,11,1,-0.35712999,0.45026299,7,0.5747
1988,11,2,-0.11472,0.24344601,7,0.26912299
1988,11,3,0.0279795993,0.128989,6,0.131989
1988,11,4,0.144262,0.14896201,6,0.207367
1988,11,5,0.108954,0.227597,6,0.252332
1988,11,6,0.38550299,0.411365,6,0.56376803
1988,11,7,0.77018398,0.473331,5,0.90400499
1988,11,8,0.78954601,0.62025398,5,1.00404
1988,11,9,0.86286098,0.566818,5,1.03238
1988,11,10,0.558079,0.44832301,5,0.71585298
1988,11,11,0.25081399,0.45055401,6,0.515661
1988,11,12,-0.10437,0.365953,7,0.38054401
1988,11,13,-0.36449,0.36942801,7,0.51896697
1988,11,14,-0.34654999,0.39625099,7,0.52641302
1988,11,15,-0.44523999,0.126523,8,0.46286801
1988,11,16,-0.39590001,-0.20277999,1,0.444812
1988,11,17,-0.35703,-0.47532001,2,0.59447098
1988,11,18,-0.0748255998,-0.60685998,2,0.61145699
1988,11,19,0.22413,-0.46967,3,0.52040601
1988,11,20,0.51967299,-0.35868001,4,0.63143402
1988,11,21,0.74757802,-0.28468999,4,0.79995197
1988,11,22,0.959988,-0.18237001,4,0.97715801
1988,11,23,1.09711,-0.0330876,4,1.09761
1988,11,24,0.98013502,0.212567,5,1.00292
1988,11,25,0.76167899,0.62110698,5,0.98281699
1988,11,26,0.63428402,0.78716397,6,1.01091
1988,11,27,0.46217901,0.92006099,6,1.0296201
1988,11,28,0.129501,1.0194499,6,1.02764
1988,11,29,-0.2277,1.1683,7,1.19028
1988,11,30,-0.42774999,0.89514297,7,0.99209499
1988,12,1,-0.39443001,0.76041698,7,0.85662699
1988,12,2,-0.74531001,0.729518,8,1.04292
1988,12,3,-0.97596002,0.61670899,8,1.15448
1988,12,4,-0.99417001,0.63328701,8,1.17874
1988,12,5,-0.81554002,0.57303101,8,0.99673003
1988,12,6,-0.45659,0.253856,8,0.52241898
1988,12,7,-0.21303,0.22495501,7,0.30981499
1988,12,8,-0.0709571019,0.113608,7,0.133946
1988,12,9,-0.0153443003,0.16739,7,0.168092
1988,12,10,0.318858,0.424997,6,0.531313
1988,12,11,0.466741,1.08465,6,1.18081
1988,12,12,0.431086,1.46216,6,1.52438
1988,12,13,0.205323,1.4376301,6,1.45222
1988,12,14,0.151226,1.30304,6,1.31178
1988,12,15,0.0638915971,0.75481701,6,0.75751603
1988,12,16,-0.13957,0.29910001,7,0.33006099
1988,12,17,-0.0414858013,0.45483699,7,0.456725
1988,12,18,0.00443967991,0.54602402,6,0.54604203
1988,12,19,0.17658301,0.64170599,6,0.66555798
1988,12,20,0.0641089007,0.54817498,6,0.551911
1988,12,21,0.152991,0.43307599,6,0.45930499
1988,12,22,0.00512056984,0.261484,6,0.26153401
1988,12,23,-0.0565697998,0.52520198,7,0.52824003
1988,12,24,-0.17579,0.591748,7,0.61730701
1988,12,25,-0.32666001,0.82022601,7,0.88288099
1988,12,26,-0.67703998,0.64769101,8,0.93695301
1988,12,27,-0.89459997,0.387128,8,0.974769
1988,12,28,-1.20544,-0.0632890984,1,1.2071
1988,12,29,-1.34271,-0.36875999,1,1.3924299
1988,12,30,-1.4663,-0.4544,1,1.5351
1988,12,31,-1.5038199,-0.60534,1,1.6210901
1989,1,1,-1.71798,-0.70647001,1,1.8575701
1989,1,2,-1.62614,-0.60872,1,1.73633
1989,1,3,-1.6233,-0.62672001,1,1.74008
1989,1,4,-1.34395,-0.61982,1,1.48
1989,1,5,-1.15206,-0.66914999,1,1.3322901
1989,1,6,-1.10752,-0.95121002,1,1.4599299
1989,1,7,-1.19055,-1.11834,1,1.63343
1989,1,8,-1.33463,-1.41221,2,1.94309
1989,1,9,-1.35164,-1.55767,2,2.06235
1989,1,10,-1.17434,-1.56217,2,1.95434
1989,1,11,-0.97465003,-1.75754,2,2.0097001
1989,1,12,-0.85360003,-2.1856799,2,2.3464501
1989,1,13,-0.78988999,-2.36326,2,2.49177
1989,1,14,-0.77443999,-2.47962,2,2.5977399
1989,1,15,-0.48023999,-2.6904099,2,2.7329299
1989,1,16,-0.30787,-2.6405001,2,2.65839
1989,1,17,0.19684701,-2.4153399,3,2.4233501
1989,1,18,0.55545902,-2.03021,3,2.10482
1989,1,19,0.54483098,-2.0081301,3,2.08073
1989,1,20,0.82760501,-1.72604,3,1.9141999
1989,1,21,0.96732402,-1.41506,3,1.71409
1989,1,22,1.07635,-1.16993,3,1.58974
1989,1,23,1.09958,-0.96877003,4,1.46547
1989,1,24,1.1899101,-0.45855001,4,1.2752
1989,1,25,1.38914,0.0203179009,5,1.38929
1989,1,26,1.2659301,0.42637599,5,1.3358099
1989,1,27,1.16057,0.60350901,5,1.30811
1989,1,28,0.96619803,0.932805,5,1.3430099
1989,1,29,0.60370898,1.23228,6,1.37221
1989,1,30,0.0707148984,1.67621,6,1.6777
1989,1,31,0.0109099001,2.0431499,6,2.04318
1989,2,1,-0.23908,1.926,7,1.94078
1989,2,2,-0.56281,1.7407,7,1.82943
1989,2,3,-0.79579997,1.52354,7,1.71886
1989,2,4,-0.56265002,1.23742,7,1.35934
1989,2,5,-0.55760002,1.23955,7,1.35919
1989,2,6,-0.67973,1.14906,7,1.33505
1989,2,7,-0.88747001,1.10674,7,1.41862
1989,2,8,-1.01004,1.12613,7,1.51273
1989,2,9,-0.86897999,1.19186,7,1.47501
1989,2,10,-0.47777,1.34154,7,1.42407
1989,2,11,-0.0614073016,1.25089,7,1.2524
1989,2,12,-0.28274,1.1286,7,1.16348
1989,2,13,-0.30603999,0.97159201,7,1.0186501
1989,2,14,-0.28667,0.862791,7,0.90916699
1989,2,15,-0.51937002,0.74380898,7,0.90719002
1989,2,16,-0.57428998,0.64428502,7,0.86308002
1989,2,17,-0.50629997,0.31426799,8,0.59590501
1989,2,18,-0.39188001,-0.13211,1,0.41354701
1989,2,19,-0.47755,-0.42769,1,0.64107102
1989,2,20,-0.45927,-0.28024,1,0.53801399
1989,2,21,-0.39052999,-0.37454,1,0.54110998
1989,2,22,-0.0444190018,-0.64605999,2,0.64758301
1989,2,23,0.57944602,-0.61104,3,0.84209597
1989,2,24,0.96097201,-0.59938002,4,1.13258
1989,2,25,0.87822098,-0.57218999,4,1.04818
1989,2,26,0.44052699,-0.26291001,4,0.51301599
1989,2,27,0.128004,0.136989,6,0.18748599
1989,2,28,-0.0505772009,0.389375,7,0.39264601
1989,3,1,-0.22307,0.422941,7,0.47816199
1989,3,2,-0.00662535988,0.75664997,7,0.756679
1989,3,3,-0.0752362013,0.95128,7,0.95424998
1989,3,4,-0.3653,0.96837902,7,1.03499
1989,3,5,-0.50204003,0.91311902,7,1.04203
1989,3,6,-0.84908003,0.86065602,7,1.20899
1989,3,7,-0.95462,0.92551202,8,1.32961
1989,3,8,-0.95247,1.01055,7,1.38867
1989,3,9,-0.73916,0.91843998,7,1.1789401
1989,3,10,-0.58206999,0.66404903,7,0.88304698
1989,3,11,-0.61469001,0.55277801,8,0.82668501
1989,3,12,-0.30502,0.394631,7,0.498772
1989,3,13,-0.32852,0.615408,7,0.69760501
1989,3,14,-0.67045999,0.48327899,8,0.826482
1989,3,15,-0.94117999,0.306896,8,0.98995399
1989,3,16,-1.19398,0.18583301,8,1.20836
1989,3,17,-1.0470099,0.31141001,8,1.09234
1989,3,18,-0.98135,0.382263,8,1.05317
1989,3,19,-1.01553,0.45721099,8,1.11371
1989,3,20,-1.0865099,0.49717399,8,1.19486
1989,3,21,-1.12023,0.46744999,8,1.21385
1989,3,22,-1.43841,0.30825999,8,1.4710701
1989,3,23,-1.48913,0.0196940992,8,1.48926
1989,3,24,-1.41724,-0.22926,1,1.43566
1989,3,25,-1.19319,-0.50296003,1,1.29486
1989,3,26,-0.96131998,-0.85513002,1,1.28662
1989,3,27,-0.92360002,-1.31071,2,1.60343
1989,3,28,-0.69928998,-1.4734401,2,1.63096
1989,3,29,-0.86531001,-1.69774,2,1.90554
1989,3,30,-0.84855002,-1.62869,2,1.83648
1989,3,31,-0.54159999,-1.8519599,2,1.92953
1989,4,1,-0.0657124966,-1.63106,2,1.63238
1989,4,2,0.27236199,-1.51775,3,1.54199
1989,4,3,0.380344,-1.23572,3,1.29293
1989,4,4,0.58560699,-0.95230001,3,1.11795
1989,4,5,0.70848203,-1.09105,3,1.3009
1989,4,6,0.84332502,-0.80800003,4,1.16793
1989,4,7,0.94573498,-0.64881998,4,1.1469001
1989,4,8,0.96749902,-0.59938997,4,1.1381201
1989,4,9,0.98858303,-0.44541001,4,1.08429
1989,4,10,1.15596,-0.49168,4,1.25618
1989,4,11,1.23458,-0.26794001,4,1.26332
1989,4,12,1.22153,-0.12846,4,1.2282701
1989,4,13,0.88428098,0.28795901,5,0.929986
1989,4,14,0.85683501,0.62208402,5,1.05885
1989,4,15,0.931234,0.66303003,5,1.14316
1989,4,16,1.16913,0.66987097,5,1.34744
1989,4,17,1.14547,0.54888701,5,1.27019
1989,4,18,1.082,0.829539,5,1.3634
1989,4,19,0.84973198,1.12204,6,1.40749
1989,4,20,1.05152,1.2086101,6,1.60201
1989,4,21,1.05128,1.59762,6,1.91248
1989,4,22,0.98168498,1.91443,6,2.1514499
1989,4,23,0.60680801,1.933,6,2.02601
1989,4,24,0.33726501,2.03071,6,2.0585301
1989,4,25,0.28738201,1.9380701,6,1.95926
1989,4,26,0.0817388967,1.95586,6,1.95757
1989,4,27,-0.26925001,2.2048199,7,2.2212
1989,4,28,-0.56875998,2.27685,7,2.3468201
1989,4,29,-0.80204999,1.9323699,7,2.0922101
1989,4,30,-0.93430001,1.4407099,7,1.7171299
1989,5,1,-1.11497,0.86861598,8,1.41338
1989,5,2,-1.2512,0.54292297,8,1.36391
1989,5,3,-1.23311,0.406721,8,1.29845
1989,5,4,-1.32381,0.0282863006,8,1.32411
1989,5,5,-1.36642,-0.24696,1,1.3885601
1989,5,6,-1.15733,-0.20300999,1,1.175
1989,5,7,-0.78403002,-0.3242,1,0.84841698
1989,5,8,-0.65434003,-0.56861001,1,0.86688399
1989,5,9,-0.33337,-0.71841002,2,0.79198599
1989,5,10,-0.1934,-0.81478,2,0.83741599
1989,5,11,-0.00687984983,-0.80697,2,0.80700099
1989,5,12,0.25105301,-0.91224998,3,0.946163
1989,5,13,0.466353,-0.81290001,3,0.93716902
1989,5,14,0.77498299,-0.96022999,3,1.23395
1989,5,15,1.1210099,-0.98508,4,1.49233
1989,5,16,1.50388,-0.73654997,4,1.67457
1989,5,17,1.6336499,-0.25228,4,1.65301
1989,5,18,1.93979,0.14308199,5,1.94506
1989,5,19,1.89114,0.47199899,5,1.94916
1989,5,20,1.72471,0.68096602,5,1.85428
1989,5,21,1.5166399,0.92443401,5,1.77617
1989,5,22,1.25333,0.556467,5,1.37131
1989,5,23,1.15241,0.64327401,5,1.31979
1989,5,24,1.05775,0.78325802,5,1.31618
1989,5,25,1.14537,0.89376199,5,1.4528199
1989,5,26,1.0558,0.94185603,5,1.41486
1989,5,27,0.73865402,1.13868,6,1.35728
1989,5,28,0.64149302,1.02758,6,1.21138
1989,5,29,0.45776901,0.88077497,6,0.99263102
1989,5,30,0.44828099,0.447826,5,0.63364398
1989,5,31,0.235475,0.43661901,6,0.49606901
1989,6,1,0.0943711028,0.40083501,6,0.41179401
1989,6,2,0.245419,0.14625999,5,0.28569701
1989,6,3,0.584804,-0.20145001,4,0.61852902
1989,6,4,0.41590601,-0.4215,3,0.592152
1989,6,5,0.56897801,-0.32277,4,0.65415299
1989,6,6,0.74181098,-0.20068,4,0.76847702
1989,6,7,0.98205298,-0.0833126977,4,0.98558098
1989,6,8,1.1467201,0.0783084035,5,1.1494
1989,6,9,1.24182,0.121596,5,1.24775
1989,6,10,1.03385,0.0576226003,5,1.03545
1989,6,11,0.71069998,-0.0844184011,4,0.71569598
1989,6,12,0.491761,-0.00143805996,4,0.491763
1989,6,13,0.110816,0.0962627977,5,0.146788
1989,6,14,-0.0618383996,0.22243699,7,0.230873
1989,6,15,-0.27674001,0.52440399,7,0.59294498
1989,6,16,-0.36539999,0.75141001,7,0.83554399
1989,6,17,-0.44490001,0.87146503,7,0.97846103
1989,6,18,-0.62028003,0.89688498,7,1.09048
1989,6,19,-0.82198,0.87897998,7,1.20344
1989,6,20,-0.778,1.0048,7,1.27079
1989,6,21,-0.76549,0.98402798,7,1.2467099
1989,6,22,-0.93410999,0.86663997,8,1.27421
1989,6,23,-0.90683001,0.74218798,8,1.1718301
1989,6,24,-0.78874999,0.35589901,8,0.86532301
1989,6,25,-0.81857002,0.0679688975,8,0.82138598
1989,6,26,-0.73619002,-0.18058001,1,0.75801098
1989,6,27,-0.74529999,-0.14327,1,0.75895
1989,6,28,-0.64170003,-0.24818,1,0.68801898
1989,6,29,-0.77276999,-0.23193,1,0.80682701
1989,6,30,-0.48480999,-0.4061,1,0.63242197
1989,7,1,-0.21695,-0.64310002,2,0.678707
1989,7,2,-0.0790340975,-0.62097001,2,0.62597603
1989,7,3,0.0892829001,-0.82533002,3,0.83014297
1989,7,4,-0.0252665002,-0.86363,2,0.86399901
1989,7,5,0.0974858999,-0.64581001,3,0.65312499
1989,7,6,0.0887015015,-0.62549001,3,0.63174403
1989,7,7,0.102623,-0.63769001,3,0.64589101
1989,7,8,0.34452599,-0.54083002,3,0.64124203
1989,7,9,0.50057697,-0.42328,4,0.655545
1989,7,10,0.74075198,-0.57889003,4,0.94012398
1989,7,11,0.67199701,-0.72373998,3,0.98761499
1989,7,12,0.842134,-0.67940003,4,1.0820301
1989,7,13,0.907529,-0.49623001,4,1.03434
1989,7,14,1.11656,-0.0174546,4,1.11669
1989,7,15,1.56328,0.51818103,5,1.64692
1989,7,16,1.70111,1.14002,5,2.04778
1989,7,17,1.53817,1.25925,5,1.98788
1989,7,18,1.09884,1.13038,6,1.57645
1989,7,19,0.89963698,1.12567,6,1.441
1989,7,20,0.706595,1.12896,6,1.3318501
1989,7,21,0.27971601,1.27713,6,1.3074
1989,7,22,0.25825799,0.95515603,6,0.98945498
1989,7,23,-0.0442138985,0.83818603,7,0.839351
1989,7,24,-0.60036999,1.18005,7,1.32399
1989,7,25,-1.03308,1.28083,7,1.64554
1989,7,26,-1.13975,1.04905,8,1.54904
1989,7,27,-1.3485,0.82020402,8,1.5783499
1989,7,28,-1.49707,0.59636003,8,1.61147
1989,7,29,-1.22008,0.38178101,8,1.27842
1989,7,30,-0.81260997,0.30445299,8,0.867769
1989,7,31,-0.57301003,0.28608,8,0.64045399
1989,8,1,-0.54417998,0.0408730991,8,0.54571003
1989,8,2,-0.52503997,-0.0385380015,1,0.52644902
1989,8,3,-0.51884001,0.26471901,8,0.58247298
1989,8,4,-0.18197,-0.00806256011,1,0.182153
1989,8,5,0.0295228995,0.10002,6,0.104286
1989,8,6,0.25203899,0.14296401,5,0.28976199
1989,8,7,0.15403301,0.324743,6,0.359422
1989,8,8,0.28632,0.0234236997,5,0.287276
1989,8,9,0.15984701,-0.11324,4,0.195894
1989,8,10,-0.00812114961,-0.2053,2,0.205465
1989,8,11,-0.00304584997,-0.0317955017,2,0.0319410004
1989,8,12,-0.12796,0.212092,7,0.247701
1989,8,13,-0.20315,0.30040601,7,0.36264601
1989,8,14,-0.0950912014,0.42024001,7,0.43086401
1989,8,15,0.26552901,0.41612601,6,0.493626
1989,8,16,0.33590299,0.48863,6,0.59294999
1989,8,17,0.0793785006,0.99844003,6,1.00159
1989,8,18,-0.30526999,1.31943,7,1.35428
1989,8,19,-0.29774001,1.20035,7,1.23672
1989,8,20,-0.51754999,0.77548802,7,0.93232799
1989,8,21,-0.72197998,0.358457,8,0.80607098
1989,8,22,-0.50515002,-0.0933637023,1,0.51370502
1989,8,23,-0.37261999,-0.48671001,2,0.61297297
1989,8,24,-0.24508999,-0.64384001,2,0.68890703
1989,8,25,-0.39572001,-0.60601997,2,0.72377098
1989,8,26,-0.48833999,-0.48396999,1,0.68753201
1989,8,27,-0.24759001,-0.63415998,2,0.68077499
1989,8,28,-0.0268844999,-0.71531999,2,0.715828
1989,8,29,0.0238715,-0.72860998,3,0.72900301
1989,8,30,0.0142844999,-0.63464999,3,0.63481498
1989,8,31,-0.11128,-0.64713001,2,0.65662301
1989,9,1,-0.46329999,-0.43586999,1,0.636105
1989,9,2,-0.93984002,-0.44815999,1,1.04123
1989,9,3,-1.03108,-0.26231,1,1.06393
1989,9,4,-1.04448,-0.0216584001,1,1.0447
1989,9,5,-0.87621999,0.109801,8,0.883075
1989,9,6,-0.76203001,0.27425,8,0.80988097
1989,9,7,-0.67124999,0.30625901,8,0.73781902
1989,9,8,-0.56615001,0.24157,8,0.61553597
1989,9,9,-0.18431,0.156058,8,0.241502
1989,9,10,-0.00357179996,0.207978,7,0.208009
1989,9,11,-0.0144875003,0.146143,7,0.14685901
1989,9,12,-0.0925301015,-0.20863999,2,0.22823299
1989,9,13,-0.22086,-0.39579999,2,0.45325401
1989,9,14,-0.0868144035,-0.60174,2,0.60796797
1989,9,15,-0.36273,-0.85650003,2,0.93014002
1989,9,16,-0.67177999,-1.19854,2,1.37397
1989,9,17,-0.95190001,-1.3081599,2,1.6178401
1989,9,18,-1.07973,-1.50088,2,1.8489
1989,9,19,-1.30407,-1.59981,2,2.0639701
1989,9,20,-1.25203,-1.56522,2,2.00437
1989,9,21,-1.19889,-1.59983,2,1.9992
1989,9,22,-0.87404001,-1.76283,2,1.96762
1989,9,23,-0.64091003,-1.55225,2,1.67936
1989,9,24,-0.50077999,-1.5299799,2,1.60985
1989,9,25,-0.53760999,-1.61699,2,1.70402
1989,9,26,-0.45512,-1.49462,2,1.56238
1989,9,27,-0.45276001,-1.18984,2,1.27307
1989,9,28,-0.45736,-1.1454099,2,1.23334
1989,9,29,-0.46724999,-0.93853003,2,1.0484
1989,9,30,-0.37406999,-0.39377001,2,0.54312903
1989,10,1,-0.13162,-0.26302999,2,0.294128
1989,10,2,0.0947446004,-0.22328,3,0.242548
1989,10,3,0.41435301,-0.23628999,4,0.47699401
1989,10,4,0.72799599,-0.33385,4,0.80089599
1989,10,5,0.97229803,-0.46103001,4,1.0760601
1989,10,6,0.85389501,-0.53448999,4,1.00738
1989,10,7,0.828462,-0.39419001,4,0.917463
1989,10,8,0.63073802,-0.48971,4,0.79852802
1989,10,9,0.80377501,-0.77158999,4,1.11419
1989,10,10,1.10383,-0.87049001,4,1.4057699
1989,10,11,1.07212,-1.05102,4,1.5013601
1989,10,12,1.3162301,-1.11348,4,1.72404
1989,10,13,1.32915,-1.04477,4,1.6906101
1989,10,14,1.61348,-1.01127,4,1.9042
1989,10,15,1.33321,-0.77677,4,1.54299
1989,10,16,0.93636602,-0.52752,4,1.0747401
1989,10,17,0.86895698,-0.061333999,4,0.87111902
1989,10,18,0.79442197,0.282098,5,0.84302098
1989,10,19,1.04577,0.322438,5,1.09434
1989,10,20,1.25023,0.33122399,5,1.29336
1989,10,21,1.26061,0.106073,5,1.26507
1989,10,22,1.36659,0.074985899,5,1.36865
1989,10,23,1.50749,0.33443099,5,1.54414
1989,10,24,1.49308,0.72414798,5,1.65942
1989,10,25,1.45386,0.95311302,5,1.73843
1989,10,26,1.2537,1.33567,6,1.83188
1989,10,27,0.85464299,1.6601501,6,1.86722
1989,10,28,0.436573,1.53979,6,1.60048
1989,10,29,-0.25788,1.36875,7,1.39283
1989,10,30,-0.65500998,0.97958499,7,1.1784
1989,10,31,-0.76204002,0.59023899,8,0.96389103
1989,11,1,-0.65533,0.413822,8,0.77504897
1989,11,2,-0.62943,0.296902,8,0.69594198
1989,11,3,-0.49144,0.30351299,8,0.577609
1989,11,4,-0.38431999,0.49202001,7,0.62432998
1989,11,5,-0.47701001,0.42857799,8,0.64126199
1989,11,6,-0.54465002,0.39749399,8,0.67427599
1989,11,7,-0.81130999,0.355023,8,0.88559097
1989,11,8,-0.95451999,0.322808,8,1.00763
1989,11,9,-1.1232899,0.26456201,8,1.15402
1989,11,10,-0.87783998,0.0093545299,8,0.87789398
1989,11,11,-0.63388997,-0.25999999,1,0.68514103
1989,11,12,-0.30223,-0.19994,1,0.36238101
1989,11,13,0.182037,0.0365702994,5,0.185674
1989,11,14,0.31890199,-0.0135792,4,0.31919101
1989,11,15,0.29900599,0.113265,5,0.31974
1989,11,16,0.16576999,0.380799,6,0.41531599
1989,11,17,0.34439999,0.56379598,6,0.66066498
1989,11,18,0.75113499,0.72496903,5,1.0439301
1989,11,19,0.90333402,0.92688102,6,1.29427
1989,11,20,0.96260703,0.88092399,5,1.30485
1989,11,21,0.82066703,1.08232,6,1.3582799
1989,11,22,0.72465003,1.40917,6,1.5845799
1989,11,23,0.67084599,1.6139801,6,1.7478499
1989,11,24,0.33747,1.60981,6,1.6447999
1989,11,25,-0.0264036004,1.7054501,7,1.70565
1989,11,26,-0.26061001,1.9318,7,1.9493001
1989,11,27,-0.68079001,2.0779099,7,2.18659
1989,11,28,-1.11096,1.96417,7,2.2565899
1989,11,29,-1.63144,1.6473,7,2.31845
1989,11,30,-1.75965,1.38596,8,2.2399199
1989,12,1,-1.72727,1.09595,8,2.04562
1989,12,2,-1.73946,0.93325698,8,1.974
1989,12,3,-1.36123,0.79869503,8,1.5782501
1989,12,4,-1.1837,0.75586402,8,1.4044501
1989,12,5,-0.80308002,0.80671,7,1.1382999
1989,12,6,-0.52731001,0.91039902,7,1.05209
1989,12,7,-0.47552001,0.852997,7,0.976587
1989,12,8,-0.62230998,0.790456,7,1.00603
1989,12,9,-0.94651997,0.58402902,8,1.1122
1989,12,10,-1.2774301,0.57474798,8,1.4007699
1989,12,11,-1.31545,0.274306,8,1.34375
1989,12,12,-1.2460099,0.177093,8,1.25853
1989,12,13,-1.22303,0.193039,8,1.23817
1989,12,14,-0.95810002,0.33395699,8,1.01463
1989,12,15,-0.88823998,0.47751701,8,1.00846
1989,12,16,-0.89104998,0.30208299,8,0.94086099
1989,12,17,-0.71038997,0.20003401,8,0.73801303
1989,12,18,-0.67565,0.0213452,8,0.67598403
1989,12,19,-0.60407001,-0.2766,1,0.664388
1989,12,20,-0.75155997,-0.68343002,1,1.01583
1989,12,21,-0.70586002,-0.88024998,2,1.1283
1989,12,22,-0.71759999,-0.99905002,2,1.23006
1989,12,23,-0.63101,-1.24266,2,1.39369
1989,12,24,-0.48576999,-1.51973,2,1.59548
1989,12,25,-0.23217,-1.6921999,2,1.70805
1989,12,26,0.20710801,-1.66271,3,1.67556
1989,12,27,0.242584,-1.63732,3,1.65519
1989,12,28,0.19685,-1.8169,3,1.82754
1989,12,29,0.305655,-1.72267,3,1.74958
1989,12,30,0.2279,-1.6539,3,1.66953
1989,12,31,0.191339,-1.60101,3,1.6124099
1990,1,1,0.47525901,-1.63714,3,1.70473
1990,1,2,0.53126502,-1.74783,3,1.82678
1990,1,3,0.68486702,-1.81769,3,1.94243
1990,1,4,0.76600701,-1.82796,3,1.98197
1990,1,5,0.81559002,-1.84892,3,2.0208099
1990,1,6,1.03128,-1.76675,3,2.0457101
1990,1,7,0.99364299,-1.45087,3,1.75851
1990,1,8,1.02476,-1.16195,3,1.54928
1990,1,9,0.86042899,-0.90491998,3,1.24869
1990,1,10,0.982063,-1.05637,3,1.44235
1990,1,11,1.11393,-1.36659,3,1.76307
1990,1,12,1.32634,-1.31318,4,1.86645
1990,1,13,2.06249,-1.27237,4,2.4233799
1990,1,14,2.37991,-0.96016997,4,2.5662999
1990,1,15,2.4533999,-0.48018,4,2.4999499
1990,1,16,2.7042201,0.20013601,5,2.7116101
1990,1,17,2.5132301,0.69829601,5,2.6084299
1990,1,18,2.1946299,1.06249,5,2.4382999
1990,1,19,1.59426,1.12632,5,1.95199
1990,1,20,1.52467,1.16257,5,1.91734
1990,1,21,1.67092,1.19873,5,2.0564401
1990,1,22,1.47622,1.1454,5,1.86847
1990,1,23,1.44354,1.2837501,5,1.93179
1990,1,24,1.4309,1.53585,6,2.0991199
1990,1,25,1.2483799,1.55527,6,1.99432
1990,1,26,1.36103,1.6719199,6,2.1558599
1990,1,27,1.53144,1.85831,6,2.40804
1990,1,28,1.20295,2.02792,6,2.3578701
1990,1,29,0.56413299,2.15447,6,2.2271099
1990,1,30,0.0327764004,2.0313001,6,2.03157
1990,1,31,-0.36936,1.73923,7,1.77802
1990,2,1,-0.76972002,1.5168101,7,1.70093
1990,2,2,-1.07916,1.28482,7,1.6779
1990,2,3,-0.96350998,1.47054,7,1.75807
1990,2,4,-0.83996999,1.57858,7,1.7881401
1990,2,5,-0.75562,1.53455,7,1.7105
1990,2,6,-0.9357,1.35859,7,1.64964
1990,2,7,-1.13252,1.13572,7,1.6038899
1990,2,8,-1.26403,0.86066002,8,1.52922
1990,2,9,-1.56652,0.20692,8,1.58013
1990,2,10,-1.71009,-0.0311357006,1,1.7103699
1990,2,11,-1.58742,-0.0508854985,1,1.58824
1990,2,12,-1.40353,-0.073130101,1,1.40543
1990,2,13,-1.23199,-0.10264,1,1.2362601
1990,2,14,-1.39809,-0.37659001,1,1.44792
1990,2,15,-1.31866,-0.75808001,1,1.5210299
1990,2,16,-1.3624001,-1.0798,1,1.73842
1990,2,17,-1.18141,-1.17843,1,1.66866
1990,2,18,-0.97013998,-1.04362,2,1.42489
1990,2,19,-0.69062001,-1.1022201,2,1.30071
1990,2,20,-0.40272,-1.09368,2,1.16547
1990,2,21,-0.32335001,-1.00068,2,1.05163
1990,2,22,-0.12182,-1.0519201,2,1.0589499
1990,2,23,0.0223316997,-1.29951,3,1.2997
1990,2,24,0.226464,-1.39162,3,1.40992
1990,2,25,0.77413899,-1.41584,3,1.61366
1990,2,26,1.2278399,-1.4380701,3,1.8909301
1990,2,27,1.57818,-1.3252,4,2.06078
1990,2,28,1.75837,-1.03564,4,2.0406899
1990,3,1,1.79712,-0.96736002,4,2.04093
1990,3,2,2.03865,-0.98255998,4,2.2630701
1990,3,3,2.5339601,-0.94195998,4,2.7033801
1990,3,4,2.8979399,-0.86346,4,3.02384
1990,3,5,2.9561501,-0.62977999,4,3.02249
1990,3,6,2.9426999,-0.15178999,4,2.94662
1990,3,7,2.9349501,0.42407,5,2.96543
1990,3,8,3.0697999,0.81232101,5,3.1754601
1990,3,9,3.00156,1.10683,5,3.1991301
1990,3,10,2.7562301,1.28415,5,3.0406899
1990,3,11,2.8873799,1.59833,5,3.3002501
1990,3,12,2.61274,1.56909,5,3.0476899
1990,3,13,2.1597199,1.54283,5,2.6541901
1990,3,14,1.6790299,1.79036,6,2.4545
1990,3,15,1.05136,1.8688101,6,2.1442499
1990,3,16,0.38846299,1.93225,6,1.97091
1990,3,17,-0.1547,2.0959899,7,2.1016901
1990,3,18,-0.27663001,1.83108,7,1.85186
1990,3,19,-0.16293,1.93826,7,1.9450901
1990,3,20,-0.1391,2.08831,7,2.0929401
1990,3,21,-0.12327,2.0942299,7,2.0978601
1990,3,22,-0.26319,2.06002,7,2.0767601
1990,3,23,-0.58240998,1.95521,7,2.0401101
1990,3,24,-0.79980999,1.77247,7,1.9445699
1990,3,25,-0.98614001,1.3596801,7,1.6796401
1990,3,26,-1.25035,0.89521402,8,1.53778
1990,3,27,-1.32612,0.57470399,8,1.4453
1990,3,28,-1.49735,0.19914,8,1.51054
1990,3,29,-1.7262,-0.13926999,1,1.7318
1990,3,30,-1.80182,-0.36429,1,1.8382699
1990,3,31,-1.7444201,-0.71148002,1,1.88393
1990,4,1,-1.3987401,-0.77841002,1,1.60075
1990,4,2,-1.05336,-0.83175999,1,1.34216
1990,4,3,-0.81919998,-0.80489999,1,1.14846
1990,4,4,-0.25257,-1.08764,2,1.11658
1990,4,5,0.0262390003,-1.49771,3,1.4979399
1990,4,6,0.426424,-1.78423,3,1.83448
1990,4,7,0.83765501,-1.84846,3,2.0294001
1990,4,8,1.01929,-1.64505,3,1.93523
1990,4,9,1.3763601,-1.63243,3,2.1352301
1990,4,10,1.4837,-1.59025,3,2.1749101
1990,4,11,1.48634,-1.24532,4,1.93908
1990,4,12,1.44234,-1.17598,4,1.86099
1990,4,13,1.7794,-0.69810998,4,1.91144
1990,4,14,1.94865,-0.27226001,4,1.96758
1990,4,15,2.1000099,-0.00124820997,4,2.1000099
1990,4,16,1.96526,0.37190801,5,2.00014
1990,4,17,1.67858,0.90844601,5,1.90864
1990,4,18,1.34569,1.53501,6,2.0413599
1990,4,19,0.99291199,1.83487,6,2.0862899
1990,4,20,0.71732002,1.6289901,6,1.77993
1990,4,21,0.61725998,1.60084,6,1.71573
1990,4,22,0.0792433992,1.61912,6,1.62106
1990,4,23,-0.3398,1.8279999,7,1.85931
1990,4,24,-0.87927002,1.74762,7,1.95635
1990,4,25,-1.15871,1.30715,7,1.74678
1990,4,26,-1.57789,0.49997699,8,1.65521
1990,4,27,-1.95127,-0.19033,1,1.96053
1990,4,28,-1.79931,-0.68741,1,1.92615
1990,4,29,-1.33513,-1.1002001,1,1.7300299
1990,4,30,-1.2158099,-1.31177,2,1.78856
1990,5,1,-0.98466998,-1.20937,2,1.55954
1990,5,2,-1.13463,-1.06512,1,1.5562299
1990,5,3,-1.13705,-1.21157,2,1.6615601
1990,5,4,-1.12343,-1.34618,2,1.75337
1990,5,5,-1.01404,-1.47595,2,1.79073
1990,5,6,-1.29205,-1.21608,1,1.77433
1990,5,7,-1.42187,-1.39008,1,1.98847
1990,5,8,-1.10166,-1.68077,2,2.00963
1990,5,9,-0.95501,-1.99678,2,2.2134099
1990,5,10,-0.84373999,-2.27163,2,2.42326
1990,5,11,-0.51375002,-2.30724,2,2.36374
1990,5,12,0.0804260969,-2.3552301,3,2.3566
1990,5,13,0.55679601,-2.09092,3,2.16378
1990,5,14,1.07585,-1.69306,3,2.00596
1990,5,15,1.29887,-1.29258,4,1.83244
1990,5,16,1.69251,-1.01059,4,1.97127
1990,5,17,1.81828,-0.84672999,4,2.00576
1990,5,18,1.75088,-0.62278003,4,1.85834
1990,5,19,1.71306,-0.41468,4,1.76254
1990,5,20,1.5398999,-0.19124,4,1.55173
1990,5,21,1.2295001,-0.0679124966,4,1.23137
1990,5,22,0.97293901,-0.0166369993,4,0.97308201
1990,5,23,0.65660203,0.0878992006,5,0.66245902
1990,5,24,0.34244001,-0.17072999,4,0.382642
1990,5,25,0.00434172014,-0.15987,3,0.159931
1990,5,26,-0.00826392975,-0.0664952025,2,0.0670067966
1990,5,27,0.0170441996,-0.14049,3,0.141525
1990,5,28,0.31467599,-0.10898,4,0.33301201
1990,5,29,0.199672,-0.0191440992,4,0.200587
1990,5,30,0.51292402,-0.2032,4,0.55170798
1990,5,31,0.67440999,-0.29600999,4,0.73651302
1990,6,1,0.770998,-0.37206,4,0.85607499
1990,6,2,0.88349497,-0.51565999,4,1.02297
1990,6,3,0.903009,-0.61888999,4,1.09474
1990,6,4,0.52404797,-0.35534,4,0.63316298
1990,6,5,0.257826,-0.29927999,3,0.39501899
1990,6,6,0.25803,-0.083850503,4,0.271312
1990,6,7,0.17152999,0.176236,6,0.24593
1990,6,8,0.106214,0.49227601,6,0.50360399
1990,6,9,0.0543326996,0.740013,6,0.74200499
1990,6,10,-0.11719,0.66704297,7,0.67725903
1990,6,11,-0.26247001,0.66600502,7,0.71585703
1990,6,12,-0.18556,0.46573001,7,0.50133699
1990,6,13,-0.00458092988,0.24389599,7,0.243939
1990,6,14,0.0598926991,0.33239001,6,0.33774301
1990,6,15,0.158204,0.44300401,6,0.47040501
1990,6,16,0.229853,0.249339,6,0.33911899
1990,6,17,0.38723201,0.46364501,6,0.60408199
1990,6,18,0.50730503,0.53997999,6,0.74090302
1990,6,19,0.550044,0.64180201,6,0.84525597
1990,6,20,0.48850599,0.69369,6,0.848436
1990,6,21,0.24916101,0.85861099,6,0.894032
1990,6,22,-0.0584014989,0.62634999,7,0.629067
1990,6,23,-0.34426001,0.38686201,7,0.51785499
1990,6,24,-0.20996,0.466571,7,0.51163602
1990,6,25,0.00499991979,0.56841201,6,0.568434
1990,6,26,-0.1074,0.67602199,7,0.68450099
1990,6,27,-0.50617999,0.79741901,7,0.94450998
1990,6,28,-1.09286,0.674972,8,1.28449
1990,6,29,-1.35089,0.446165,8,1.42266
1990,6,30,-1.55493,0.253436,8,1.5754499
1990,7,1,-1.49334,0.0896710977,8,1.49603
1990,7,2,-1.3738199,-0.11537,1,1.37865
1990,7,3,-1.31199,-0.0239550993,1,1.3122
1990,7,4,-1.31595,-0.15947001,1,1.32558
1990,7,5,-1.16979,-0.20712,1,1.1879801
1990,7,6,-0.90705001,-0.48980999,1,1.0308501
1990,7,7,-0.99985999,-0.51420999,1,1.1243401
1990,7,8,-1.029,-0.31298,1,1.0755399
1990,7,9,-0.98802,-0.65043002,1,1.1829
1990,7,10,-1.02596,-0.92269999,1,1.37985
1990,7,11,-0.89555001,-0.57771999,1,1.06573
1990,7,12,-0.6674,-0.10105,1,0.67500401
1990,7,13,-0.56576997,0.00144978997,8,0.56577402
1990,7,14,-0.61480999,-0.11167,1,0.62487298
1990,7,15,-0.56832999,-0.0601848997,1,0.57150698
1990,7,16,-0.67031997,-0.11752,1,0.68054003
1990,7,17,-0.66508001,-0.0937177017,1,0.67165101
1990,7,18,-0.79386997,0.162716,8,0.81037301
1990,7,19,-0.55658001,-0.1314,1,0.57188398
1990,7,20,-0.30667999,-0.0835888013,1,0.31786299
1990,7,21,-0.11866,-0.22901,2,0.257927
1990,7,22,0.12775201,-0.28619,3,0.313409
1990,7,23,0.29626301,-0.3281,3,0.442067
1990,7,24,0.18058901,-0.24295001,3,0.30271301
1990,7,25,0.0590221994,-0.00373842008,4,0.0591403991
1990,7,26,-0.00258055003,0.372446,7,0.372455
1990,7,27,-0.0805748031,0.59450603,7,0.59994203
1990,7,28,0.0478149988,0.55695701,6,0.55900598
1990,7,29,0.28528699,0.42071199,6,0.50831801
1990,7,30,0.331949,0.56518501,6,0.65545702
1990,7,31,0.40527201,0.403649,5,0.57199401
1990,8,1,0.0799779966,0.40588099,6,0.41368499
1990,8,2,-0.10956,0.31674299,7,0.33515599
1990,8,3,-0.0414136015,0.31145501,7,0.31419599
1990,8,4,-0.0755361989,0.33426601,7,0.34269401
1990,8,5,0.00340513,0.221485,6,0.22151101
1990,8,6,-0.0547805987,0.15714,7,0.16641501
1990,8,7,-0.31152999,-0.00136708003,1,0.31152999
1990,8,8,-0.39557999,-0.12952,1,0.416244
1990,8,9,-0.47067001,0.142589,8,0.49179101
1990,8,10,-0.42267001,0.247924,8,0.49002001
1990,8,11,-0.0779566988,0.57927901,7,0.58450103
1990,8,12,0.32897499,0.40014499,6,0.51801598
1990,8,13,0.57092798,0.443937,5,0.72321397
1990,8,14,0.99310899,0.62644303,5,1.17418
1990,8,15,1.22069,0.94937599,5,1.54641
1990,8,16,1.70901,1.1423301,5,2.05564
1990,8,17,1.80317,1.1397901,5,2.1331999
1990,8,18,1.53214,1.0412101,5,1.85245
1990,8,19,1.4629101,1.0889601,5,1.82371
1990,8,20,1.12361,1.27648,6,1.70056
1990,8,21,0.72708899,1.39459,6,1.57275
1990,8,22,0.51343501,1.47979,6,1.56633
1990,8,23,0.14792401,1.48844,6,1.49578
1990,8,24,-0.0272353999,1.30532,7,1.3056099
1990,8,25,0.0452206992,1.16293,6,1.16381
1990,8,26,0.0479216017,0.79956102,6,0.80099499
1990,8,27,-0.0634369999,0.30082601,7,0.30744201
1990,8,28,-0.1451,-0.00179204997,1,0.145109
1990,8,29,0.0447385013,-0.0447193012,4,0.0632561967
1990,8,30,0.191016,-0.47580001,3,0.51270902
1990,8,31,0.31169701,-0.66635001,3,0.735645
1990,9,1,0.126247,-0.65333998,3,0.66542703
1990,9,2,0.15334301,-0.60768998,3,0.62674302
1990,9,3,0.18039399,-0.66779,3,0.69172603
1990,9,4,0.155158,-0.53718001,3,0.55914199
1990,9,5,-0.000403387006,-0.32354999,2,0.323549
1990,9,6,-0.0274461005,-0.24270999,2,0.244261
1990,9,7,-0.29609999,0.0138627999,8,0.29642799
1990,9,8,-0.3635,-0.0584282987,1,0.36816099
1990,9,9,-0.43604001,-0.35995001,1,0.565413
1990,9,10,-0.64811999,-0.28226,1,0.70691699
1990,9,11,-0.61975002,-0.39739001,1,0.73621303
1990,9,12,-0.54778999,-0.48039001,1,0.728598
1990,9,13,-0.44865,-0.55897999,2,0.71675801
1990,9,14,-0.3073,-0.42857,2,0.52735901
1990,9,15,-0.25606,-0.41668001,2,0.489066
1990,9,16,-0.14487,-0.41150999,2,0.43626699
1990,9,17,-0.20987,-0.38145,2,0.43537399
1990,9,18,0.0060316301,-0.83652002,3,0.83653897
1990,9,19,0.0305863991,-1.20037,3,1.20076
1990,9,20,-0.0587959997,-1.31231,2,1.31363
1990,9,21,-0.0620105006,-1.22014,2,1.22172
1990,9,22,0.0400865003,-1.24466,3,1.2453001
1990,9,23,-0.0580711998,-1.3694201,2,1.3706501
1990,9,24,-0.0359910987,-1.48181,2,1.48225
1990,9,25,0.00405329978,-1.37897,3,1.37898
1990,9,26,0.215655,-1.12274,3,1.14327
1990,9,27,0.156049,-0.69766003,3,0.714894
1990,9,28,0.0549945012,-0.64279997,3,0.64514798
1990,9,29,0.0974121988,-0.84318,3,0.84879202
1990,9,30,0.30542901,-0.68787003,3,0.75263202
1990,10,1,0.57430798,-0.31389999,4,0.654495
1990,10,2,0.73596102,0.220182,5,0.76819199
1990,10,3,0.78543103,0.57961798,5,0.97614503
1990,10,4,0.74989802,0.806517,6,1.10128
1990,10,5,0.666017,0.903871,6,1.12275
1990,10,6,0.192672,0.92249799,6,0.94240397
1990,10,7,-0.31494001,0.54004198,7,0.625166
1990,10,8,-0.60819,-0.0685285032,1,0.61204201
1990,10,9,-0.88892001,-0.55941999,1,1.0503
1990,10,10,-0.94384998,-0.61162001,1,1.1246901
1990,10,11,-0.98940998,-0.62465,1,1.17009
1990,10,12,-0.95649999,-0.57176,1,1.11437
1990,10,13,-0.79571998,-0.73504001,1,1.0832601
1990,10,14,-0.98730999,-0.95019001,1,1.37027
1990,10,15,-1.11725,-0.84750003,1,1.40232
1990,10,16,-1.1788501,-0.94142002,1,1.50863
1990,10,17,-1.14871,-1.14316,1,1.62061
1990,10,18,-1.13351,-1.32323,2,1.74235
1990,10,19,-0.96720999,-1.24376,2,1.57557
1990,10,20,-1.13051,-1.2565399,2,1.69025
1990,10,21,-1.30049,-1.33161,2,1.8613
1990,10,22,-1.40935,-1.33689,1,1.94256
1990,10,23,-1.50353,-1.34413,1,2.0167501
1990,10,24,-1.53687,-1.48368,1,2.1361799
1990,10,25,-1.33971,-1.52161,2,2.0273499
1990,10,26,-1.18311,-1.58981,2,1.98173
1990,10,27,-0.86997998,-1.4465801,2,1.68803
1990,10,28,-0.63617003,-1.4802099,2,1.61113
1990,10,29,-0.51038003,-1.73864,2,1.81201
1990,10,30,-0.14368001,-1.8802,2,1.88568
1990,10,31,0.164197,-1.8005,3,1.80797
1990,11,1,0.43810901,-1.70153,3,1.75703
1990,11,2,0.73791897,-1.61248,3,1.7733099
1990,11,3,0.88726002,-1.40264,3,1.65971
1990,11,4,0.80905002,-0.89629,3,1.20744
1990,11,5,0.879614,-0.41773999,4,0.973768
1990,11,6,0.87298298,-0.0644598007,4,0.87536001
1990,11,7,0.89045203,-0.13862,4,0.901178
1990,11,8,0.98446399,-0.00210372009,4,0.98446602
1990,11,9,0.840729,0.14023601,5,0.85234398
1990,11,10,0.97510701,0.46099201,5,1.07859
1990,11,11,0.76500899,0.52626401,5,0.92854398
1990,11,12,0.71945298,0.80189103,6,1.07733
1990,11,13,0.353457,1.29242,6,1.33988
1990,11,14,-0.14816999,1.58814,7,1.59504
1990,11,15,-0.50661999,1.87704,7,1.9442101
1990,11,16,-0.83142,1.85122,7,2.02935
1990,11,17,-1.03065,1.7553101,7,2.0355201
1990,11,18,-1.03527,1.43501,7,1.76947
1990,11,19,-1.23402,1.5334001,7,1.96828
1990,11,20,-1.5938801,1.3708301,8,2.1022899
1990,11,21,-1.85833,1.15579,8,2.1884401
1990,11,22,-1.8386199,0.79070598,8,2.00143
1990,11,23,-1.7334501,0.73747998,8,1.88381
1990,11,24,-1.2195801,0.67213303,8,1.39253
1990,11,25,-0.83104998,0.79928201,8,1.1530401
1990,11,26,-0.52772999,0.70050001,7,0.87704098
1990,11,27,-0.39956,0.784127,7,0.88005602
1990,11,28,-0.45354,0.91999602,7,1.02572
1990,11,29,-0.42728001,1.14821,7,1.22514
1990,11,30,-0.53539997,1.14415,7,1.26322
1990,12,1,-0.85172999,1.02373,7,1.33172
1990,12,2,-1.24042,0.62408602,8,1.38857
1990,12,3,-1.7335401,0.48579499,8,1.80033
1990,12,4,-1.91882,0.209108,8,1.93018
1990,12,5,-1.71751,-0.0607528985,1,1.71858
1990,12,6,-1.72004,-0.45515001,1,1.77924
1990,12,7,-1.78698,-0.93838,1,2.0183799
1990,12,8,-1.61932,-1.34418,1,2.1045301
1990,12,9,-1.068,-1.43065,2,1.78532
1990,12,10,-0.64625001,-1.67265,2,1.7931499
1990,12,11,-0.52248001,-1.61173,2,1.6943099
1990,12,12,-0.23638,-1.49149,2,1.51011
1990,12,13,0.26345101,-1.45336,3,1.4770401
1990,12,14,0.50531203,-1.48023,3,1.5641
1990,12,15,0.70604497,-1.27441,3,1.45692
1990,12,16,0.845792,-0.89605999,3,1.23219
1990,12,17,1.2543499,-0.58322001,4,1.38331
1990,12,18,1.30065,-0.2209,4,1.31928
1990,12,19,1.17546,0.139199,5,1.1836801
1990,12,20,1.04216,0.34506401,5,1.0978
1990,12,21,0.84699702,0.59830397,5,1.0369999
1990,12,22,0.333776,0.63150901,6,0.71429002
1990,12,23,0.089971602,0.93430501,6,0.938627
1990,12,24,-0.20021001,1.0534199,7,1.07227
1990,12,25,-0.0656251013,1.05444,7,1.0564801
1990,12,26,-0.22391,0.99397099,7,1.01888
1990,12,27,-0.39879999,0.81849599,7,0.91048098
1990,12,28,-0.47711,0.76283801,7,0.899755
1990,12,29,-0.38942,0.57691598,7,0.69604701
1990,12,30,-0.1097,0.73466599,7,0.74281102
1990,12,31,-0.1365,0.62461901,7,0.63936001
1991,1,1,-0.0988468006,0.59252697,7,0.60071498
1991,1,2,0.0653904006,0.38146201,6,0.38702601
1991,1,3,0.0758512989,0.28049701,6,0.290571
1991,1,4,0.35199299,0.148343,5,0.381975
1991,1,5,0.54113197,-0.13392,4,0.55745697
1991,1,6,0.49148801,-0.34582001,4,0.600959
1991,1,7,0.68146503,-0.27127999,4,0.73347503
1991,1,8,0.86951101,-0.0955192968,4,0.87474197
1991,1,9,0.825728,0.17210799,5,0.84347397
1991,1,10,0.63881701,0.240495,5,0.68258601
1991,1,11,0.50011802,0.0989890024,5,0.50981998
1991,1,12,0.391581,0.0691035017,5,0.397632
1991,1,13,0.092770502,0.0364680998,5,0.0996809006
1991,1,14,-0.0343215987,-0.38686001,2,0.388381
1991,1,15,-0.37143001,-0.81885999,2,0.89916497
1991,1,16,-0.56494999,-0.82824999,2,1.00258
1991,1,17,-0.53982002,-1.0880899,2,1.21463
1991,1,18,-0.50489998,-1.0966001,2,1.20726
1991,1,19,-0.48877001,-1.21733,2,1.31179
1991,1,20,0.0373135991,-1.3298301,3,1.33035
1991,1,21,0.546175,-1.1524301,3,1.27531
1991,1,22,1.11353,-0.92975003,4,1.45065
1991,1,23,1.52236,-0.76916999,4,1.70564
1991,1,24,1.5865999,-0.78715003,4,1.77113
1991,1,25,1.5136499,-0.44747001,4,1.57841
1991,1,26,1.27538,-0.17258,4,1.2869999
1991,1,27,1.16127,-0.0302243996,4,1.16167
1991,1,28,1.2529,0.0547664985,5,1.25409
1991,1,29,1.14169,0.190859,5,1.15753
1991,1,30,0.96757698,0.50035602,5,1.08929
1991,1,31,0.71166903,0.55157501,5,0.90039301
1991,2,1,0.84428602,0.336366,5,0.90882403
1991,2,2,0.92179799,0.0484141,5,0.923069
1991,2,3,1.03741,0.218953,5,1.0602601
1991,2,4,0.98161399,0.44926,5,1.07954
1991,2,5,0.90077102,0.40046,5,0.98577702
1991,2,6,0.75702298,0.39261001,5,0.85277599
1991,2,7,0.95028001,0.39434201,5,1.02885
1991,2,8,0.931391,0.448906,5,1.0339299
1991,2,9,0.60133201,0.59904802,5,0.84879899
1991,2,10,0.64923197,0.665362,6,0.92962801
1991,2,11,0.54078698,0.60005498,6,0.80778497
1991,2,12,0.66473901,0.40700501,5,0.77944303
1991,2,13,0.66965199,0.31478199,5,0.73994702
1991,2,14,0.85179198,0.55116999,5,1.01456
1991,2,15,0.946558,0.71629697,5,1.18704
1991,2,16,1.2897,0.80026501,5,1.51781
1991,2,17,1.37269,0.94675797,5,1.66752
1991,2,18,1.37219,1.07707,5,1.74441
1991,2,19,1.4505399,0.90558898,5,1.7100199
1991,2,20,1.369,1.06867,5,1.73673
1991,2,21,1.39001,1.30059,5,1.90359
1991,2,22,1.17272,1.4898601,6,1.89604
1991,2,23,1.36564,1.2472399,5,1.84948
1991,2,24,0.76340401,1.19049,6,1.41423
1991,2,25,0.38385901,1.08555,6,1.15142
1991,2,26,-0.26646999,1.00757,7,1.04221
1991,2,27,-0.60907,1.11602,7,1.2714
1991,2,28,-0.54904997,1.05204,7,1.1867
1991,3,1,-0.55688,1.18679,7,1.31095
1991,3,2,-0.72996002,0.98931199,7,1.22946
1991,3,3,-0.97395003,0.80224299,8,1.2618099
1991,3,4,-1.10598,0.713274,8,1.31604
1991,3,5,-0.98734999,0.473061,8,1.09483
1991,3,6,-0.79360002,0.33405399,8,0.86104602
1991,3,7,-0.75184,0.268112,8,0.79821903
1991,3,8,-0.71306002,0.33865899,8,0.78939599
1991,3,9,-0.66626,0.51300299,8,0.84087902
1991,3,10,-0.53492999,0.40753299,8,0.67247999
1991,3,11,-0.39866999,0.0192594007,8,0.399131
1991,3,12,-0.25057,-0.30899,2,0.39781699
1991,3,13,-0.22791,-0.35260999,2,0.41985199
1991,3,14,0.0920045972,-0.28009999,3,0.294824
1991,3,15,0.0911524966,-0.48655999,3,0.49502799
1991,3,16,-0.16514,-0.59277999,2,0.615354
1991,3,17,-0.56291002,-0.46792999,1,0.73200202
1991,3,18,-0.75676,-0.21517999,1,0.78675503
1991,3,19,-0.30748001,-0.24544001,1,0.39342299
1991,3,20,-0.0684223995,-0.49307001,2,0.497794
1991,3,21,-0.0989726037,-0.70774001,2,0.71462297
1991,3,22,-0.0603499003,-0.80334002,2,0.80560797
1991,3,23,-0.30636999,-0.83547997,2,0.88988203
1991,3,24,-0.65066999,-0.78746998,2,1.02151
1991,3,25,-0.92417002,-0.76108998,1,1.19722
1991,3,26,-1.09879,-1.14595,2,1.58763
1991,3,27,-1.23376,-1.57423,2,2.0000899
1991,3,28,-1.14254,-1.83415,2,2.1609001
1991,3,29,-0.80522001,-1.85072,2,2.0183001
1991,3,30,-0.27495,-1.91547,2,1.9351
1991,3,31,0.24941599,-1.79511,3,1.81235
1991,4,1,0.51962799,-1.7065099,3,1.78387
1991,4,2,0.57553798,-1.40923,3,1.52223
1991,4,3,0.34095401,-0.98040003,3,1.03799
1991,4,4,0.23160499,-0.81151998,3,0.84391898
1991,4,5,0.24534699,-0.81902999,3,0.85498601
1991,4,6,0.122952,-0.67224002,3,0.68338698
1991,4,7,-0.11437,-0.53602999,2,0.54809201
1991,4,8,-0.0412278995,-0.53059,2,0.53218502
1991,4,9,0.0691372976,-0.37830999,3,0.38457501
1991,4,10,0.288578,-0.47408,3,0.55500299
1991,4,11,0.41834301,-0.41532999,4,0.58949703
1991,4,12,0.500238,-0.45910001,4,0.67897898
1991,4,13,0.613199,-0.33230999,4,0.697456
1991,4,14,0.80542397,-0.58715999,4,0.996728
1991,4,15,0.908678,-0.80738002,4,1.2155499
1991,4,16,1.02621,-0.81764001,4,1.31212
1991,4,17,1.1088001,-0.83513999,4,1.3881299
1991,4,18,1.1434,-0.87515002,4,1.43988
1991,4,19,1.21825,-0.84267002,4,1.4813
1991,4,20,1.37784,-0.62844002,4,1.5144
1991,4,21,1.23385,-0.51242,4,1.33603
1991,4,22,1.21034,-0.27614,4,1.2414401
1991,4,23,1.11766,0.0618558004,5,1.11937
1991,4,24,1.08508,0.141177,5,1.0942301
1991,4,25,1.1900001,0.211349,5,1.20862
1991,4,26,1.15266,0.27093601,5,1.18408
1991,4,27,1.09842,0.72977501,5,1.31875
1991,4,28,0.98421597,0.86514401,5,1.3104
1991,4,29,0.74993098,0.85211003,6,1.13512
1991,4,30,0.86472303,0.84813899,5,1.21123
1991,5,1,0.96226299,1.05634,6,1.42891
1991,5,2,0.73777199,1.17626,6,1.38849
1991,5,3,0.38672099,0.78932601,6,0.87897003
1991,5,4,0.25264901,0.722188,6,0.76510501
1991,5,5,0.0731042996,0.62377298,6,0.62804198
1991,5,6,-0.14465,0.84661502,7,0.85888398
1991,5,7,-0.31718001,0.95306098,7,1.00445
1991,5,8,-0.53316998,1.27387,7,1.38094
1991,5,9,-0.78509003,1.39305,7,1.59905
1991,5,10,-1.05791,1.2068,7,1.6048501
1991,5,11,-1.24178,1.3594,7,1.84119
1991,5,12,-1.37383,1.19135,8,1.81844
1991,5,13,-1.5702699,0.84225398,8,1.78189
1991,5,14,-1.827,0.60058701,8,1.92318
1991,5,15,-2.22422,0.0821888,8,2.22574
1991,5,16,-2.5532999,-0.20307,1,2.5613599
1991,5,17,-2.68841,-0.51287001,1,2.7368901
1991,5,18,-2.68275,-0.87405002,1,2.8215499
1991,5,19,-2.5448999,-1.19254,1,2.8104601
1991,5,20,-2.11462,-1.41801,1,2.5460501
1991,5,21,-1.6114399,-1.7400301,2,2.3715999
1991,5,22,-1.10832,-1.61814,2,1.96131
1991,5,23,-0.93002999,-1.8797899,2,2.09728
1991,5,24,-0.76214999,-1.88806,2,2.0360799
1991,5,25,-0.60012001,-1.74497,2,1.8452801
1991,5,26,-0.43144,-1.4903001,2,1.5514899
1991,5,27,-0.38468999,-1.46971,2,1.51922
1991,5,28,-0.21963,-1.57855,2,1.59376
1991,5,29,-0.32927001,-1.7940201,2,1.82399
1991,5,30,-0.00876509957,-1.74572,2,1.7457401
1991,5,31,0.32995901,-1.66607,3,1.6984299
1991,6,1,0.53774202,-1.59919,3,1.68718
1991,6,2,0.63773602,-1.17551,3,1.33736
1991,6,3,0.833013,-0.76849997,4,1.13336
1991,6,4,0.827667,-0.35598999,4,0.90098
1991,6,5,1.0576299,0.0174334999,5,1.05778
1991,6,6,1.05459,0.148287,5,1.06497
1991,6,7,1.18703,0.452077,5,1.27021
1991,6,8,1.16715,0.70104802,5,1.36151
1991,6,9,1.11268,0.831357,5,1.38896
1991,6,10,0.91850603,0.83192301,5,1.2392499
1991,6,11,0.81975698,0.747181,5,1.10918
1991,6,12,0.73405898,0.909648,6,1.16889
1991,6,13,0.44580099,1.12266,6,1.20794
1991,6,14,-0.0027101601,1.3319499,7,1.3319499
1991,6,15,-0.36436999,1.4183,7,1.46436
1991,6,16,-0.40000001,1.26956,7,1.33108
1991,6,17,-0.39383999,1.40101,7,1.45532
1991,6,18,-0.69617999,1.4887,7,1.64344
1991,6,19,-0.92935002,1.36456,7,1.65098
1991,6,20,-1.16265,1.16602,7,1.64662
1991,6,21,-1.44077,1.05042,8,1.78303
1991,6,22,-1.70691,1.0265599,8,1.99182
1991,6,23,-1.67325,0.80167103,8,1.8553801
1991,6,24,-1.78948,0.23085999,8,1.80431
1991,6,25,-1.88547,-0.24454001,1,1.90126
1991,6,26,-1.75442,-0.56731999,1,1.84387
1991,6,27,-1.40552,-0.83166999,1,1.63314
1991,6,28,-1.21483,-0.71824002,1,1.41127
1991,6,29,-1.05103,-0.65785003,1,1.23993
1991,6,30,-0.96687001,-0.49787,1,1.08753
1991,7,1,-0.61861002,-0.50177997,1,0.79653198
1991,7,2,-0.41093001,-0.60762,2,0.73352498
1991,7,3,-0.25902,-0.44295001,2,0.51312298
1991,7,4,-0.2735,-0.31233999,2,0.41515699
1991,7,5,-0.31836,-0.29749,1,0.43571901
1991,7,6,-0.16876,-0.18053,2,0.247123
1991,7,7,0.041455701,-0.0291268993,4,0.0506650992
1991,7,8,0.0251412001,-0.0104218004,4,0.0272157006
1991,7,9,-0.25027001,-0.0761327967,1,0.26159799
1991,7,10,-0.46658999,-0.0878669992,1,0.47479001
1991,7,11,-0.3536,0.29543599,8,0.46077299
1991,7,12,-0.51876998,0.279937,8,0.58948201
1991,7,13,-0.37513,0.3145,8,0.48952699
1991,7,14,-0.0588021986,0.34879601,7,0.35371801
1991,7,15,-0.0915099978,0.206035,7,0.22544301
1991,7,16,0.0122683002,0.23678499,6,0.237103
1991,7,17,0.400893,0.43185499,6,0.589248
1991,7,18,0.69328701,0.56006801,5,0.89124697
1991,7,19,0.88482398,0.64820099,5,1.09685
1991,7,20,0.909661,0.66146201,5,1.12473
1991,7,21,0.82904702,0.683532,5,1.07449
1991,7,22,0.55815601,0.97507602,6,1.12353
1991,7,23,0.502756,0.80307102,6,0.94746298
1991,7,24,0.39030001,0.71868199,6,0.81782502
1991,7,25,0.181014,0.81963903,6,0.83938903
1991,7,26,-0.14233001,0.88036698,7,0.89179802
1991,7,27,-0.40977001,0.64669198,7,0.76558697
1991,7,28,-0.68738002,0.69894999,7,0.98031598
1991,7,29,-0.90829003,0.40491799,8,0.994461
1991,7,30,-0.79027998,0.0211314,8,0.790564
1991,7,31,-0.69301999,-0.52837002,1,0.87146598
1991,8,1,-0.56738001,-0.69292003,2,0.895576
1991,8,2,-0.47369,-0.63304001,2,0.79064602
1991,8,3,-0.56202,-0.46853,1,0.73170203
1991,8,4,-0.41571999,-0.61359,2,0.74116302
1991,8,5,-0.27383,-0.52626002,2,0.59324199
1991,8,6,-0.29163,-0.58791,2,0.65626502
1991,8,7,-0.14411999,-0.51655,2,0.536273
1991,8,8,0.0762135014,-0.71376997,3,0.71782601
1991,8,9,0.208803,-0.36381999,3,0.41948101
1991,8,10,0.332746,-0.0899244994,4,0.34468299
1991,8,11,0.53328401,0.168731,5,0.55934101
1991,8,12,0.76976699,0.25435701,5,0.81070203
1991,8,13,1.0174,0.23441,5,1.04405
1991,8,14,1.31595,0.31491199,5,1.35311
1991,8,15,1.59541,0.47755599,5,1.66535
1991,8,16,1.62693,0.495731,5,1.70078
1991,8,17,1.72176,0.50168502,5,1.79336
1991,8,18,1.5767,0.20388199,5,1.58983
1991,8,19,1.50563,0.144825,5,1.51258
1991,8,20,1.5298001,0.26434499,5,1.55247
1991,8,21,1.69815,0.0459409989,5,1.69877
1991,8,22,2.0801699,-0.0299773999,4,2.08038
1991,8,23,2.3312299,0.240748,5,2.3436301
1991,8,24,2.5808301,0.195739,5,2.5882399
1991,8,25,2.3698299,0.0927402973,5,2.37164
1991,8,26,1.8084199,0.22098701,5,1.82187
1991,8,27,1.4795001,0.54610097,5,1.57706
1991,8,28,1.54838,0.499596,5,1.62699
1991,8,29,1.44423,0.86446297,5,1.68318
1991,8,30,1.06618,0.85785502,5,1.36845
1991,8,31,0.67015302,0.72279501,6,0.98566502
1991,9,1,0.47929499,0.93608499,6,1.0516599
1991,9,2,0.82967103,1.03319,6,1.32508
1991,9,3,1.02424,0.991117,5,1.42527
1991,9,4,1.23239,0.92917901,5,1.54343
1991,9,5,1.28222,1.18443,5,1.7455601
1991,9,6,1.48689,1.48125,5,2.0987899
1991,9,7,1.4616899,1.60826,6,2.17326
1991,9,8,0.91142499,1.46689,6,1.72698
1991,9,9,0.61972898,1.57804,6,1.6953599
1991,9,10,0.149286,1.98535,6,1.99096
1991,9,11,-0.16892,2.1254499,7,2.1321499
1991,9,12,-0.44902,2.1083801,7,2.1556599
1991,9,13,-0.79281998,2.0475299,7,2.1956601
1991,9,14,-1.12851,2.0140901,7,2.3087001
1991,9,15,-1.31618,1.89676,7,2.3086901
1991,9,16,-1.3828,1.5247,7,2.0583601
1991,9,17,-1.37705,1.15364,8,1.79642
1991,9,18,-1.29278,0.83285302,8,1.53784
1991,9,19,-1.0998501,0.82809901,8,1.37674
1991,9,20,-1.04103,0.374668,8,1.1064
1991,9,21,-0.96644998,0.31344599,8,1.01601
1991,9,22,-0.96123999,0.16991501,8,0.97614598
1991,9,23,-0.60794997,0.0833858028,8,0.61364502
1991,9,24,-0.26536,-0.0799819976,1,0.27714801
1991,9,25,-0.29504001,0.0163026005,8,0.29549301
1991,9,26,-0.27711999,-0.0667816997,1,0.285052
1991,9,27,-0.17916,0.0480084009,8,0.18547601
1991,9,28,-0.28525999,0.23560999,8,0.369984
1991,9,29,-0.49781999,0.26793301,8,0.56534302
1991,9,30,-0.75648999,0.38673201,8,0.84960598
1991,10,1,-1.00923,0.40634799,8,1.08797
1991,10,2,-1.2217,0.373864,8,1.27762
1991,10,3,-1.19014,-0.0157727003,1,1.19025
1991,10,4,-1.22688,-0.41861999,1,1.29634
1991,10,5,-1.31611,-0.74355,1,1.5116301
1991,10,6,-1.07095,-0.83307999,1,1.35682
1991,10,7,-1.0236599,-0.90403003,1,1.36571
1991,10,8,-0.83591998,-1.02939,2,1.32605
1991,10,9,-0.46702999,-1.4374501,2,1.51142
1991,10,10,-0.26833001,-1.76027,2,1.7806
1991,10,11,-0.27358001,-1.8842601,2,1.90402
1991,10,12,0.040765699,-1.7534699,3,1.75394
1991,10,13,0.218143,-1.71761,3,1.7314
1991,10,14,0.23769701,-1.4821,3,1.50104
1991,10,15,0.281885,-1.2975301,3,1.3278
1991,10,16,0.621611,-1.11617,3,1.27759
1991,10,17,0.67660803,-0.87015998,3,1.10226
1991,10,18,0.71895999,-0.89462,3,1.14771
1991,10,19,0.75657803,-0.99353999,3,1.2488101
1991,10,20,0.74412298,-0.99773002,3,1.24467
1991,10,21,0.83546698,-0.72595,4,1.1068
1991,10,22,0.84914702,-0.39008999,4,0.93446302
1991,10,23,0.88893503,-0.28077,4,0.93222201
1991,10,24,0.78973597,-0.22781,4,0.82193798
1991,10,25,0.842125,-0.17353,4,0.85981798
1991,10,26,0.83666402,0.0448286012,5,0.83786398
1991,10,27,0.75943702,0.0639934018,5,0.762128
1991,10,28,0.858486,0.153173,5,0.87204301
1991,10,29,0.54112297,0.108672,5,0.55192798
1991,10,30,0.23642001,0.341802,6,0.41559899
1991,10,31,-0.0955867022,0.48176599,7,0.491157
1991,11,1,-0.18641999,0.616238,7,0.64381599
1991,11,2,-0.0900942981,0.71682203,7,0.72246099
1991,11,3,0.104567,0.81978399,6,0.82642603
1991,11,4,0.13070799,0.47759899,6,0.49516201
1991,11,5,-0.0921280012,0.40652099,7,0.41683
1991,11,6,-0.39890999,0.423558,7,0.58183402
1991,11,7,-0.47944,0.72966802,7,0.873088
1991,11,8,-0.52613997,0.91834599,7,1.05839
1991,11,9,-0.38668001,1.05892,7,1.12731
1991,11,10,-0.51866001,1.11519,7,1.2299
1991,11,11,-0.76938999,1.0929,7,1.33656
1991,11,12,-1.01,1.10849,7,1.49962
1991,11,13,-1.18996,0.80951101,8,1.4392101
1991,11,14,-1.4557,0.677109,8,1.6054699
1991,11,15,-1.36352,0.57148099,8,1.47844
1991,11,16,-1.22697,0.62061,8,1.375
1991,11,17,-1.26452,0.41270801,8,1.33017
1991,11,18,-1.21205,0.15834901,8,1.22235
1991,11,19,-0.92018002,-0.0850353017,1,0.92410499
1991,11,20,-0.72825998,-0.11074,1,0.73663199
1991,11,21,-0.49617001,-0.25896999,1,0.55968601
1991,11,22,-0.25924999,-0.16163,1,0.30550599
1991,11,23,-0.14855,0.12679701,8,0.19531
1991,11,24,-0.19325,0.269483,7,0.331613
1991,11,25,-0.16625001,0.22146501,7,0.27692199
1991,11,26,-0.0567133985,0.78030401,7,0.78236198
1991,11,27,-0.0809457004,1.01393,7,1.01715
1991,11,28,-0.29905,0.86743599,7,0.91754001
1991,11,29,-0.61659998,0.90000403,7,1.09097
1991,11,30,-0.90263999,0.94291902,7,1.30532
1991,12,1,-1.31847,0.93030202,8,1.6136301
1991,12,2,-1.31989,0.86142898,8,1.57613
1991,12,3,-1.2104501,0.67959201,8,1.38817
1991,12,4,-1.0826499,0.75676101,8,1.32091
1991,12,5,-0.96081001,0.77578598,8,1.23491
1991,12,6,-0.93603998,0.80453598,8,1.23428
1991,12,7,-1.06389,1.04329,8,1.49007
1991,12,8,-1.01253,1.2247601,7,1.5891
1991,12,9,-1.346,1.29527,8,1.868
1991,12,10,-1.4825,1.40432,8,2.0420401
1991,12,11,-1.6285599,1.34273,8,2.1107099
1991,12,12,-1.9291,1.1783,8,2.2604899
1991,12,13,-2.2003,0.671691,8,2.30054
1991,12,14,-2.15573,0.38873699,8,2.1905
1991,12,15,-1.88202,-0.10214,1,1.8847899
1991,12,16,-1.76279,-0.35986999,1,1.79914
1991,12,17,-1.59815,-0.86229998,1,1.81594
1991,12,18,-1.42474,-1.37384,1,1.97922
1991,12,19,-1.02477,-1.71692,2,1.99949
1991,12,20,-0.70446998,-2.01456,2,2.1341801
1991,12,21,-0.39142999,-2.2535801,2,2.2873199
1991,12,22,0.0452512018,-2.2149601,3,2.21543
1991,12,23,0.230657,-2.1428001,3,2.15518
1991,12,24,0.477083,-1.87473,3,1.93448
1991,12,25,0.77206701,-1.57816,3,1.7568901
1991,12,26,1.07373,-1.42967,3,1.78798
1991,12,27,0.90416598,-1.07531,3,1.40492
1991,12,28,0.65762502,-0.796,3,1.03251
1991,12,29,0.643543,-0.64841002,3,0.91355401
1991,12,30,0.46281999,-0.27994001,4,0.54089803
1991,12,31,0.44465899,0.157363,5,0.471683
1992,1,1,0.32516599,0.324563,5,0.45942801
1992,1,2,0.31482199,0.28145501,5,0.42229101
1992,1,3,0.174716,0.36314899,6,0.40299201
1992,1,4,0.163991,0.59515202,6,0.61733198
1992,1,5,0.144701,0.80754697,6,0.820409
1992,1,6,0.27530801,0.97542,6,1.01353
1992,1,7,0.29656199,0.97781402,6,1.0218
1992,1,8,0.161778,1.30729,6,1.31726
1992,1,9,-0.0191252008,1.69428,7,1.69438
1992,1,10,-0.47152001,2.02337,7,2.07758
1992,1,11,-0.87677002,1.92522,7,2.1154599
1992,1,12,-1.27512,1.84474,7,2.2425399
1992,1,13,-1.8237799,1.69039,8,2.48668
1992,1,14,-1.93595,1.35265,8,2.36168
1992,1,15,-1.99946,1.09989,8,2.2820201
1992,1,16,-2.0536001,0.93767703,8,2.25755
1992,1,17,-1.82688,0.77584499,8,1.9848
1992,1,18,-1.67599,0.46549901,8,1.73943
1992,1,19,-1.87008,0.14789499,8,1.87591
1992,1,20,-1.84308,-0.0669784993,1,1.8443
1992,1,21,-1.70455,-0.0646942034,1,1.70578
1992,1,22,-1.79873,-0.10666,1,1.80189
1992,1,23,-1.97282,0.0625709966,8,1.97381
1992,1,24,-2.1154499,0.00864254031,8,2.1154699
1992,1,25,-2.2824099,-0.10976,1,2.2850399
1992,1,26,-2.43975,-0.53389001,1,2.4974799
1992,1,27,-2.20783,-0.75744998,1,2.3341501
1992,1,28,-2.01439,-0.82156998,1,2.1754899
1992,1,29,-1.7575999,-0.92275,1,1.9851
1992,1,30,-1.43589,-0.79180002,1,1.63974
1992,1,31,-1.37941,-0.74998999,1,1.57012
1992,2,1,-1.1296099,-0.67878997,1,1.31787
1992,2,2,-0.98732001,-0.64863998,1,1.18133
1992,2,3,-0.95104003,-0.63002998,1,1.1408
1992,2,4,-0.88800001,-0.40294001,1,0.975146
1992,2,5,-0.94069999,-0.31099999,1,0.99078101
1992,2,6,-0.63840002,-0.25714001,1,0.68823802
1992,2,7,-0.45594001,-0.14061999,1,0.477135
1992,2,8,-0.61540997,-0.27463001,1,0.673908
1992,2,9,-0.69283998,-0.57098001,1,0.89780003
1992,2,10,-0.71535999,-0.54122001,1,0.89702398
1992,2,11,-0.11223,-0.33934999,2,0.357425
1992,2,12,0.658795,-0.43516999,4,0.78954399
1992,2,13,1.02356,-0.40685001,4,1.10145
1992,2,14,0.93468302,-0.16146,4,0.94852602
1992,2,15,1.00463,0.00942900963,5,1.00468
1992,2,16,1.2532001,-0.12314,4,1.25923
1992,2,17,1.5465,-0.37707999,4,1.59181
1992,2,18,1.67233,-0.19056,4,1.6831501
1992,2,19,1.65725,-0.0913598984,4,1.65977
1992,2,20,1.69095,-0.27021,4,1.71241
1992,2,21,1.50854,-0.28698999,4,1.5355901
1992,2,22,1.20831,-0.25658,4,1.23525
1992,2,23,1.11523,-0.0729769021,4,1.11761
1992,2,24,0.79938197,-0.0135110002,4,0.799496
1992,2,25,0.89777499,0.0323939994,5,0.89836001
1992,2,26,0.87033498,0.140255,5,0.88156402
1992,2,27,1.06444,-0.0825570971,4,1.0676399
1992,2,28,1.35453,-0.0831554979,4,1.35708
1992,2,29,1.3618799,-0.16192999,4,1.37147
1992,3,1,1.5733401,0.0494483002,5,1.57412
1992,3,2,1.80739,0.312197,5,1.83416
1992,3,3,1.931,0.43224001,5,1.97878
1992,3,4,1.75583,0.720523,5,1.89792
1992,3,5,1.5830899,1.01803,5,1.88217
1992,3,6,1.03758,1.18855,6,1.57772
1992,3,7,0.53842199,1.31823,6,1.42395
1992,3,8,0.50823998,1.3564301,6,1.4485199
1992,3,9,0.0508343987,1.38388,6,1.38481
1992,3,10,-0.53132999,1.12854,7,1.24737
1992,3,11,-0.81764001,0.99282497,7,1.28617
1992,3,12,-0.95976001,0.89953399,8,1.31541
1992,3,13,-1.01354,0.83885098,8,1.31565
1992,3,14,-0.88476998,0.72828102,8,1.14596
1992,3,15,-0.75049001,0.72160703,8,1.0411299
1992,3,16,-0.66627002,0.58989602,8,0.88988203
1992,3,17,-0.79611999,0.60877103,8,1.0022
1992,3,18,-1.16906,0.458141,8,1.25562
1992,3,19,-1.5949399,0.23878001,8,1.61272
1992,3,20,-1.7201,-0.058035899,1,1.7210799
1992,3,21,-1.6365499,-0.31832999,1,1.66722
1992,3,22,-1.24474,-0.41760999,1,1.31293
1992,3,23,-0.85359001,-0.55225003,1,1.01666
1992,3,24,-0.84145999,-0.80409002,1,1.16388
1992,3,25,-0.79935998,-1.1461,2,1.39733
1992,3,26,-0.71015,-1.21661,2,1.4087
1992,3,27,-0.41819,-1.41214,2,1.47276
1992,3,28,-0.0448051989,-1.69946,2,1.70005
1992,3,29,0.34953201,-1.96003,3,1.99095
1992,3,30,0.75706202,-2.2817199,3,2.4040401
1992,3,31,1.14825,-2.1927099,3,2.4751699
1992,4,1,1.5356801,-2.0676701,3,2.5755701
1992,4,2,1.5997601,-1.68266,3,2.3217599
1992,4,3,1.71641,-1.2167799,4,2.10395
1992,4,4,1.87599,-0.74062997,4,2.0169001
1992,4,5,1.86069,-0.37009999,4,1.89714
1992,4,6,1.67405,-0.34678,4,1.70959
1992,4,7,1.52422,-0.19817001,4,1.53705
1992,4,8,1.5848,0.0806327984,5,1.58685
1992,4,9,1.54123,0.547885,5,1.63571
1992,4,10,1.2528501,0.56458998,5,1.37419
1992,4,11,1.14386,0.85279298,5,1.42677
1992,4,12,0.86314201,1.2066801,6,1.48361
1992,4,13,0.820494,1.4314801,6,1.64996
1992,4,14,0.539711,1.61175,6,1.69971
1992,4,15,0.51063502,1.41343,6,1.50284
1992,4,16,0.37763199,1.07416,6,1.13861
1992,4,17,0.280855,0.76109201,6,0.81125897
1992,4,18,0.188181,0.76985598,6,0.79252201
1992,4,19,-0.0378349982,0.68411398,7,0.68515998
1992,4,20,-0.43342999,0.80660999,7,0.91568398
1992,4,21,-0.52881998,1.03409,7,1.16146
1992,4,22,-0.51225001,0.80256897,7,0.95210999
1992,4,23,-0.59801,0.34329399,8,0.68954402
1992,4,24,-0.65221,0.0390033014,8,0.65337902
1992,4,25,-0.95126998,-0.13372999,1,0.96061897
1992,4,26,-0.85540998,-0.34944999,1,0.92403698
1992,4,27,-0.60118002,-0.36965999,1,0.70574301
1992,4,28,-0.21091001,-0.62573999,2,0.66032702
1992,4,29,-0.0892912969,-0.77654999,2,0.78166199
1992,4,30,0.241448,-0.80425,3,0.839715
1992,5,1,0.47172701,-1.1063,3,1.20268
1992,5,2,0.75827903,-1.22457,3,1.44034
1992,5,3,0.89784402,-1.29577,3,1.57644
1992,5,4,1.05625,-1.5052201,3,1.83885
1992,5,5,1.13893,-1.29471,3,1.72436
1992,5,6,1.37787,-0.89546001,4,1.64328
1992,5,7,1.7746,-0.68962002,4,1.90389
1992,5,8,1.8734601,-0.1807,4,1.8821599
1992,5,9,1.785,-0.053624399,4,1.7858
1992,5,10,1.55734,0.0149649,5,1.55741
1992,5,11,1.29755,0.170818,5,1.30875
1992,5,12,0.98268503,0.179342,5,0.99891597
1992,5,13,0.72284001,0.244175,5,0.76296699
1992,5,14,0.75381601,0.29680499,5,0.81014299
1992,5,15,0.72575599,0.56274498,5,0.91837001
1992,5,16,0.431898,0.81661898,6,0.92379701
1992,5,17,0.45444101,0.91036099,6,1.01748
1992,5,18,0.0156407002,0.966564,6,0.96669
1992,5,19,-0.13921,0.99125201,7,1.00098
1992,5,20,-0.38385001,0.95319402,7,1.02758
1992,5,21,-0.51166999,0.59114897,7,0.78183401
1992,5,22,-0.55075997,0.23384,8,0.59834403
1992,5,23,-0.26293999,0.13083801,8,0.29369
1992,5,24,-0.19795001,0.203824,7,0.28413001
1992,5,25,-0.075943999,0.14629599,7,0.16483299
1992,5,26,0.0538825989,-0.14596,3,0.155588
1992,5,27,0.0605879985,-0.1399,3,0.152458
1992,5,28,0.0200334992,0.0671797991,6,0.0701033026
1992,5,29,0.0379564986,0.182042,6,0.185957
1992,5,30,0.213502,-0.0195598006,4,0.214396
1992,5,31,0.345153,-0.33149999,4,0.47856599
1992,6,1,0.0180022996,-0.67180997,3,0.67205203
1992,6,2,-0.10308,-0.77851999,2,0.78531498
1992,6,3,-0.00449200021,-1.01993,2,1.01994
1992,6,4,-0.12338,-1.27117,2,1.27714
1992,6,5,-0.25808999,-1.44397,2,1.46685
1992,6,6,0.0322857015,-1.48716,3,1.48751
1992,6,7,0.393738,-1.3893501,3,1.44406
1992,6,8,0.58252299,-1.3610801,3,1.4805
1992,6,9,0.49348301,-1.42998,3,1.51274
1992,6,10,0.50031,-1.17398,3,1.27614
1992,6,11,0.72154999,-0.95776999,3,1.19915
1992,6,12,1.07526,-0.69849002,4,1.28222
1992,6,13,1.14268,-0.66047001,4,1.3198299
1992,6,14,1.20411,-0.56913,4,1.33184
1992,6,15,1.0731699,-0.56975001,4,1.21503
1992,6,16,1.14741,-0.59696001,4,1.2934099
1992,6,17,1.33182,-0.4621,4,1.40971
1992,6,18,1.3707,-0.43391001,4,1.43774
1992,6,19,1.23033,0.0972737968,5,1.23417
1992,6,20,0.87500602,0.575683,5,1.0474
1992,6,21,0.77751201,0.76152998,5,1.08833
1992,6,22,0.757227,0.70854598,5,1.03703
1992,6,23,0.65752703,0.684551,6,0.94918501
1992,6,24,0.39973199,0.62646103,6,0.743128
1992,6,25,0.0845761001,0.51676702,6,0.52364302
1992,6,26,-0.0129284998,0.126663,7,0.127321
1992,6,27,0.00828102045,-0.17001,3,0.17020801
1992,6,28,-0.22371,-0.11549,1,0.25176501
1992,6,29,-0.34889001,-0.0882723033,1,0.359882
1992,6,30,-0.43122,-0.22325,1,0.485589
1992,7,1,-0.76621002,-0.46195999,1,0.89469498
1992,7,2,-0.91373998,-0.76858002,1,1.194
1992,7,3,-0.98865002,-0.66193998,1,1.18979
1992,7,4,-1.1460201,-0.68498999,1,1.33513
1992,7,5,-1.19572,-0.79348999,1,1.43505
1992,7,6,-1.00436,-0.75760001,1,1.25805
1992,7,7,-0.93618,-0.73550999,1,1.19054
1992,7,8,-0.98677999,-0.93830001,1,1.36167
1992,7,9,-1.05827,-0.98461002,1,1.44547
1992,7,10,-1.08319,-1.12875,2,1.5644
1992,7,11,-1.0743999,-1.24717,2,1.64613
1992,7,12,-0.83718997,-1.14844,2,1.4212
1992,7,13,-0.42749,-1.18467,2,1.2594399
1992,7,14,-0.20563,-1.5416501,2,1.55531
1992,7,15,0.0386339016,-1.61257,3,1.61303
1992,7,16,0.0365886018,-1.23928,3,1.23982
1992,7,17,-0.0156813003,-0.81173003,2,0.81187803
1992,7,18,0.128629,-0.46105999,3,0.47866201
1992,7,19,0.25652599,-0.29883999,3,0.39384401
1992,7,20,0.21390601,-0.20211001,4,0.294285
1992,7,21,0.381982,-0.24952,4,0.45625901
1992,7,22,0.632855,-0.15605,4,0.651811
1992,7,23,0.67825401,-0.24539,4,0.72127903
1992,7,24,0.62472099,-0.44992,4,0.769876
1992,7,25,0.58860201,-0.76920003,3,0.96856803
1992,7,26,0.420454,-0.64889002,3,0.77319902
1992,7,27,0.391518,-0.55364001,3,0.67808998
1992,7,28,0.28219801,-0.72992003,3,0.78257298
1992,7,29,0.352952,-0.78393,3,0.85972202
1992,7,30,0.498303,-0.74185002,3,0.89367402
1992,7,31,0.689614,-0.50691003,4,0.85587502
1992,8,1,0.714719,-0.27663001,4,0.76638401
1992,8,2,0.64764899,-0.32545999,4,0.724828
1992,8,3,0.38697201,-0.27241001,4,0.47323799
1992,8,4,0.164058,-0.0263302997,4,0.16615801
1992,8,5,0.096164003,0.34549299,6,0.35862699
1992,8,6,0.24247301,0.73581302,6,0.77473497
1992,8,7,0.124165,0.95529097,6,0.96332699
1992,8,8,0.0874515995,0.83987403,6,0.84441501
1992,8,9,0.0100790998,0.69509101,6,0.69516402
1992,8,10,-0.1964,0.61429602,7,0.64492899
1992,8,11,-0.28521001,0.550924,7,0.62037301
1992,8,12,-0.13031,0.51177001,7,0.52810001
1992,8,13,0.201308,0.330659,6,0.38711801
1992,8,14,0.41194201,0.092117697,5,0.42211601
1992,8,15,0.52819002,0.13484199,5,0.54513001
1992,8,16,0.86389101,0.28749701,5,0.910474
1992,8,17,1.08839,0.40112099,5,1.15995
1992,8,18,1.00652,0.388511,5,1.0789
1992,8,19,0.95957601,0.40282899,5,1.0407
1992,8,20,0.95567298,0.26085901,5,0.99063498
1992,8,21,0.69491798,0.24856199,5,0.73803401
1992,8,22,0.39134499,0.307677,5,0.49781099
1992,8,23,0.129777,0.48848599,6,0.505431
1992,8,24,0.0251528006,0.57446402,6,0.57501501
1992,8,25,0.0977848992,0.71727902,6,0.72391301
1992,8,26,0.29437301,0.775823,6,0.82979298
1992,8,27,0.50195402,0.63644803,6,0.81057
1992,8,28,1.03837,0.50118399,5,1.15299
1992,8,29,1.33508,0.53913701,5,1.4398299
1992,8,30,1.5728101,0.50582498,5,1.65214
1992,8,31,1.52881,0.32247901,5,1.5624501
1992,9,1,1.11281,0.29338801,5,1.15083
1992,9,2,0.88552201,0.55995601,5,1.0477099
1992,9,3,0.84795099,0.84981,6,1.2005
1992,9,4,0.794855,0.93723601,6,1.2289
1992,9,5,0.43728599,0.82900202,6,0.93726301
1992,9,6,0.101488,0.694031,6,0.70141202
1992,9,7,0.00796683971,0.828385,6,0.82842302
1992,9,8,-0.12602,0.93001097,7,0.93851101
1992,9,9,-0.51793998,1.05506,7,1.1753401
1992,9,10,-0.39432001,1.29681,7,1.35544
1992,9,11,-0.36844999,1.22357,7,1.27784
1992,9,12,-0.60307997,1.0650899,7,1.2239799
1992,9,13,-0.73189002,0.87625003,7,1.1417
1992,9,14,-1.04966,0.90529901,8,1.38613
1992,9,15,-1.25404,1.12348,8,1.6837
1992,9,16,-1.16943,1.31668,7,1.76103
1992,9,17,-1.33893,1.06861,8,1.71308
1992,9,18,-1.35049,0.69746298,8,1.51996
1992,9,19,-1.2604899,0.51336598,8,1.36102
1992,9,20,-0.98495001,0.127762,8,0.99319899
1992,9,21,-0.88046002,-0.31889999,1,0.936436
1992,9,22,-0.83623999,-0.58445001,1,1.0202301
1992,9,23,-0.63608998,-0.92312998,2,1.12106
1992,9,24,-0.37937,-0.89170003,2,0.96904302
1992,9,25,-0.44683999,-1.06148,2,1.1517
1992,9,26,-0.61903,-1.09754,2,1.26008
1992,9,27,-0.56560999,-0.67998999,2,0.88448101
1992,9,28,-0.22570001,-0.59367001,2,0.635122
1992,9,29,-0.13902999,-0.60697001,2,0.62268698
1992,9,30,0.14711501,-0.58656001,3,0.604725
1992,10,1,0.29251799,-0.69167,3,0.75098699
1992,10,2,0.214314,-0.81726003,3,0.84488899
1992,10,3,0.0889640972,-0.80462003,3,0.809524
1992,10,4,0.0658430979,-0.89565998,3,0.89807498
1992,10,5,0.211786,-1.02625,3,1.0478801
1992,10,6,0.281872,-0.85970002,3,0.90472901
1992,10,7,0.53011298,-0.75312001,3,0.92097902
1992,10,8,0.72309101,-0.75541002,3,1.04571
1992,10,9,1.02241,-0.72091001,4,1.2510099
1992,10,10,1.23932,-0.76612002,4,1.457
1992,10,11,1.34288,-0.70016998,4,1.51445
1992,10,12,1.40909,-0.69529003,4,1.57129
1992,10,13,1.38741,-0.61578,4,1.51792
1992,10,14,1.39911,-0.46184,4,1.47337
1992,10,15,1.36538,-0.37654999,4,1.41635
1992,10,16,1.42901,-0.14195,4,1.4360501
1992,10,17,1.47153,0.0711050034,5,1.47325
1992,10,18,1.2534,0.23815,5,1.27582
1992,10,19,1.24246,0.29685599,5,1.2774301
1992,10,20,1.34006,0.58675599,5,1.46289
1992,10,21,1.33363,0.69425601,5,1.50351
1992,10,22,1.3873399,0.66120499,5,1.53685
1992,10,23,1.22733,0.76875597,5,1.44821
1992,10,24,1.0240901,1.04008,6,1.45963
1992,10,25,0.80068702,1.28047,6,1.5102
1992,10,26,0.35555401,1.22895,6,1.27935
1992,10,27,0.255045,1.14987,6,1.17781
1992,10,28,-0.0684479028,0.95461899,7,0.95706999
1992,10,29,-0.21252,1.1258,7,1.14568
1992,10,30,-0.18641999,1.12484,7,1.14018
1992,10,31,-0.21468,0.91193801,7,0.93686599
1992,11,1,-0.24793001,0.97385901,7,1.00492
1992,11,2,-0.48629001,1.00397,7,1.11554
1992,11,3,-0.60962999,0.84571701,7,1.04254
1992,11,4,-0.88834,0.69206798,8,1.1260999
1992,11,5,-1.00535,0.44799301,8,1.10065
1992,11,6,-1.24614,0.335199,8,1.29044
1992,11,7,-1.14159,0.223959,8,1.16335
1992,11,8,-1.30969,0.0820083991,8,1.31226
1992,11,9,-1.68304,-0.20138,1,1.69504
1992,11,10,-1.77627,-0.29186001,1,1.8000799
1992,11,11,-1.4837,-0.47681999,1,1.55844
1992,11,12,-1.19434,-0.70792001,1,1.3883801
1992,11,13,-1.04816,-0.87260002,1,1.36384
1992,11,14,-0.66902,-0.89796001,2,1.1197799
1992,11,15,-0.33131999,-0.89385003,2,0.95328301
1992,11,16,-0.37878999,-0.93588001,2,1.00963
1992,11,17,-0.17235,-0.49061999,2,0.52001202
1992,11,18,-0.0370048992,0.0942441002,7,0.101249
1992,11,19,-0.12495,0.54296303,7,0.557154
1992,11,20,-0.14402001,0.74685001,7,0.76060897
1992,11,21,-0.36124,0.65956402,7,0.75200897
1992,11,22,-0.50519001,0.69675601,7,0.86062998
1992,11,23,-0.90957999,0.39597899,8,0.992033
1992,11,24,-1.14221,0.17962299,8,1.15625
1992,11,25,-0.92387003,0.0411420986,8,0.924784
1992,11,26,-0.81866997,-0.34795001,1,0.889543
1992,11,27,-1.12534,-0.63305998,1,1.29119
1992,11,28,-1.7096,-0.61804003,1,1.81788
1992,11,29,-1.88714,-0.76001,1,2.03443
1992,11,30,-1.63481,-0.96564001,1,1.8987
1992,12,1,-1.36965,-1.04435,1,1.72238
1992,12,2,-1.00181,-1.11487,2,1.49885
1992,12,3,-0.72898,-1.00603,2,1.24238
1992,12,4,-0.71012998,-0.75193,2,1.03426
1992,12,5,-0.54026002,-0.61982,2,0.82223099
1992,12,6,-0.19490001,-0.36300999,2,0.41202399
1992,12,7,-0.0264305007,0.0108053004,8,0.0285538994
1992,12,8,-0.0607208982,0.230489,7,0.238353
1992,12,9,-0.36024001,0.23789901,8,0.431701
1992,12,10,-0.55882001,0.30137199,8,0.63490897
1992,12,11,-0.62004,0.16339,8,0.64120299
1992,12,12,-0.72167999,0.0615498982,8,0.72430402
1992,12,13,-0.69761997,-0.0735217035,1,0.70147902
1992,12,14,-0.4752,0.0206864998,8,0.47565299
1992,12,15,-0.34652999,-0.20356999,1,0.40190101
1992,12,16,-0.35286999,-0.28714001,1,0.45493501
1992,12,17,-0.0876491964,-0.33603001,2,0.34727499
1992,12,18,0.134967,-0.412,3,0.43353999
1992,12,19,0.330558,-0.59605002,3,0.68157202
1992,12,20,0.360762,-0.37599999,3,0.521083
1992,12,21,0.352137,-0.11082,4,0.36916301
1992,12,22,0.612957,0.29900101,5,0.68199497
1992,12,23,0.69780201,0.228531,5,0.73427099
1992,12,24,0.45977801,0.31677899,5,0.55834103
1992,12,25,0.0779011995,0.53577697,6,0.54141098
1992,12,26,-0.1691,0.53702599,7,0.56302202
1992,12,27,-0.33465999,0.75974703,7,0.83018702
1992,12,28,-0.38194999,0.92206401,7,0.99804199
1992,12,29,-0.33210999,1.0328,7,1.08489
1992,12,30,-0.48385999,1.40653,7,1.48743
1992,12,31,-0.82495999,1.92459,7,2.09394
1993,1,1,-1.18883,2.0403299,7,2.3614099
1993,1,2,-1.51617,1.92994,7,2.4542699
1993,1,3,-1.89814,1.74295,8,2.5769701
1993,1,4,-2.3576901,1.31604,8,2.70012
1993,1,5,-2.7885399,0.72427303,8,2.8810699
1993,1,6,-2.9607799,0.0194450002,8,2.96084
1993,1,7,-2.57812,-0.52428001,1,2.6308899
1993,1,8,-2.2498701,-0.91852999,1,2.43015
1993,1,9,-1.90276,-1.08599,1,2.19086
1993,1,10,-1.79661,-1.3178,1,2.22809
1993,1,11,-1.66082,-1.71778,2,2.38938
1993,1,12,-1.66206,-2.41097,2,2.92835
1993,1,13,-1.3141,-2.8984399,2,3.18242
1993,1,14,-0.75149,-3.1276801,2,3.2167001
1993,1,15,-0.26829001,-3.19419,2,3.20543
1993,1,16,0.153089,-2.9944999,3,2.99841
1993,1,17,0.329144,-2.93382,3,2.95222
1993,1,18,0.75871098,-2.8641801,3,2.96297
1993,1,19,1.3158,-2.61941,3,2.93132
1993,1,20,1.65952,-2.5019901,3,3.0023301
1993,1,21,1.89886,-2.07989,3,2.8163099
1993,1,22,2.1317699,-1.09842,4,2.3981099
1993,1,23,2.0619099,-0.50726998,4,2.12339
1993,1,24,1.84123,0.187929,5,1.8508
1993,1,25,1.42496,0.909751,5,1.6906101
1993,1,26,1.2578501,1.48988,6,1.94985
1993,1,27,0.94488698,1.91327,6,2.1338699
1993,1,28,0.65251303,2.0409701,6,2.14273
1993,1,29,0.36058599,2.1997099,6,2.2290699
1993,1,30,-0.0338978991,2.154,7,2.1542699
1993,1,31,-0.26082999,2.22454,7,2.2397799
1993,2,1,-0.54266,2.3013599,7,2.36447
1993,2,2,-0.66777998,2.1443901,7,2.24596
1993,2,3,-0.99952,1.96154,7,2.20152
1993,2,4,-1.19203,1.97796,7,2.3093801
1993,2,5,-1.1194,2.1318901,7,2.4079101
1993,2,6,-1.11484,2.17436,7,2.4435
1993,2,7,-1.12675,1.9811,7,2.27911
1993,2,8,-1.1704201,1.57136,7,1.95935
1993,2,9,-1.0595,1.32679,7,1.69791
1993,2,10,-0.99954998,1.01209,7,1.42247
1993,2,11,-0.83525997,0.611516,8,1.03519
1993,2,12,-0.59069002,0.333994,8,0.67857498
1993,2,13,-0.24492,0.51157701,7,0.56718302
1993,2,14,-0.14128999,0.65858299,7,0.67356902
1993,2,15,0.159344,0.39263999,6,0.42374101
1993,2,16,0.32493201,-0.0461688004,4,0.32819501
1993,2,17,0.0760584995,-0.11342,3,0.136563
1993,2,18,0.0913733989,0.0713071004,5,0.115904
1993,2,19,0.49810901,0.35040501,5,0.60901201
1993,2,20,0.97931999,0.268179,5,1.01538
1993,2,21,1.07796,0.13002799,5,1.08578
1993,2,22,1.13694,0.0926327035,5,1.14071
1993,2,23,1.01363,-0.14441,4,1.02386
1993,2,24,0.94364399,-0.30461001,4,0.99159098
1993,2,25,0.80374402,-0.27652001,4,0.84998
1993,2,26,0.827672,-0.28644001,4,0.87583601
1993,2,27,0.761765,-0.48300001,4,0.901981
1993,2,28,0.495289,-0.67129999,3,0.83424002
1993,3,1,0.37189201,-0.73515999,3,0.82387203
1993,3,2,0.34539101,-1.01113,3,1.0685
1993,3,3,0.172024,-0.91171002,3,0.92779499
1993,3,4,0.34368101,-1.03527,3,1.09082
1993,3,5,0.455358,-1.33777,3,1.41315
1993,3,6,0.44725201,-1.35004,3,1.4222
1993,3,7,0.62192798,-1.5368299,3,1.6579
1993,3,8,1.0107501,-1.75666,3,2.02669
1993,3,9,1.22321,-1.84311,3,2.21208
1993,3,10,1.26818,-1.6655101,3,2.09337
1993,3,11,1.53776,-1.24948,4,1.98139
1993,3,12,1.64641,-0.90851998,4,1.88044
1993,3,13,1.6234,-0.66535002,4,1.75446
1993,3,14,1.3384399,-0.28701001,4,1.36887
1993,3,15,1.00854,0.10713,5,1.01422
1993,3,16,1.05492,0.54378498,5,1.18683
1993,3,17,0.993595,0.78805703,5,1.26817
1993,3,18,0.56560999,0.79459101,6,0.97534001
1993,3,19,0.411883,0.69192302,6,0.80523598
1993,3,20,0.31845301,0.194352,5,0.37307501
1993,3,21,-0.00750464015,-0.11958,2,0.11982
1993,3,22,-0.29664001,-0.52191001,2,0.60031903
1993,3,23,-0.31248,-0.53015,2,0.61538899
1993,3,24,-0.35100001,-0.55195999,2,0.65411001
1993,3,25,-0.30195999,-0.72386003,2,0.784316
1993,3,26,0.200955,-0.57934999,3,0.613208
1993,3,27,0.70785302,-0.65763003,4,0.96619898
1993,3,28,0.93414199,-0.68697,4,1.15955
1993,3,29,1.04515,-0.50791001,4,1.16203
1993,3,30,0.88649797,-0.26778999,4,0.926063
1993,3,31,0.85508901,-0.1514,4,0.868388
1993,4,1,0.96765798,0.0670666993,5,0.96998
1993,4,2,1.12454,0.22915401,5,1.14765
1993,4,3,1.16118,0.17946,5,1.17497
1993,4,4,0.93075699,-0.0227343999,4,0.93103498
1993,4,5,0.86100602,-0.16824999,4,0.87729102
1993,4,6,0.90927702,-0.0951647982,4,0.914244
1993,4,7,1.0617599,-0.0954260975,4,1.06604
1993,4,8,0.82358301,0.0458515994,5,0.82485801
1993,4,9,0.50561398,0.213194,5,0.548724
1993,4,10,0.51103401,0.66917598,6,0.84199297
1993,4,11,0.54441899,0.72189802,6,0.90417302
1993,4,12,0.105314,0.811046,6,0.817855
1993,4,13,-0.25145,0.78737199,7,0.82654899
1993,4,14,-0.78100002,0.70899099,8,1.05481
1993,4,15,-0.79141998,0.87501502,7,1.17983
1993,4,16,-0.67701,0.88108802,7,1.11115
1993,4,17,-0.51025999,0.83192497,7,0.97594398
1993,4,18,-0.42386001,0.67554802,7,0.79751199
1993,4,19,-0.48927,0.383147,8,0.62143999
1993,4,20,-0.35973001,0.27750099,8,0.45432401
1993,4,21,-0.34367001,0.128575,8,0.366932
1993,4,22,-0.20784999,0.0125540001,8,0.208224
1993,4,23,-0.27230999,0.148755,8,0.310294
1993,4,24,-0.18506999,0.18070801,8,0.258665
1993,4,25,-0.41011,-0.13507,1,0.431777
1993,4,26,-0.38554001,-0.32563999,1,0.50466102
1993,4,27,-0.13784,-0.52328002,2,0.541125
1993,4,28,-0.00532311015,-0.62540001,2,0.62542301
1993,4,29,0.370249,-0.74716997,3,0.833875
1993,4,30,0.362243,-0.58064002,3,0.68437099
1993,5,1,0.118395,-0.58543003,3,0.59727901
1993,5,2,0.0198490992,-0.54680002,3,0.54715598
1993,5,3,0.091109097,-0.57681,3,0.583956
1993,5,4,0.212889,-0.57268,3,0.610973
1993,5,5,0.29392999,-0.35905001,3,0.464021
1993,5,6,0.50676697,-0.034823101,4,0.50796199
1993,5,7,0.65437198,0.130586,5,0.66727501
1993,5,8,0.51614898,0.229129,5,0.56472099
1993,5,9,0.103366,0.41748899,6,0.430094
1993,5,10,-0.14789,0.285501,7,0.32153001
1993,5,11,-0.21828,0.45602,7,0.50556701
1993,5,12,-0.28347999,0.51762098,7,0.59016502
1993,5,13,-0.69569999,0.465574,8,0.83710998
1993,5,14,-0.78961998,0.216859,8,0.81885999
1993,5,15,-0.89849001,0.113907,8,0.90568602
1993,5,16,-1.01487,-0.16877,1,1.0288
1993,5,17,-0.90403003,-0.32607999,1,0.96103698
1993,5,18,-0.68712002,-0.25301999,1,0.73222703
1993,5,19,-0.63735998,-0.37845999,1,0.74125499
1993,5,20,-0.45469001,-0.4016,1,0.60665101
1993,5,21,-0.78298002,-0.22563,1,0.81483603
1993,5,22,-0.71205002,-0.26458001,1,0.75962198
1993,5,23,-0.78845,-0.47843999,1,0.92225999
1993,5,24,-0.74124998,-0.86499,2,1.13916
1993,5,25,-0.54565001,-1.40859,2,1.5105799
1993,5,26,-0.68931001,-1.79424,2,1.9220901
1993,5,27,-0.80002999,-1.72805,2,1.90426
1993,5,28,-0.57868999,-1.7757601,2,1.86768
1993,5,29,-0.16256,-1.9381599,2,1.94496
1993,5,30,0.30173299,-2.05304,3,2.0750899
1993,5,31,0.395879,-2.0244999,3,2.06284
1993,6,1,0.66531497,-1.77517,3,1.8957601
1993,6,2,1.00396,-1.43805,3,1.75383
1993,6,3,1.06338,-1.23394,3,1.62892
1993,6,4,0.96031702,-0.87361997,4,1.2982399
1993,6,5,1.03021,-0.56274003,4,1.17388
1993,6,6,1.13396,-0.23117,4,1.15728
1993,6,7,0.960051,0.30101201,5,1.00613
1993,6,8,0.82466799,0.60353601,5,1.02193
1993,6,9,0.69070297,1.04697,6,1.25428
1993,6,10,0.49996501,1.40915,6,1.4952101
1993,6,11,0.39357001,1.58041,6,1.62868
1993,6,12,0.13303401,1.4326,6,1.43876
1993,6,13,-0.37807,1.33579,7,1.38826
1993,6,14,-0.79381001,1.09892,7,1.3556401
1993,6,15,-1.02745,0.87251699,8,1.34794
1993,6,16,-1.08543,0.71420002,8,1.29932
1993,6,17,-1.4165601,0.53934902,8,1.51577
1993,6,18,-1.5412,0.47087601,8,1.6115299
1993,6,19,-1.58026,0.520805,8,1.66386
1993,6,20,-1.58904,0.40904,8,1.6408401
1993,6,21,-1.8167599,0.23021001,8,1.83129
1993,6,22,-1.97298,0.0812423974,8,1.97465
1993,6,23,-1.85769,0.0277344994,8,1.8579
1993,6,24,-1.58641,-0.0691569,1,1.58792
1993,6,25,-1.2603,-0.30777001,1,1.29734
1993,6,26,-1.35256,-0.56971002,1,1.4676501
1993,6,27,-1.44682,-0.60944003,1,1.56994
1993,6,28,-1.63859,-0.79995,1,1.8234299
1993,6,29,-1.68074,-0.79759002,1,1.8603899
1993,6,30,-1.3416899,-0.75777,1,1.5409
1993,7,1,-1.23413,-0.94964999,1,1.55721
1993,7,2,-0.99120998,-0.93996,1,1.36602
1993,7,3,-0.65221,-0.82042003,2,1.04808
1993,7,4,-0.41822001,-0.55629998,2,0.69597
1993,7,5,-0.0219017994,-0.49491,2,0.495397
1993,7,6,0.17579199,-0.24108,3,0.29836699
1993,7,7,0.18884,-0.3197,3,0.37130499
1993,7,8,0.0538773984,-0.15921,3,0.168079
1993,7,9,-0.11867,0.187206,7,0.221651
1993,7,10,-0.0329402015,0.39246699,7,0.39384699
1993,7,11,-0.0938946977,0.43142301,7,0.441522
1993,7,12,-0.28444001,0.250278,8,0.378874
1993,7,13,-0.32883999,0.0480554998,8,0.33232999
1993,7,14,-0.26403001,-0.39897999,2,0.47842899
1993,7,15,-0.22908001,-0.81160003,2,0.84330702
1993,7,16,-0.25916001,-1.16712,2,1.19554
1993,7,17,-0.19716001,-0.88518,2,0.90686798
1993,7,18,0.172208,-0.60851997,3,0.63241702
1993,7,19,0.350968,-0.29870999,4,0.46087801
1993,7,20,0.732135,-0.0997567028,4,0.73890001
1993,7,21,0.80727899,0.0921846032,5,0.81252497
1993,7,22,0.82739502,0.0239418,5,0.82774198
1993,7,23,1.04392,-0.0596466996,4,1.04562
1993,7,24,1.18255,-0.20881,4,1.20085
1993,7,25,1.04255,0.0639116019,5,1.04451
1993,7,26,1.1177599,0.156991,5,1.1287301
1993,7,27,1.2742701,0.20846,5,1.2912101
1993,7,28,1.44412,0.282711,5,1.47154
1993,7,29,1.32046,0.584203,5,1.44392
1993,7,30,1.34068,0.85941601,5,1.59249
1993,7,31,1.15705,0.91952097,5,1.47794
1993,8,1,1.2076401,0.99863201,5,1.56705
1993,8,2,1.32461,0.99540001,5,1.65693
1993,8,3,1.28256,1.25623,5,1.79529
1993,8,4,1.2202899,1.3825099,6,1.84403
1993,8,5,1.01925,1.30604,6,1.65669
1993,8,6,0.68669301,1.4993,6,1.64908
1993,8,7,0.0483877994,1.419,6,1.41983
1993,8,8,-0.25874999,1.32195,7,1.3470401
1993,8,9,-0.42497,1.11984,7,1.19776
1993,8,10,-0.52297002,0.88744801,7,1.03008
1993,8,11,-0.63242,0.79793102,7,1.01816
1993,8,12,-0.65201998,0.769822,7,1.00884
1993,8,13,-0.69145,0.51642299,8,0.863015
1993,8,14,-0.62202001,0.261866,8,0.67489302
1993,8,15,-0.80739999,0.0608466007,8,0.80968499
1993,8,16,-0.89444,0.0198363997,8,0.89465702
1993,8,17,-0.92123997,-0.0285880994,1,0.92168099
1993,8,18,-0.83530998,-0.27976999,1,0.880916
1993,8,19,-0.88600999,-0.30967,1,0.93856698
1993,8,20,-0.98521,-0.28114,1,1.0245399
1993,8,21,-0.90048999,-0.26007,1,0.93729597
1993,8,22,-0.73789001,-0.26594999,1,0.784356
1993,8,23,-0.66649002,-0.21366,1,0.699898
1993,8,24,-0.56980002,-0.24442001,1,0.62001199
1993,8,25,-0.33866,-0.16998,1,0.378925
1993,8,26,-0.21206,-0.0638509989,1,0.22146399
1993,8,27,-0.11104,0.00456481986,8,0.111132
1993,8,28,0.0386876985,0.0228435993,5,0.0449284986
1993,8,29,-0.15789001,-0.11536,1,0.195539
1993,8,30,-0.16412,-0.33638999,2,0.37429199
1993,8,31,-0.10755,-0.36006001,2,0.37578401
1993,9,1,-0.11535,-0.43557,2,0.45058399
1993,9,2,-0.0815588012,-0.56838,2,0.574202
1993,9,3,-0.0657377988,-0.73345,2,0.736386
1993,9,4,0.174777,-0.74237001,3,0.762667
1993,9,5,0.0403283015,-0.65284997,3,0.65409601
1993,9,6,0.0377301015,-0.51683003,3,0.51820999
1993,9,7,-0.0340355001,-0.62423003,2,0.62515801
1993,9,8,0.104386,-0.67672002,3,0.68472701
1993,9,9,-0.000597644015,-0.71599001,2,0.71598601
1993,9,10,-0.10928,-0.85544002,2,0.862391
1993,9,11,-0.00860606972,-0.65781999,2,0.65787399
1993,9,12,0.113588,-0.61228001,3,0.62272602
1993,9,13,0.200899,-0.48084,3,0.52112001
1993,9,14,0.151971,-0.0453747995,4,0.158601
1993,9,15,0.0927743018,0.131668,6,0.16107
1993,9,16,0.059522599,0.22641701,6,0.23411
1993,9,17,0.14149299,0.0616695993,5,0.154348
1993,9,18,-0.0787848011,-0.16401,2,0.18194801
1993,9,19,-0.28485,-0.0123284999,1,0.28512099
1993,9,20,-0.40478,0.154107,8,0.43312401
1993,9,21,-0.34351999,0.14563499,8,0.373117
1993,9,22,-0.28259999,-0.1127,1,0.30424201
1993,9,23,-0.22701,-0.18054999,1,0.290059
1993,9,24,0.0257616993,-0.26535001,3,0.26659799
1993,9,25,0.140751,-0.38698,3,0.41178501
1993,9,26,0.24840701,-0.0415236987,4,0.251854
1993,9,27,0.368301,-0.18579,4,0.41251099
1993,9,28,0.48620501,-0.29247001,4,0.56739002
1993,9,29,0.417326,-0.24704,4,0.484965
1993,9,30,0.54618102,-0.20829,4,0.58454901
1993,10,1,0.68582499,-0.24683,4,0.72889
1993,10,2,0.77034903,-0.15243,4,0.785285
1993,10,3,0.68876499,-0.26660001,4,0.73856199
1993,10,4,0.827595,-0.35804,4,0.90172499
1993,10,5,0.75077301,-0.4048,4,0.85295099
1993,10,6,0.73345298,-0.23728,4,0.77087897
1993,10,7,0.73546201,-0.15798999,4,0.75224
1993,10,8,0.37054199,0.25569701,5,0.450203
1993,10,9,0.246773,0.64519,6,0.69077301
1993,10,10,0.24590001,0.64162999,6,0.68713599
1993,10,11,0.15877999,0.39911199,6,0.42953601
1993,10,12,-0.20133001,0.260497,7,0.32922801
1993,10,13,-0.21638,0.168181,8,0.274055
1993,10,14,-0.0795146003,-0.0635171011,1,0.101769
1993,10,15,-0.0960318968,-0.0326221995,1,0.101422
1993,10,16,-0.16446,-0.0228914004,1,0.166041
1993,10,17,-0.25997999,0.320535,7,0.41271299
1993,10,18,-0.17517,0.635203,7,0.65891498
1993,10,19,-0.12561999,0.774984,7,0.78509903
1993,10,20,0.0587209016,0.95033699,6,0.95214999
1993,10,21,0.13071699,1.13735,6,1.14483
1993,10,22,-0.0605549999,1.0700999,7,1.07181
1993,10,23,-0.27384001,1.10165,7,1.13518
1993,10,24,-0.84188002,1.30933,7,1.55664
1993,10,25,-1.4112099,1.22023,8,1.8656
1993,10,26,-1.9403,1.18398,8,2.27301
1993,10,27,-2.11359,0.90644902,8,2.2997601
1993,10,28,-2.1931801,0.54113102,8,2.25895
1993,10,29,-2.31657,0.21209399,8,2.3262501
1993,10,30,-2.36869,-0.20522,1,2.3775699
1993,10,31,-2.2405601,-0.65983999,1,2.3357
1993,11,1,-1.8915499,-1.09322,1,2.1847401
1993,11,2,-1.6938699,-1.57682,1,2.3142099
1993,11,3,-1.46253,-1.84392,2,2.3535099
1993,11,4,-1.00665,-1.95522,2,2.1991401
1993,11,5,-0.55877,-2.03935,2,2.1145101
1993,11,6,-0.25997001,-2.09253,2,2.1086199
1993,11,7,-0.10384,-2.0903499,2,2.0929301
1993,11,8,0.216364,-1.8435,3,1.85615
1993,11,9,0.618828,-1.39625,3,1.52724
1993,11,10,1.02872,-1.00729,4,1.43975
1993,11,11,1.49225,-0.58544999,4,1.60299
1993,11,12,1.40233,-0.15769,4,1.41117
1993,11,13,1.01149,0.19572601,5,1.03026
1993,11,14,0.488554,0.202832,5,0.52898598
1993,11,15,0.18564001,0.101142,5,0.21140499
1993,11,16,0.310619,0.0372591987,5,0.312846
1993,11,17,0.182356,-0.26829001,3,0.324397
1993,11,18,-0.18697999,-0.37691,2,0.420735
1993,11,19,-0.30306,-0.23807999,1,0.38539499
1993,11,20,-0.52454001,-0.24144,1,0.577438
1993,11,21,-0.64447999,-0.28264999,1,0.70373702
1993,11,22,-0.52043998,-0.68461001,2,0.85997099
1993,11,23,-0.25742999,-0.92263001,2,0.95786601
1993,11,24,-0.17007001,-0.98762,2,1.0021501
1993,11,25,-0.0316095985,-1.02874,2,1.02923
1993,11,26,0.0261282008,-1.15369,3,1.15398
1993,11,27,-0.14816999,-1.55594,2,1.5629801
1993,11,28,-0.18268999,-1.87659,2,1.88546
1993,11,29,0.265892,-2.0943401,3,2.11115
1993,11,30,0.49359101,-2.11814,3,2.17489
1993,12,1,0.79943103,-1.7496001,3,1.9235801
1993,12,2,0.91732502,-1.46781,3,1.73088
1993,12,3,1.29926,-1.41052,3,1.91772
1993,12,4,1.44049,-1.22119,4,1.8884701
1993,12,5,1.6491801,-0.76358998,4,1.81738
1993,12,6,1.7501,-0.89383,4,1.96514
1993,12,7,1.92838,-0.86277997,4,2.1125901
1993,12,8,1.79732,-0.71082997,4,1.93278
1993,12,9,1.64623,-0.60341001,4,1.75334
1993,12,10,1.22642,-0.31235999,4,1.2655801
1993,12,11,0.92304802,-0.43662,4,1.0211101
1993,12,12,0.89499003,-0.48051,4,1.01582
1993,12,13,0.557594,-0.28975999,4,0.62838697
1993,12,14,0.51638699,0.26755801,5,0.58158702
1993,12,15,0.54251099,0.48087099,5,0.72495198
1993,12,16,0.32523099,0.41083401,6,0.52398503
1993,12,17,0.33579201,0.399223,6,0.52166599
1993,12,18,0.55978101,0.57595402,6,0.80316699
1993,12,19,0.82884198,0.592767,5,1.0190001
1993,12,20,0.86338502,0.63705301,5,1.07297
1993,12,21,0.55735499,0.523242,5,0.76447803
1993,12,22,0.360993,0.448818,6,0.57598001
1993,12,23,0.31394601,0.55952501,6,0.64158398
1993,12,24,0.28775999,0.61640102,6,0.68026203
1993,12,25,0.110541,0.64488602,6,0.65429199
1993,12,26,0.448419,0.70323497,6,0.83403802
1993,12,27,0.80820698,0.64446402,5,1.0337
1993,12,28,0.85747701,0.72779298,5,1.1247
1993,12,29,0.93397599,0.852503,5,1.26454
1993,12,30,0.65728903,1.00025,6,1.19688
1993,12,31,0.56316203,0.76395798,6,0.94909602
1994,1,1,0.56131101,0.57573497,6,0.80407703
1994,1,2,0.52021497,0.0990007967,5,0.52955198
1994,1,3,0.291067,0.174518,5,0.33937699
1994,1,4,-0.0204792004,0.48516801,7,0.48559999
1994,1,5,-0.16648,0.51036698,7,0.53683299
1994,1,6,-0.39228001,0.280646,8,0.48233101
1994,1,7,-0.68651003,0.322386,8,0.75843501
1994,1,8,-0.59179997,0.280927,8,0.65509403
1994,1,9,-0.30892,0.164911,8,0.35018
1994,1,10,-0.32006001,0.16349301,8,0.359402
1994,1,11,-0.12246,-0.0524385013,1,0.13321701
1994,1,12,-0.17777,-0.0859308019,1,0.197446
1994,1,13,-0.40580001,-0.31751999,1,0.51525903
1994,1,14,-0.52811998,-0.5201,1,0.74123001
1994,1,15,-0.29587001,-0.42285001,2,0.516083
1994,1,16,0.0713692978,-0.69120997,3,0.69488299
1994,1,17,0.420735,-0.81510001,3,0.91728199
1994,1,18,0.564022,-0.59657001,3,0.82098699
1994,1,19,0.74016601,-0.52385002,4,0.90678501
1994,1,20,1.02918,-0.39491999,4,1.10234
1994,1,21,1.04153,-0.47999001,4,1.1468101
1994,1,22,0.96399802,-0.79465997,4,1.24931
1994,1,23,0.94830698,-1.0199701,3,1.3927
1994,1,24,0.990318,-0.84729999,4,1.3033201
1994,1,25,1.02619,-0.77363998,4,1.28514
1994,1,26,0.81929499,-0.74502999,4,1.10739
1994,1,27,0.35563999,-0.58679998,3,0.68615597
1994,1,28,0.0782904029,-0.43151999,3,0.438568
1994,1,29,-0.0498600006,-0.38486999,2,0.388082
1994,1,30,-0.2058,-0.64736003,2,0.67928398
1994,1,31,-0.47562,-0.79745001,2,0.92851597
1994,2,1,-0.59979999,-1.09486,2,1.2484
1994,2,2,-0.58042002,-1.34229,2,1.46241
1994,2,3,-0.43461001,-1.67115,2,1.72674
1994,2,4,-0.32185,-1.68454,2,1.71501
1994,2,5,-0.0910921022,-1.66768,2,1.6701699
1994,2,6,0.16043501,-1.65935,3,1.6670901
1994,2,7,0.526173,-1.62186,3,1.70507
1994,2,8,0.96889597,-1.5244,3,1.80626
1994,2,9,1.0032099,-1.63569,3,1.91883
1994,2,10,0.94652098,-1.78333,3,2.01895
1994,2,11,1.054,-1.72273,3,2.0195799
1994,2,12,1.51776,-1.66019,3,2.2493999
1994,2,13,1.87327,-1.50657,4,2.4039299
1994,2,14,2.1859601,-1.36111,4,2.5750799
1994,2,15,2.33529,-1.10904,4,2.5852499
1994,2,16,2.64674,-0.66196001,4,2.7282701
1994,2,17,2.8877599,-0.16912,4,2.89271
1994,2,18,2.87061,0.436611,5,2.90362
1994,2,19,2.4531,0.95183498,5,2.63129
1994,2,20,2.2494199,1.41945,5,2.6598401
1994,2,21,2.15453,1.9251601,5,2.8893399
1994,2,22,1.8268501,2.1454899,6,2.8178899
1994,2,23,1.09563,1.97035,6,2.2544799
1994,2,24,0.62024999,2.0273199,6,2.12008
1994,2,25,0.36201999,2.02302,6,2.05516
1994,2,26,0.20553499,1.9,6,1.91109
1994,2,27,-0.15325999,1.71903,7,1.72585
1994,2,28,-0.52424997,1.42391,7,1.51736
1994,3,1,-0.80062997,1.00049,7,1.28141
1994,3,2,-0.80273998,0.71145898,8,1.0726399
1994,3,3,-1.0589401,0.559053,8,1.1974601
1994,3,4,-1.03264,0.401959,8,1.10811
1994,3,5,-0.61159003,0.25883201,8,0.66410601
1994,3,6,-0.50694001,0.37736899,8,0.631975
1994,3,7,-0.44354999,0.34534499,8,0.562141
1994,3,8,-0.51089001,0.15106501,8,0.532754
1994,3,9,-0.54043001,-0.27697,1,0.60726702
1994,3,10,-0.84546,-0.72417998,1,1.11321
1994,3,11,-0.75026,-0.96266001,2,1.22049
1994,3,12,-0.36322999,-1.1235,2,1.18076
1994,3,13,0.0676070973,-1.34025,3,1.3419501
1994,3,14,0.432879,-1.50892,3,1.56978
1994,3,15,0.45254099,-1.1109,3,1.19954
1994,3,16,0.31901401,-0.73715001,3,0.803222
1994,3,17,0.27113599,-0.34398001,3,0.437996
1994,3,18,0.251894,-0.0698224977,4,0.261392
1994,3,19,0.0935007036,0.0515061989,5,0.106749
1994,3,20,0.213838,-0.18966,4,0.28582799
1994,3,21,0.20690601,-0.1683,4,0.266711
1994,3,22,0.30984199,-0.18489,4,0.36081499
1994,3,23,0.47282401,-0.19354001,4,0.510903
1994,3,24,0.468642,0.16067,5,0.495419
1994,3,25,0.38396201,0.178459,5,0.423408
1994,3,26,0.121952,0.27427399,6,0.30016401
1994,3,27,-0.24163,0.31329501,7,0.39564899
1994,3,28,-0.67229998,0.176368,8,0.69504702
1994,3,29,-0.84311998,0.0400882997,8,0.84407401
1994,3,30,-0.89482999,0.00118257001,8,0.894831
1994,3,31,-0.81805003,-0.0167983994,1,0.81822002
1994,4,1,-0.47691,-0.30008999,1,0.56347102
1994,4,2,-0.29225001,-0.29234999,2,0.41337201
1994,4,3,-0.0614845008,-0.38119,2,0.386112
1994,4,4,0.00969848968,-0.24880999,3,0.248996
1994,4,5,0.129164,0.0527356006,5,0.139514
1994,4,6,0.27658299,0.492636,6,0.56496799
1994,4,7,0.231004,0.67453599,6,0.71299398
1994,4,8,0.0183483008,0.68125302,6,0.68150002
1994,4,9,-0.13707,0.72587699,7,0.73870498
1994,4,10,-0.0175717995,0.59307599,7,0.59333599
1994,4,11,-0.0733150989,0.47558901,7,0.481206
1994,4,12,-0.57809001,0.39230001,8,0.69863099
1994,4,13,-0.86642998,0.43739,8,0.97057599
1994,4,14,-0.94248998,0.36528099,8,1.0108
1994,4,15,-0.74919999,0.38460401,8,0.84215599
1994,4,16,-0.60437,0.428303,8,0.74074697
1994,4,17,-0.24244,0.32348001,7,0.40424699
1994,4,18,0.0147644999,0.351392,6,0.351702
1994,4,19,0.0268449001,0.427728,6,0.42856899
1994,4,20,-0.0299121998,0.68473601,7,0.68538898
1994,4,21,0.109094,0.76914197,6,0.77684098
1994,4,22,-0.0272854008,0.71017498,7,0.71069902
1994,4,23,-0.40674999,0.74768502,7,0.85116303
1994,4,24,-0.97681999,0.631868,8,1.16337
1994,4,25,-1.25398,0.26602599,8,1.28189
1994,4,26,-1.06464,-0.0764082968,1,1.06738
1994,4,27,-0.99019998,-0.27906999,1,1.02877
1994,4,28,-0.78390002,-0.49965,1,0.92959601
1994,4,29,-0.21475001,-0.61025,2,0.64693803
1994,4,30,0.464926,-0.48385999,3,0.67102498
1994,5,1,0.71305197,-0.20994,4,0.74331701
1994,5,2,0.91953498,0.249575,5,0.952802
1994,5,3,0.77459902,0.62714601,5,0.99665201
1994,5,4,0.73656797,0.85145998,6,1.1258399
1994,5,5,0.76645601,0.94519299,6,1.2169
1994,5,6,0.74052697,1.26096,6,1.46233
1994,5,7,0.749152,1.1890301,6,1.40535
1994,5,8,0.48728499,1.53166,6,1.6073
1994,5,9,0.481498,1.86443,6,1.9256001
1994,5,10,0.52123803,2.10531,6,2.16888
1994,5,11,0.233354,2.2486401,6,2.26072
1994,5,12,-0.15386,2.3376,7,2.34266
1994,5,13,-0.62186998,2.3069799,7,2.3893199
1994,5,14,-1.02722,2.3589799,7,2.5729301
1994,5,15,-1.32832,2.0925701,7,2.47856
1994,5,16,-1.5390199,1.61646,7,2.23193
1994,5,17,-1.69809,1.3430901,8,2.16504
1994,5,18,-1.94108,0.91697901,8,2.14678
1994,5,19,-2.0118201,0.79158002,8,2.1619501
1994,5,20,-2.1652701,0.75055802,8,2.2916601
1994,5,21,-2.31584,0.64282203,8,2.4033999
1994,5,22,-2.14446,0.406627,8,2.1826799
1994,5,23,-1.86562,0.149076,8,1.87156
1994,5,24,-1.51054,-0.0614877008,1,1.51179
1994,5,25,-1.29286,-0.29719001,1,1.32657
1994,5,26,-0.99362999,-0.40878001,1,1.07443
1994,5,27,-0.83796,-0.40777001,1,0.93190497
1994,5,28,-0.90704,-0.28376001,1,0.95039099
1994,5,29,-1.1294399,-0.17803,1,1.1433901
1994,5,30,-1.11615,-0.0156931002,1,1.1162601
1994,5,31,-1.08789,0.110769,8,1.09352
1994,6,1,-0.94558001,-0.000498201989,1,0.94557601
1994,6,2,-0.79794002,-0.11652,1,0.80639797
1994,6,3,-0.55469,-0.56994998,2,0.79531401
1994,6,4,-0.39320999,-0.66482002,2,0.77239799
1994,6,5,-0.21638,-1.07637,2,1.0979
1994,6,6,0.0650585964,-1.33354,3,1.33512
1994,6,7,0.426294,-1.20242,3,1.27575
1994,6,8,0.82707202,-0.79174,4,1.14494
1994,6,9,1.14972,-0.64548999,4,1.3185199
1994,6,10,1.2852499,-0.53947997,4,1.39388
1994,6,11,1.02596,-0.30090001,4,1.06917
1994,6,12,0.73066401,0.0907073021,5,0.73627299
1994,6,13,0.571199,0.326224,5,0.65779299
1994,6,14,0.34319901,0.48896101,6,0.59738398
1994,6,15,0.29929501,0.690826,6,0.752873
1994,6,16,0.53772497,0.91824597,6,1.06411
1994,6,17,0.499908,1.14824,6,1.25234
1994,6,18,0.242805,1.2008899,6,1.22519
1994,6,19,-0.24101,1.1982501,7,1.22225
1994,6,20,-0.52411002,1.05207,7,1.17539
1994,6,21,-0.77630001,0.81822401,7,1.12789
1994,6,22,-0.80774999,0.703282,8,1.07101
1994,6,23,-0.70622998,0.61683601,8,0.93768102
1994,6,24,-0.48699,0.44030401,8,0.65652502
1994,6,25,-0.36943001,0.489622,7,0.613361
1994,6,26,-0.49606001,0.224942,8,0.54467899
1994,6,27,-0.66359001,0.0418551005,8,0.66490602
1994,6,28,-0.72757,-0.0107741999,1,0.72764599
1994,6,29,-0.68475997,-0.13839,1,0.69860703
1994,6,30,-0.62943,-0.0730732009,1,0.63365602
1994,7,1,-0.51495999,-0.0584671982,1,0.518273
1994,7,2,-0.53702998,-0.0159364007,1,0.53726602
1994,7,3,-0.18237001,0.0416147001,8,0.18706
1994,7,4,0.26222,-0.0425384007,4,0.26564801
1994,7,5,0.40997401,0.0233357009,5,0.410638
1994,7,6,0.720442,0.175209,5,0.74144101
1994,7,7,0.867127,0.474547,5,0.98848599
1994,7,8,0.92445302,0.71645802,5,1.16958
1994,7,9,0.80813098,0.88592702,6,1.19914
1994,7,10,0.61706501,0.982144,6,1.1599
1994,7,11,0.54859602,0.93533802,6,1.08435
1994,7,12,0.421727,0.941715,6,1.03183
1994,7,13,0.34641999,1.03664,6,1.09299
1994,7,14,0.123238,1.13867,6,1.1453201
1994,7,15,-0.097240001,1.0452501,7,1.04976
1994,7,16,-0.46796,0.995579,7,1.10008
1994,7,17,-0.72802001,0.93694299,7,1.18654
1994,7,18,-0.53627998,0.84029597,7,0.99684101
1994,7,19,-0.39583999,0.62551397,7,0.740242
1994,7,20,-0.48196,0.54030699,7,0.72402799
1994,7,21,-0.49445,0.717273,7,0.87118602
1994,7,22,-0.23632,1.0876499,7,1.11303
1994,7,23,-0.25492001,1.40013,7,1.4231499
1994,7,24,-0.18406001,1.4595,7,1.47106
1994,7,25,0.0125050005,1.37542,6,1.3754801
1994,7,26,0.28423899,1.3397599,6,1.36958
1994,7,27,0.44694,1.20388,6,1.28416
1994,7,28,0.80412102,1.00711,6,1.2887501
1994,7,29,0.77875501,0.80653298,6,1.12114
1994,7,30,0.59293801,0.65187401,6,0.88120103
1994,7,31,0.68185401,0.340013,5,0.76192701
1994,8,1,0.39510599,0.31607601,5,0.50597799
1994,8,2,0.169677,0.172337,6,0.24184699
1994,8,3,-0.13592,-0.0243673008,1,0.138091
1994,8,4,-0.37818,-0.0607950017,1,0.38303399
1994,8,5,-0.64036,-0.0705050007,1,0.64422798
1994,8,6,-0.90586001,-0.14140999,1,0.91683501
1994,8,7,-1.13047,-0.23627999,1,1.1549
1994,8,8,-1.4913599,-0.39076999,1,1.54171
1994,8,9,-1.45705,-0.56164002,1,1.56155
1994,8,10,-1.25666,-0.50942999,1,1.3559901
1994,8,11,-1.3353,-0.47951001,1,1.41879
1994,8,12,-1.37383,-0.47372001,1,1.45321
1994,8,13,-1.05476,-0.0873223022,1,1.05837
1994,8,14,-0.73869002,0.185967,8,0.761738
1994,8,15,-0.64055997,0.102901,8,0.64877301
1994,8,16,-0.55917001,-0.0331134982,1,0.56015301
1994,8,17,-0.59397,0.131988,8,0.608459
1994,8,18,-0.41262999,0.224571,8,0.469785
1994,8,19,-0.17979001,0.34585401,7,0.38979399
1994,8,20,-0.0619499981,-0.0175273996,1,0.0643818006
1994,8,21,-0.00205909996,-0.15103,2,0.15104701
1994,8,22,0.0821444988,-0.14884,3,0.169999
1994,8,23,0.18971699,0.10369,5,0.216204
1994,8,24,0.25229499,-0.0219794996,4,0.25325099
1994,8,25,0.306036,-0.24541,4,0.39228201
1994,8,26,0.176356,-0.0820458978,4,0.194507
1994,8,27,0.00436122017,-0.0351333991,3,0.0354030989
1994,8,28,0.0206064004,0.0543541983,6,0.0581291988
1994,8,29,0.20744599,0.0625889003,5,0.216682
1994,8,30,0.351625,-0.17048,4,0.390773
1994,8,31,0.522829,-0.42456001,4,0.67349797
1994,9,1,0.74733001,-0.29791,4,0.80451798
1994,9,2,0.87805998,-0.22265001,4,0.90584803
1994,9,3,0.83877403,-0.1067,4,0.84553301
1994,9,4,0.81255901,0.124497,5,0.82204098
1994,9,5,0.921435,0.35842201,5,0.98869097
1994,9,6,0.76833397,0.46050599,5,0.89577001
1994,9,7,0.60652798,0.52460802,5,0.801929
1994,9,8,0.66814101,0.91327202,6,1.13158
1994,9,9,0.81723201,1.03541,6,1.31907
1994,9,10,0.638699,1.08652,6,1.26034
1994,9,11,0.22992399,1.0247101,6,1.05019
1994,9,12,-0.0169035997,1.1491801,7,1.1493
1994,9,13,-0.1042,0.876149,7,0.88232398
1994,9,14,0.0995125026,0.97190398,6,0.97698498
1994,9,15,0.23104,1.27871,6,1.29941
1994,9,16,0.23550799,1.5977,6,1.61496
1994,9,17,0.0445621014,1.73123,6,1.7318
1994,9,18,-0.23311,1.94655,7,1.9604599
1994,9,19,-0.75810999,2.0374501,7,2.1739299
1994,9,20,-1.49633,2.0624299,7,2.5480599
1994,9,21,-1.68599,2.24529,7,2.8078301
1994,9,22,-1.85165,2.0715599,7,2.7784801
1994,9,23,-2.1580801,2.05474,8,2.97981
1994,9,24,-2.14347,1.6453201,8,2.7021301
1994,9,25,-1.77212,1.56944,8,2.3671801
1994,9,26,-1.6055599,1.49025,8,2.1905899
1994,9,27,-1.58369,1.24991,8,2.0175099
1994,9,28,-1.68845,1.0060101,8,1.96544
1994,9,29,-2.0090799,0.761639,8,2.1486001
1994,9,30,-1.96119,0.476316,8,2.0181999
1994,10,1,-1.90374,0.22683799,8,1.91721
1994,10,2,-1.98382,0.0558804013,8,1.98461
1994,10,3,-1.85086,-0.16565,1,1.85826
1994,10,4,-1.84166,-0.49388999,1,1.90674
1994,10,5,-1.60331,-0.67754,1,1.74059
1994,10,6,-1.4232,-0.76646,1,1.61647
1994,10,7,-1.14747,-0.70563,1,1.34707
1994,10,8,-1.00453,-0.65515,1,1.19929
1994,10,9,-1.01537,-0.73298001,1,1.2523
1994,10,10,-1.03616,-0.75621998,1,1.28277
1994,10,11,-1.03615,-0.71486998,1,1.25883
1994,10,12,-1.22408,-0.50014001,1,1.32231
1994,10,13,-1.43973,-0.26583001,1,1.46407
1994,10,14,-1.5197001,-0.31525999,1,1.55206
1994,10,15,-1.56117,-0.51602,1,1.64424
1994,10,16,-1.48631,-0.55487001,1,1.5865
1994,10,17,-1.46798,-0.64681,1,1.60416
1994,10,18,-1.42554,-0.59706002,1,1.54553
1994,10,19,-1.22022,-0.63068002,1,1.37357
1994,10,20,-0.95747,-0.87169999,1,1.29484
1994,10,21,-0.82235003,-1.1011,2,1.37429
1994,10,22,-0.44431999,-1.13063,2,1.2148
1994,10,23,-0.1666,-1.07287,2,1.08573
1994,10,24,0.33886901,-1.02712,3,1.08157
1994,10,25,0.82759398,-1.14114,3,1.40965
1994,10,26,1.02758,-1.09706,3,1.50316
1994,10,27,0.71423203,-0.76054001,3,1.04334
1994,10,28,0.236582,-0.54209,3,0.59147
1994,10,29,0.0795911029,-0.54692,3,0.55267799
1994,10,30,-0.29444,-0.31837001,2,0.43364799
1994,10,31,-0.89732999,-0.33774,1,0.95878702
1994,11,1,-1.2603,-0.44707,1,1.33725
1994,11,2,-1.3487999,-0.59407002,1,1.47383
1994,11,3,-1.54984,-0.71333998,1,1.70612
1994,11,4,-1.5462199,-0.76525998,1,1.72523
1994,11,5,-1.46398,-0.76397997,1,1.65134
1994,11,6,-1.3716,-0.84167999,1,1.6092499
1994,11,7,-1.18457,-1.08218,1,1.60447
1994,11,8,-1.13204,-1.23762,2,1.6772701
1994,11,9,-0.98509002,-1.24133,2,1.58471
1994,11,10,-0.82169002,-1.36721,2,1.59513
1994,11,11,-0.46928999,-1.67856,2,1.74292
1994,11,12,-0.16175,-1.57155,2,1.57985
1994,11,13,-0.0364501998,-1.1751601,2,1.17572
1994,11,14,-0.0798380971,-0.99791002,2,1.0010999
1994,11,15,-0.0729082972,-0.88967001,2,0.89265198
1994,11,16,0.0140028,-0.82659,3,0.826711
1994,11,17,0.0214873999,-0.53118002,3,0.53161103
1994,11,18,-0.11068,-0.42739999,2,0.44150299
1994,11,19,-0.0843383968,-0.43314001,2,0.44127199
1994,11,20,-0.16154,-0.84425002,2,0.85956401
1994,11,21,-0.12829,-1.2491,2,1.25567
1994,11,22,-0.14053001,-1.26,2,1.26781
1994,11,23,-0.0710702017,-1.04522,2,1.04764
1994,11,24,0.32093501,-0.94514,3,0.99814498
1994,11,25,0.796121,-1.06653,3,1.3309
1994,11,26,1.14182,-1.2547801,3,1.69653
1994,11,27,1.20556,-1.22744,3,1.7204601
1994,11,28,1.21723,-1.29958,3,1.78061
1994,11,29,1.25254,-1.2577699,3,1.7750601
1994,11,30,1.58413,-1.0944999,4,1.92546
1994,12,1,1.70302,-0.78433001,4,1.8749501
1994,12,2,1.87616,-0.55386001,4,1.9562
1994,12,3,1.7796,-0.50959003,4,1.85112
1994,12,4,1.60208,-0.29978999,4,1.62988
1994,12,5,1.7475899,-0.22392,4,1.76187
1994,12,6,1.6355799,-0.18572,4,1.64609
1994,12,7,1.84776,0.0628679991,5,1.84883
1994,12,8,1.89121,0.202502,5,1.90202
1994,12,9,2.0660801,0.340857,5,2.0940101
1994,12,10,1.96501,0.55661702,5,2.04232
1994,12,11,1.8021801,0.34529099,5,1.83496
1994,12,12,1.7081701,0.55909997,5,1.79734
1994,12,13,1.48536,0.410997,5,1.54117
1994,12,14,1.43152,0.34365901,5,1.47219
1994,12,15,1.64887,0.60480398,5,1.75629
1994,12,16,1.72651,0.70968699,5,1.86668
1994,12,17,1.7035,0.78361797,5,1.8751
1994,12,18,1.43363,1.14809,5,1.8366801
1994,12,19,0.929286,1.26913,6,1.57298
1994,12,20,0.385387,1.44179,6,1.4924001
1994,12,21,-0.0498915017,1.50002,7,1.50085
1994,12,22,-0.37040001,1.5383,7,1.58227
1994,12,23,-0.90464002,1.48429,7,1.73825
1994,12,24,-1.07967,1.10074,7,1.54185
1994,12,25,-0.88874,0.73683101,8,1.15446
1994,12,26,-0.60150999,0.372673,8,0.70760298
1994,12,27,-0.45243999,-0.00787782017,1,0.45250601
1994,12,28,-0.4797,-0.32157001,1,0.57751101
1994,12,29,-0.31255001,-0.68506998,2,0.75299501
1994,12,30,0.0984231979,-0.92707998,3,0.932289
1994,12,31,0.28247499,-1.16246,3,1.19629
1995,1,1,0.384635,-1.35906,3,1.4124399
1995,1,2,0.25528401,-1.29168,3,1.31666
1995,1,3,0.30982399,-0.98063999,3,1.02842
1995,1,4,0.0446966998,-0.88958001,3,0.89070302
1995,1,5,-0.0111872004,-0.75224,2,0.75232202
1995,1,6,-0.035035599,-1.12301,2,1.12356
1995,1,7,0.0359909013,-1.16336,3,1.16392
1995,1,8,0.33727801,-0.98698997,3,1.04302
1995,1,9,0.50454998,-0.97224998,3,1.0953799
1995,1,10,0.70869797,-1.0533201,3,1.26954
1995,1,11,0.93699199,-0.97425002,3,1.35171
1995,1,12,1.1776201,-0.83254999,4,1.4421999
1995,1,13,1.3032,-0.87611002,4,1.57032
1995,1,14,1.33685,-0.73969001,4,1.52784
1995,1,15,1.39785,-0.69918001,4,1.56296
1995,1,16,1.62342,-0.43081999,4,1.67961
1995,1,17,1.56493,-0.44451001,4,1.62683
1995,1,18,1.42714,-0.60117,4,1.5485899
1995,1,19,1.46368,-0.55607998,4,1.56575
1995,1,20,1.6664,-0.39746001,4,1.71315
1995,1,21,1.84638,-0.28152001,4,1.86772
1995,1,22,2.07828,-0.078041099,4,2.0797501
1995,1,23,2.07147,0.291877,5,2.0919299
1995,1,24,1.85578,0.44810301,5,1.90911
1995,1,25,1.93576,0.78714699,5,2.08968
1995,1,26,1.5793101,1.00604,5,1.87252
1995,1,27,1.50498,0.97315598,5,1.79221
1995,1,28,0.78968799,0.90010101,6,1.19741
1995,1,29,0.25286999,0.79277402,6,0.83212602
1995,1,30,0.110427,0.69119298,6,0.69995803
1995,1,31,-0.34762001,0.32243699,8,0.47413701
1995,2,1,-0.42054999,-0.0223820992,1,0.42114401
1995,2,2,-0.48919001,-0.31205001,1,0.58024698
1995,2,3,-0.3355,-0.2676,1,0.429149
1995,2,4,-0.36171001,-0.34772,1,0.50174099
1995,2,5,-0.1534,-0.30614001,2,0.342428
1995,2,6,-0.14632,-0.40957999,2,0.43493199
1995,2,7,0.0654748976,-0.47962999,3,0.48407999
1995,2,8,0.122052,-0.68844998,3,0.699184
1995,2,9,0.50627702,-0.80656999,3,0.95230103
1995,2,10,0.84768099,-1.1153899,3,1.40095
1995,2,11,0.907848,-1.15492,3,1.46902
1995,2,12,1.05312,-0.85000998,4,1.3533601
1995,2,13,1.3235101,-0.53222001,4,1.42651
1995,2,14,1.59764,-0.17127,4,1.6068
1995,2,15,1.4976,-0.0880360976,4,1.50019
1995,2,16,1.3030699,0.0266102999,5,1.30334
1995,2,17,1.12149,0.24158201,5,1.14721
1995,2,18,1.13061,0.17806301,5,1.14454
1995,2,19,0.89734399,-0.0491220988,4,0.89868701
1995,2,20,0.53043598,-0.43347999,4,0.685031
1995,2,21,0.320016,-0.54785001,3,0.63446802
1995,2,22,0.191241,-0.67028999,3,0.697034
1995,2,23,0.34762299,-0.65337002,3,0.74009001
1995,2,24,0.73181498,-0.89320999,3,1.1547199
1995,2,25,0.92689902,-1.21301,3,1.52661
1995,2,26,1.27256,-1.01624,4,1.62854
1995,2,27,1.65924,-1.0683399,4,1.97343
1995,2,28,1.98251,-1.1509399,4,2.2923801
1995,3,1,2.29017,-0.92593998,4,2.4702699
1995,3,2,2.2535801,-0.19966,4,2.2623999
1995,3,3,2.4539499,0.55697501,5,2.5163701
1995,3,4,2.4726501,0.95777899,5,2.65167
1995,3,5,2.07464,1.23466,5,2.4142301
1995,3,6,1.6081001,1.65183,6,2.30532
1995,3,7,1.32806,2.0808001,6,2.4684899
1995,3,8,0.96929699,1.96334,6,2.18958
1995,3,9,0.72119403,1.72302,6,1.86786
1995,3,10,0.28426501,1.37786,6,1.40688
1995,3,11,-0.15436999,1.23774,7,1.24733
1995,3,12,-0.43261999,0.88284498,7,0.98314601
1995,3,13,-0.72995001,0.32336399,8,0.79836601
1995,3,14,-0.80808997,0.244027,8,0.84412903
1995,3,15,-0.74747998,0.0357216001,8,0.74833101
1995,3,16,-0.56024998,-0.0267235003,1,0.560884
1995,3,17,-0.53912002,-0.13264,1,0.55519801
1995,3,18,-0.95117003,-0.33311999,1,1.00781
1995,3,19,-0.94796002,-0.21870001,1,0.97285497
1995,3,20,-1.03238,-0.37018001,1,1.09674
1995,3,21,-1.03587,-0.79816002,1,1.3077
1995,3,22,-0.54816997,-0.92297,2,1.07348
1995,3,23,-0.37566,-1.31124,2,1.3639899
1995,3,24,-0.19606,-1.21587,2,1.23158
1995,3,25,0.117776,-1.09478,3,1.1011
1995,3,26,0.60179198,-1.22844,3,1.3679301
1995,3,27,0.60826498,-1.12098,3,1.27537
1995,3,28,0.75274497,-0.95837998,3,1.21865
1995,3,29,1.0687,-0.89323997,4,1.39284
1995,3,30,1.33395,-0.86009002,4,1.5872
1995,3,31,1.1641901,-0.91205001,4,1.47891
1995,4,1,1.00068,-0.83825999,4,1.30539
1995,4,2,0.731076,-0.70038003,4,1.01243
1995,4,3,0.52747899,-0.41694999,4,0.67237002
1995,4,4,0.621898,-0.0478059985,4,0.62373298
1995,4,5,0.51860702,0.171404,5,0.54619902
1995,4,6,0.49116701,0.42107201,5,0.64695197
1995,4,7,0.52225202,0.61578602,6,0.807428
1995,4,8,0.495125,1.0077,6,1.1227601
1995,4,9,0.223942,1.17115,6,1.1923701
1995,4,10,-0.0645062029,1.23966,7,1.24134
1995,4,11,-0.49750999,1.36034,7,1.44847
1995,4,12,-0.70797998,1.50752,7,1.66549
1995,4,13,-0.64248002,1.5147099,7,1.64533
1995,4,14,-0.98553997,1.3786401,7,1.69468
1995,4,15,-1.31249,1.1383801,8,1.73739
1995,4,16,-1.4204,0.97700202,8,1.7239701
1995,4,17,-1.3663,0.64205003,8,1.50963
1995,4,18,-1.28353,0.378115,8,1.33807
1995,4,19,-1.3264199,0.148434,8,1.3347
1995,4,20,-1.20661,-0.23082,1,1.22849
1995,4,21,-1.1680599,-0.34512001,1,1.21797
1995,4,22,-1.05644,-0.21201,1,1.0775
1995,4,23,-0.97873998,0.00374836009,8,0.97874898
1995,4,24,-1.08678,0.0303518996,8,1.0872101
1995,4,25,-1.46058,-0.11961,1,1.46547
1995,4,26,-1.64236,-0.36087,1,1.68154
1995,4,27,-1.77248,-0.41479,1,1.82037
1995,4,28,-1.84322,-0.44064,1,1.89516
1995,4,29,-1.8208899,-0.41209999,1,1.86694
1995,4,30,-1.49953,-0.62967002,1,1.62637
1995,5,1,-1.34244,-0.76498002,1,1.5451
1995,5,2,-1.23613,-0.95538998,1,1.5623
1995,5,3,-1.16901,-1.0553,1,1.57488
1995,5,4,-0.88202,-1.12196,2,1.42715
1995,5,5,-0.55593002,-1.41819,2,1.52326
1995,5,6,-0.36057001,-1.70842,2,1.74605
1995,5,7,-0.28082001,-1.9447401,2,1.96492
1995,5,8,0.14664499,-1.90639,3,1.91202
1995,5,9,0.75486898,-1.5923001,3,1.76217
1995,5,10,1.4481699,-1.22244,4,1.8951401
1995,5,11,1.50378,-0.67668003,4,1.64902
1995,5,12,1.34811,-0.20107,4,1.3630199
1995,5,13,1.2021101,0.27956501,5,1.23419
1995,5,14,0.95727903,0.69567198,5,1.18336
1995,5,15,0.71285701,0.88157898,6,1.1337301
1995,5,16,0.423702,1.03106,6,1.11472
1995,5,17,-0.0356805995,1.23517,7,1.23569
1995,5,18,-0.53558999,1.21188,7,1.32495
1995,5,19,-0.80291998,1.2229199,7,1.46295
1995,5,20,-0.86246002,1.60184,7,1.81927
1995,5,21,-1.1103899,1.56238,7,1.91677
1995,5,22,-1.5762399,1.2860301,8,2.0343101
1995,5,23,-1.66948,1.20511,8,2.059
1995,5,24,-1.72552,1.14805,8,2.07254
1995,5,25,-1.7797101,1.12166,8,2.1036899
1995,5,26,-1.79735,0.97799301,8,2.0462
1995,5,27,-1.63507,0.50792497,8,1.71215
1995,5,28,-1.37053,0.20732801,8,1.38613
1995,5,29,-0.87342,-0.0757846981,1,0.87670201
1995,5,30,-0.72259003,-0.42375001,1,0.83767301
1995,5,31,-0.42041001,-0.52811998,2,0.67502499
1995,6,1,-0.27430999,-0.42458001,2,0.50548398
1995,6,2,-0.24372999,-0.42488,2,0.48981899
1995,6,3,-0.36649001,-0.52373999,2,0.63922799
1995,6,4,-0.49099001,-0.49393001,2,0.69644099
1995,6,5,-0.52542001,-0.5869,2,0.78772902
1995,6,6,-0.50068003,-0.71174997,2,0.87020701
1995,6,7,-0.27913001,-0.73526001,2,0.78645802
1995,6,8,-0.22816999,-0.76565999,2,0.79893702
1995,6,9,-0.14929,-0.63090998,2,0.64833403
1995,6,10,-0.20487,-0.75108999,2,0.77852601
1995,6,11,-0.35855001,-0.93036997,2,0.99707103
1995,6,12,-0.32749999,-0.92395002,2,0.98027599
1995,6,13,-0.25275999,-1.10579,2,1.1343
1995,6,14,-0.0928203985,-1.0410399,2,1.0451699
1995,6,15,0.255775,-0.88265002,3,0.91896302
1995,6,16,0.41503799,-0.85940999,3,0.954382
1995,6,17,0.64322299,-0.75173002,3,0.98936099
1995,6,18,0.37140399,-0.52048999,3,0.63941097
1995,6,19,-0.0176161006,-0.37031001,2,0.37072799
1995,6,20,-0.25727999,-0.41051999,2,0.48447901
1995,6,21,-0.45164001,-0.15301999,1,0.47685701
1995,6,22,-0.88259,-0.0739806965,1,0.88568097
1995,6,23,-0.98229003,-0.16557001,1,0.996149
1995,6,24,-1.11611,-0.41848999,1,1.19199
1995,6,25,-1.12678,-0.36153001,1,1.18336
1995,6,26,-0.84096998,-0.40913999,1,0.93521202
1995,6,27,-0.60859001,-0.37309,1,0.71384698
1995,6,28,-0.46055001,-0.78294998,2,0.90835702
1995,6,29,-0.51773,-0.96095997,2,1.09155
1995,6,30,-0.63014001,-1.09278,2,1.2614501
1995,7,1,-0.61219001,-1.2321,2,1.37581
1995,7,2,-0.44788,-1.57377,2,1.63626
1995,7,3,-0.33949,-1.90052,2,1.9306
1995,7,4,-0.12154,-2.1284201,2,2.1318901
1995,7,5,0.21585301,-2.2701099,3,2.28035
1995,7,6,0.48321199,-1.92899,3,1.98859
1995,7,7,0.780931,-1.42215,3,1.62245
1995,7,8,0.86329198,-0.80988997,4,1.18372
1995,7,9,1.09489,-0.55408001,4,1.2271
1995,7,10,0.98184401,-0.13444,4,0.99100602
1995,7,11,0.73460799,0.0753778964,5,0.73846501
1995,7,12,0.401357,0.47229701,6,0.61979997
1995,7,13,0.0487201996,0.63300902,6,0.63488102
1995,7,14,-0.11599,0.54884303,7,0.560965
1995,7,15,-0.19541,0.37427899,7,0.42221799
1995,7,16,-0.42899001,-0.0237786006,1,0.429647
1995,7,17,-0.96811002,-0.42427999,1,1.057
1995,7,18,-1.16854,-0.46744999,1,1.25857
1995,7,19,-1.42088,-0.47494,1,1.49816
1995,7,20,-1.67618,-0.38982999,1,1.72092
1995,7,21,-1.67836,-0.32321,1,1.7092
1995,7,22,-1.7046,-0.75531,1,1.86444
1995,7,23,-1.55537,-1.00258,1,1.8505
1995,7,24,-1.1779,-1.0260201,1,1.5621001
1995,7,25,-0.99801999,-1.21118,2,1.5693901
1995,7,26,-0.82814002,-1.38141,2,1.61063
1995,7,27,-0.74133003,-1.1647201,2,1.38063
1995,7,28,-0.71403003,-0.97790003,2,1.21084
1995,7,29,-0.77033001,-1.04263,2,1.29633
1995,7,30,-1.08128,-1.42405,2,1.78804
1995,7,31,-1.18098,-1.80013,2,2.15295
1995,8,1,-0.88615,-1.7873501,2,1.99496
1995,8,2,-0.57883,-2.0297501,2,2.1106701
1995,8,3,-0.28062001,-2.1258199,2,2.1442699
1995,8,4,-0.19332001,-1.87133,2,1.88129
1995,8,5,-0.34417999,-1.56537,2,1.60276
1995,8,6,-0.34498999,-1.25297,2,1.2996
1995,8,7,-0.34180999,-0.63151002,2,0.71807998
1995,8,8,-0.62778997,-0.71483999,2,0.95137399
1995,8,9,-1.1787601,-0.98505002,1,1.53617
1995,8,10,-1.44084,-0.97351003,1,1.7388901
1995,8,11,-1.4656301,-1.0089,1,1.77932
1995,8,12,-1.4655,-1.02553,1,1.78869
1995,8,13,-1.3279901,-0.93774003,1,1.6257
1995,8,14,-1.08979,-1.11462,2,1.55885
1995,8,15,-1.0485801,-1.14338,2,1.5513999
1995,8,16,-1.05581,-0.90652001,1,1.39159
1995,8,17,-0.95835,-0.75867999,1,1.2223001
1995,8,18,-0.75354999,-0.76741999,2,1.0755301
1995,8,19,-0.77285999,-0.68462998,1,1.03249
1995,8,20,-0.63913,-0.67013001,2,0.92605102
1995,8,21,-0.20423999,-0.46303999,2,0.506078
1995,8,22,0.0491931997,-0.42324001,3,0.426085
1995,8,23,0.203034,-0.38756999,3,0.43753001
1995,8,24,0.371079,-0.26508999,4,0.45604199
1995,8,25,0.510005,-0.41962999,4,0.66044801
1995,8,26,0.72593498,-0.75520003,3,1.0475301
1995,8,27,0.74352503,-1.25913,3,1.46227
1995,8,28,1.02765,-1.21066,3,1.5880001
1995,8,29,1.19757,-1.07547,4,1.6095999
1995,8,30,1.42785,-0.64798999,4,1.568
1995,8,31,1.5926501,-0.16407,4,1.6010799
1995,9,1,1.68863,-0.0474647991,4,1.6892999
1995,9,2,1.61288,0.20076799,5,1.62533
1995,9,3,1.69853,0.45825201,5,1.7592601
1995,9,4,1.76397,0.69922298,5,1.8975
1995,9,5,1.55505,0.953233,5,1.8239599
1995,9,6,1.25475,1.17,5,1.71561
1995,9,7,0.77400899,1.36095,6,1.56566
1995,9,8,0.39873099,1.49964,6,1.5517499
1995,9,9,0.166049,1.25744,6,1.26836
1995,9,10,0.209194,0.91402602,6,0.93765998
1995,9,11,-0.10907,0.53704602,7,0.54800898
1995,9,12,-0.48365,0.535083,7,0.72127301
1995,9,13,-0.42932999,0.37395599,8,0.56935298
1995,9,14,-0.22075,0.23055699,7,0.319197
1995,9,15,0.26188201,0.165905,5,0.31000999
1995,9,16,0.53710401,-0.10598,4,0.54746002
1995,9,17,0.57332098,-0.0115507999,4,0.57343698
1995,9,18,0.89470601,0.42356601,5,0.98990202
1995,9,19,0.93476999,0.61754,5,1.12034
1995,9,20,0.87806797,0.83644599,5,1.2127
1995,9,21,0.84922701,1.06358,6,1.36103
1995,9,22,0.719419,1.19876,6,1.39807
1995,9,23,0.83746201,1.19631,6,1.46031
1995,9,24,0.74592203,0.80956602,6,1.1008199
1995,9,25,0.45021999,0.61047697,6,0.75853801
1995,9,26,0.361552,0.37590301,6,0.52155799
1995,9,27,0.117075,0.083756797,5,0.143951
1995,9,28,0.0899986997,0.0583774,5,0.107274
1995,9,29,0.28679401,-0.0189846009,4,0.287422
1995,9,30,0.361276,-0.37276,3,0.51910901
1995,10,1,0.25828299,-0.33239001,3,0.420946
1995,10,2,0.35447401,0.0964668989,5,0.36736599
1995,10,3,0.60553902,0.40953499,5,0.73102403
1995,10,4,0.376901,0.553927,6,0.66999298
1995,10,5,0.113,0.82198,6,0.82971102
1995,10,6,-0.17984,1.01239,7,1.02824
1995,10,7,-0.39050999,1.13377,7,1.19914
1995,10,8,-0.28277999,1.39995,7,1.42822
1995,10,9,-0.24212,1.45657,7,1.47656
1995,10,10,-0.23857,1.30954,7,1.33109
1995,10,11,-0.48649001,1.04908,7,1.15639
1995,10,12,-0.59859997,0.99242598,7,1.15898
1995,10,13,-0.49197,0.81876099,7,0.95519602
1995,10,14,-0.20401999,0.72482198,7,0.75298703
1995,10,15,0.0708658025,0.702384,6,0.70595002
1995,10,16,-0.0143889003,0.39523101,7,0.395493
1995,10,17,-0.32100999,0.0410759002,8,0.323627
1995,10,18,-0.21611001,-0.0233364999,1,0.217371
1995,10,19,-0.0414799005,0.0739260018,7,0.0847681016
1995,10,20,0.35787499,0.0278092995,5,0.358953
1995,10,21,0.483897,0.16474099,5,0.51117098
1995,10,22,0.194557,0.17968901,5,0.26484001
1995,10,23,-0.0569906011,0.562756,7,0.56563401
1995,10,24,-0.0262244996,0.423406,7,0.42421699
1995,10,25,0.0324853994,0.265457,6,0.26743701
1995,10,26,0.100023,0.0580932014,5,0.115669
1995,10,27,0.175644,-0.33789,3,0.38081899
1995,10,28,0.31679401,-0.36377999,3,0.48238099
1995,10,29,0.28566799,-0.51923001,3,0.59262902
1995,10,30,0.81280202,-0.68515998,4,1.06306
1995,10,31,1.13763,-0.63088,4,1.30085
1995,11,1,1.40446,-0.4287,4,1.46843
1995,11,2,1.5114501,-0.32488999,4,1.54597
1995,11,3,1.39666,-0.15982001,4,1.4057699
1995,11,4,1.27422,-0.0693615973,4,1.2761
1995,11,5,1.28353,-0.098368898,4,1.28729
1995,11,6,1.22667,-0.2269,4,1.24748
1995,11,7,1.18955,-0.35960001,4,1.24272
1995,11,8,0.93177497,-0.58696997,4,1.10124
1995,11,9,0.801961,-0.38705999,4,0.89048302
1995,11,10,0.70284599,-0.13795,4,0.71625698
1995,11,11,0.68972898,-0.19588999,4,0.71700698
1995,11,12,0.848122,-0.17660999,4,0.86631501
1995,11,13,1.0580699,0.12198,5,1.06508
1995,11,14,1.2366,0.45917299,5,1.3191
1995,11,15,1.18689,0.252363,5,1.21342
1995,11,16,1.0366,-0.0217017997,4,1.0368299
1995,11,17,1.05507,0.0884791017,5,1.05878
1995,11,18,1.24623,0.27440801,5,1.27608
1995,11,19,1.50649,0.21817601,5,1.5222
1995,11,20,1.4129699,0.29796001,5,1.4440399
1995,11,21,1.5187,0.58857,5,1.62877
1995,11,22,1.59883,0.90650898,5,1.83794
1995,11,23,1.54547,1.2577699,5,1.99261
1995,11,24,1.2078,1.34934,6,1.81093
1995,11,25,1.1142499,1.34799,6,1.74889
1995,11,26,1.04775,1.46489,6,1.80102
1995,11,27,0.78249502,1.53668,6,1.72444
1995,11,28,0.48466,1.66608,6,1.73514
1995,11,29,0.46172801,1.63412,6,1.6981
1995,11,30,0.306748,1.62433,6,1.6530401
1995,12,1,0.222468,1.5705,6,1.58617
1995,12,2,0.00589512987,1.5163,6,1.51631
1995,12,3,-0.0292371996,1.23377,7,1.23411
1995,12,4,0.0160045009,1.08,6,1.08012
1995,12,5,-0.0141804004,0.99699998,7,0.99710101
1995,12,6,-0.0282754991,1.02707,7,1.02745
1995,12,7,0.0744979978,1.02598,6,1.02868
1995,12,8,0.13456599,1.43866,6,1.44494
1995,12,9,-0.0735097975,1.8477,7,1.84916
1995,12,10,-0.31996,2.12271,7,2.1466899
1995,12,11,-0.26355001,2.14166,7,2.15781
1995,12,12,-0.39173999,1.84813,7,1.88919
1995,12,13,-0.57979,1.4844199,7,1.59363
1995,12,14,-0.68273002,1.4642299,7,1.61558
1995,12,15,-0.96243,1.6341799,7,1.89653
1995,12,16,-1.11902,1.66448,7,2.0056601
1995,12,17,-1.17344,1.60259,7,1.98627
1995,12,18,-1.14213,1.57138,7,1.9426
1995,12,19,-1.28799,1.34815,7,1.8645101
1995,12,20,-1.5081199,1.22198,8,1.9410501
1995,12,21,-1.58154,0.84171098,8,1.79158
1995,12,22,-1.49281,0.45121399,8,1.55952
1995,12,23,-1.07054,0.55469298,8,1.2057199
1995,12,24,-0.56029999,0.49263,8,0.746068
1995,12,25,-0.53659999,0.0999661982,8,0.54583502
1995,12,26,-0.52608001,-0.12327,1,0.54033202
1995,12,27,-0.59064001,-0.33223,1,0.67766702
1995,12,28,-0.50580001,-0.34178001,1,0.61044401
1995,12,29,-0.48660001,-0.30788001,1,0.57581902
1995,12,30,-0.40048,-0.24728,1,0.47067499
1995,12,31,-0.54286999,0.187296,8,0.574274
1996,1,1,-0.87283999,0.39524001,8,0.95815498
1996,1,2,-1.07528,0.30972201,8,1.119
1996,1,3,-1.01445,0.371878,8,1.08047
1996,1,4,-0.80146003,0.172528,8,0.81982201
1996,1,5,-0.69983,-0.0348809995,1,0.700701
1996,1,6,-0.71450001,-0.035849601,1,0.71539599
1996,1,7,-0.40685001,-0.39635,1,0.56799197
1996,1,8,-0.22846,-0.54863,2,0.59430099
1996,1,9,-0.0170635004,-0.32642999,2,0.326873
1996,1,10,-0.21135999,0.0618123002,8,0.220212
1996,1,11,-0.53254998,0.0354475006,8,0.53372997
1996,1,12,-0.75786,-0.16731,1,0.77611202
1996,1,13,-0.83998001,-0.18655001,1,0.86044902
1996,1,14,-0.82893997,-0.29512,1,0.87991202
1996,1,15,-0.96022999,-0.48322001,1,1.07497
1996,1,16,-0.95371997,-0.88366002,1,1.3001601
1996,1,17,-0.82564998,-1.23959,2,1.48939
1996,1,18,-0.73549998,-1.24676,2,1.44754
1996,1,19,-0.50503999,-1.20015,2,1.30209
1996,1,20,-0.17377,-1.1424,2,1.15554
1996,1,21,0.181522,-0.87623,3,0.89482999
1996,1,22,0.449651,-0.72016001,3,0.84901202
1996,1,23,0.57317799,-0.66311002,3,0.87649798
1996,1,24,0.38886899,-0.69414997,3,0.79565501
1996,1,25,0.64252001,-0.63247001,4,0.90157902
1996,1,26,0.68932402,-0.52951998,4,0.86922699
1996,1,27,0.42737401,-0.33998999,4,0.54611301
1996,1,28,0.39997801,-0.43022001,3,0.58742899
1996,1,29,0.53328001,-0.45236999,4,0.699305
1996,1,30,0.588265,-0.65684003,3,0.88175499
1996,1,31,0.82555503,-0.68879998,4,1.07517
1996,2,1,0.664505,-1.02118,3,1.2183501
1996,2,2,0.60827798,-1.13025,3,1.28354
1996,2,3,0.65955001,-1.10068,3,1.28316
1996,2,4,0.822483,-0.88603997,3,1.20894
1996,2,5,1.09111,-0.89371997,4,1.41041
1996,2,6,0.772479,-1.13764,3,1.37512
1996,2,7,0.445568,-0.98338002,3,1.07962
1996,2,8,0.34356001,-0.87669998,3,0.94161201
1996,2,9,-0.0764983967,-0.87582999,2,0.87916303
1996,2,10,-0.16518,-0.95691001,2,0.97105801
1996,2,11,-0.21405999,-0.77309,2,0.80217803
1996,2,12,-0.10705,-0.46195,2,0.47419301
1996,2,13,-0.22499999,-0.19717,1,0.29916501
1996,2,14,-0.10258,-0.23247001,2,0.25409901
1996,2,15,-0.11149,-0.26784,2,0.29011801
1996,2,16,-0.0665102974,-0.45036,2,0.45524201
1996,2,17,-0.26190001,-0.57975,2,0.63616699
1996,2,18,-0.52086997,-0.43182999,1,0.67659903
1996,2,19,-0.49338999,-0.23456,1,0.546305
1996,2,20,-0.43605,-0.22758,1,0.49186301
1996,2,21,-0.12748,-0.38795999,2,0.40836501
1996,2,22,-0.0338656008,-0.2142,2,0.216866
1996,2,23,0.041199699,0.048955299,6,0.0639846027
1996,2,24,0.091861397,0.394234,6,0.40479499
1996,2,25,0.27772799,0.492127,6,0.56508499
1996,2,26,0.26500499,0.46367699,6,0.53406399
1996,2,27,0.0465729982,0.77061498,6,0.772021
1996,2,28,-0.18143,1.02542,7,1.04134
1996,2,29,-0.24493,1.2844599,7,1.3076
1996,3,1,-0.24981999,1.25783,7,1.2824
1996,3,2,-0.12142,1.5287,7,1.53352
1996,3,3,-0.27969,1.79574,7,1.81739
1996,3,4,-0.2999,1.71901,7,1.74498
1996,3,5,-0.19472,1.70298,7,1.71408
1996,3,6,-0.34599999,1.5755,7,1.61304
1996,3,7,-0.49364999,1.59157,7,1.66637
1996,3,8,-0.57339001,1.62304,7,1.72135
1996,3,9,-0.49281999,1.38059,7,1.46591
1996,3,10,-0.45919001,1.1602499,7,1.24782
1996,3,11,-0.54329997,0.76092601,7,0.93497902
1996,3,12,-0.99219,0.39989299,8,1.06975
1996,3,13,-1.6771899,-0.11867,1,1.68138
1996,3,14,-1.83012,-0.61071002,1,1.92932
1996,3,15,-1.75927,-0.86035001,1,1.95838
1996,3,16,-1.70646,-1.40037,1,2.20749
1996,3,17,-1.22495,-1.78809,2,2.1674299
1996,3,18,-0.88507003,-2.0165,2,2.2021899
1996,3,19,-0.78397,-2.2804101,2,2.4114001
1996,3,20,-0.30142999,-2.3775899,2,2.39662
1996,3,21,-0.0565938987,-2.2779701,2,2.2786801
1996,3,22,0.104401,-2.1949401,3,2.1974199
1996,3,23,-0.0311926007,-1.94374,2,1.94399
1996,3,24,-0.00949949026,-1.6863101,2,1.68633
1996,3,25,0.154066,-1.61068,3,1.61803
1996,3,26,0.53827202,-1.9277101,3,2.0014501
1996,3,27,1.11581,-2.06353,3,2.34588
1996,3,28,1.39536,-1.71837,3,2.2135501
1996,3,29,1.6023901,-1.5247,4,2.2118599
1996,3,30,1.5289299,-1.3119,4,2.0146201
1996,3,31,1.51826,-0.89152998,4,1.7606601
1996,4,1,1.71042,-0.83081001,4,1.90152
1996,4,2,2.0952201,-0.68616003,4,2.20471
1996,4,3,2.07427,-0.22709,4,2.0866599
1996,4,4,2.0229299,0.119937,5,2.02648
1996,4,5,1.8483599,0.33912,5,1.87921
1996,4,6,1.44714,0.59792501,5,1.5658
1996,4,7,0.79967099,0.854469,6,1.1703
1996,4,8,0.596591,0.85563999,6,1.04309
1996,4,9,0.497127,0.91575301,6,1.04199
1996,4,10,0.72890902,0.73296601,6,1.03371
1996,4,11,0.67723203,0.62377101,5,0.92072397
1996,4,12,0.094067201,0.482728,6,0.491808
1996,4,13,-0.37362999,0.255954,8,0.45289499
1996,4,14,-0.60588002,0.22655,8,0.64685398
1996,4,15,-0.72626001,0.16100501,8,0.74388999
1996,4,16,-0.64188999,-0.19009,1,0.66944599
1996,4,17,-0.64634001,-0.57593,1,0.86570603
1996,4,18,-0.49448001,-0.51200002,2,0.71180099
1996,4,19,0.0190746002,-0.43257001,3,0.432989
1996,4,20,0.228192,-0.49114001,3,0.54156399
1996,4,21,0.28443301,-0.68937999,3,0.74575299
1996,4,22,0.40287399,-0.62224001,3,0.74127698
1996,4,23,0.66710001,-0.44699001,4,0.80300802
1996,4,24,1.1353,-0.19159999,4,1.15135
1996,4,25,1.4464,0.0130006997,5,1.44646
1996,4,26,1.1025701,-0.00384171004,4,1.10258
1996,4,27,0.67762703,-0.0346116982,4,0.67851001
1996,4,28,0.67599303,-0.10199,4,0.68364298
1996,4,29,0.60175699,-0.20905,4,0.637034
1996,4,30,0.51992899,-0.0705958009,4,0.52469999
1996,5,1,0.45092899,0.0126945004,5,0.45110801
1996,5,2,0.46672699,-0.0187314004,4,0.467103
1996,5,3,0.737876,0.37729099,5,0.82874
1996,5,4,1.00899,0.71530497,5,1.23682
1996,5,5,1.25661,0.94640201,5,1.57313
1996,5,6,1.39441,1.26332,5,1.88159
1996,5,7,1.2237099,1.66761,6,2.0684299
1996,5,8,0.95775503,1.92739,6,2.15224
1996,5,9,0.44205499,1.83381,6,1.88633
1996,5,10,0.0316730998,1.91886,6,1.91912
1996,5,11,-0.35709,2.0805199,7,2.11094
1996,5,12,-0.52710003,2.0615201,7,2.12784
1996,5,13,-0.35896,1.90525,7,1.9387701
1996,5,14,-0.43630999,1.81651,7,1.86818
1996,5,15,-0.79829001,1.6613801,7,1.84322
1996,5,16,-1.0893101,1.94854,7,2.2323501
1996,5,17,-1.41546,2.14767,7,2.57216
1996,5,18,-1.34386,1.9374,7,2.3578501
1996,5,19,-1.57828,1.37396,8,2.09254
1996,5,20,-1.64473,0.732252,8,1.80037
1996,5,21,-1.65325,0.397223,8,1.7003
1996,5,22,-1.41802,0.0580329001,8,1.41921
1996,5,23,-1.2965,-0.23864999,1,1.31828
1996,5,24,-1.41942,-0.16250999,1,1.4287
1996,5,25,-1.47644,0.0139178997,8,1.47651
1996,5,26,-1.22849,-0.13801,1,1.23622
1996,5,27,-0.92317998,-0.44628999,1,1.02539
1996,5,28,-0.72378999,-0.77601999,2,1.06117
1996,5,29,-0.67263001,-1.04036,2,1.23886
1996,5,30,-0.69524997,-0.98764002,2,1.20781
1996,5,31,-0.66074002,-1.13919,2,1.3169399
1996,6,1,-0.65223998,-1.21094,2,1.37542
1996,6,2,-0.50352001,-1.4449199,2,1.53014
1996,6,3,-0.25393,-1.54107,2,1.56185
1996,6,4,-0.20167001,-1.48342,2,1.49707
1996,6,5,-0.0207112003,-1.7008899,2,1.70101
1996,6,6,0.16332901,-1.6189801,3,1.6272
1996,6,7,0.154202,-1.54406,3,1.5517401
1996,6,8,0.208682,-1.70794,3,1.72065
1996,6,9,0.31093001,-1.64416,3,1.67331
1996,6,10,0.57096899,-1.29897,3,1.41892
1996,6,11,0.867396,-1.1479,3,1.4387701
1996,6,12,1.11312,-1.12576,3,1.58315
1996,6,13,1.37703,-1.02126,4,1.7144001
1996,6,14,1.36965,-0.63019001,4,1.50767
1996,6,15,1.42783,-0.24247999,4,1.44827
1996,6,16,1.3782099,-0.0174001995,4,1.37832
1996,6,17,1.35544,0.100729,5,1.35917
1996,6,18,0.968997,0.39806801,5,1.04758
1996,6,19,0.82320601,0.604581,5,1.02136
1996,6,20,0.30514699,0.67300999,6,0.73895699
1996,6,21,-0.19510999,0.74606299,7,0.77115297
1996,6,22,-0.67543,0.62636,8,0.921157
1996,6,23,-1.03203,0.73471999,8,1.26685
1996,6,24,-1.27168,0.87750298,8,1.54505
1996,6,25,-1.65531,0.81800902,8,1.8464
1996,6,26,-2.1887801,0.62589902,8,2.27651
1996,6,27,-2.4342599,0.315698,8,2.4546499
1996,6,28,-2.4735401,0.0150432996,8,2.4735799
1996,6,29,-2.3863399,-0.32723001,1,2.4086699
1996,6,30,-2.3176401,-0.79334003,1,2.4496601
1996,7,1,-2.21067,-1.2684,1,2.5487001
1996,7,2,-2.132,-1.47118,1,2.5903299
1996,7,3,-1.90488,-1.47971,1,2.41208
1996,7,4,-1.47577,-1.39489,1,2.0306699
1996,7,5,-1.0237,-1.25642,2,1.6206599
1996,7,6,-0.49462,-1.32278,2,1.41223
1996,7,7,-0.0927945003,-1.10796,2,1.11184
1996,7,8,0.0622883998,-0.73632997,3,0.73895597
1996,7,9,0.33412501,-0.33886001,3,0.475885
1996,7,10,0.808164,0.0253675003,5,0.80856198
1996,7,11,1.1165,0.17033,5,1.12942
1996,7,12,1.16734,0.107147,5,1.17225
1996,7,13,1.16518,0.41227099,5,1.23596
1996,7,14,1.14763,0.75544798,5,1.37396
1996,7,15,1.15431,1.2838,6,1.7264301
1996,7,16,1.12915,1.39092,6,1.79155
1996,7,17,1.10344,1.48734,6,1.8519599
1996,7,18,1.19898,1.52013,6,1.93606
1996,7,19,1.3184201,1.48349,6,1.9846801
1996,7,20,1.26311,1.29941,6,1.81215
1996,7,21,0.94998401,1.41745,6,1.70635
1996,7,22,0.83471602,1.53462,6,1.74694
1996,7,23,0.84596002,1.57095,6,1.78424
1996,7,24,0.87625599,1.3131,6,1.57862
1996,7,25,0.890073,1.05414,6,1.37965
1996,7,26,0.77183598,1.05976,6,1.31104
1996,7,27,0.84691501,1.5166399,6,1.73709
1996,7,28,1.08384,1.56127,6,1.9006
1996,7,29,0.92571402,1.24421,6,1.55081
1996,7,30,0.86446398,1.18072,6,1.4633501
1996,7,31,0.70253199,1.1891299,6,1.38115
1996,8,1,0.61928999,1.19327,6,1.3444
1996,8,2,0.50792599,0.90503198,6,1.03782
1996,8,3,0.36040601,0.88716298,6,0.95757598
1996,8,4,0.230101,0.84808201,6,0.87874299
1996,8,5,-0.24823999,0.60788703,7,0.65662003
1996,8,6,-0.59733999,0.45499,8,0.75088799
1996,8,7,-0.70358998,0.32789001,8,0.77623701
1996,8,8,-0.85867,0.38534901,8,0.94117302
1996,8,9,-0.9095,0.30715999,8,0.95996398
1996,8,10,-0.98844999,-0.0216160994,1,0.988684
1996,8,11,-1.14772,-0.26227999,1,1.17731
1996,8,12,-1.01011,-0.26620001,1,1.0446
1996,8,13,-0.91869998,-0.33754,1,0.978742
1996,8,14,-1.01604,-0.67727,1,1.2210701
1996,8,15,-1.15728,-0.79574001,1,1.40446
1996,8,16,-0.82359999,-1.0958101,2,1.37081
1996,8,17,-0.27684999,-1.16212,2,1.19464
1996,8,18,0.26650101,-1.04548,3,1.07891
1996,8,19,0.46137601,-1.07793,3,1.17252
1996,8,20,0.58346403,-1.09609,3,1.2417099
1996,8,21,0.51722503,-0.98360997,3,1.11131
1996,8,22,0.25274,-0.78798997,3,0.82752901
1996,8,23,0.0989919975,-0.81655002,3,0.82252699
1996,8,24,0.0911196992,-1.12924,3,1.13291
1996,8,25,0.048223801,-1.22091,3,1.2218601
1996,8,26,0.13121,-1.25563,3,1.26247
1996,8,27,0.33744201,-1.01284,3,1.06757
1996,8,28,0.42184901,-0.85901999,3,0.957008
1996,8,29,0.44446599,-0.57696998,3,0.72831303
1996,8,30,0.308285,-0.52377999,3,0.60777098
1996,8,31,-0.0106295999,-0.36024001,2,0.36040199
1996,9,1,-0.00399581995,-0.10817,2,0.108243
1996,9,2,0.207673,-0.1293,4,0.244634
1996,9,3,0.399481,-0.0431021005,4,0.40179899
1996,9,4,0.38643399,0.179968,5,0.42628601
1996,9,5,0.50186402,0.27114701,5,0.57042801
1996,9,6,0.646083,0.29689699,5,0.71103501
1996,9,7,0.86505198,0.33768901,5,0.92862701
1996,9,8,1.09366,0.200762,5,1.11194
1996,9,9,1.31239,0.36400899,5,1.36194
1996,9,10,1.41958,0.57523698,5,1.5317
1996,9,11,1.48754,0.97267801,5,1.77732
1996,9,12,1.71947,1.34343,5,2.18205
1996,9,13,1.71465,1.35603,5,2.18606
1996,9,14,1.41157,1.1110899,5,1.7964
1996,9,15,1.0045201,0.67031902,5,1.20763
1996,9,16,0.742172,0.63553602,5,0.97710103
1996,9,17,0.83335203,0.57152402,5,1.0105
1996,9,18,0.70725697,0.558909,5,0.901438
1996,9,19,0.71587503,0.77686298,6,1.05641
1996,9,20,0.65627098,1.3978,6,1.5441999
1996,9,21,0.35584599,1.62647,6,1.66494
1996,9,22,0.0512773991,1.50471,6,1.50559
1996,9,23,-0.0278296005,1.24686,7,1.24717
1996,9,24,-0.23131,1.19646,7,1.2186199
1996,9,25,-0.41514,1.3347,7,1.39777
1996,9,26,-0.49733001,0.97009701,7,1.09015
1996,9,27,-0.78794998,0.309558,8,0.84657502
1996,9,28,-0.50843,0.0903977975,8,0.51640201
1996,9,29,-0.0817753971,-0.13218001,2,0.155434
1996,9,30,-0.0478785001,-0.14133,2,0.14921799
1996,10,1,-0.12988999,-0.10375,1,0.16624101
1996,10,2,-0.36971,-0.15162,1,0.399598
1996,10,3,-0.61571997,-0.21791001,1,0.653144
1996,10,4,-0.83222002,-0.25832,1,0.87139201
1996,10,5,-1.03532,-0.1822,1,1.05123
1996,10,6,-1.1766,-0.20976999,1,1.19516
1996,10,7,-1.48932,-0.27362999,1,1.51425
1996,10,8,-1.58646,-0.0286934003,1,1.58672
1996,10,9,-1.33213,0.158277,8,1.3415
1996,10,10,-0.83486998,0.218081,8,0.862885
1996,10,11,-0.63576001,0.106753,8,0.64466
1996,10,12,-0.71924001,-0.0155966999,1,0.71940798
1996,10,13,-0.83718997,0.13437,8,0.84790403
1996,10,14,-0.92500001,-0.10786,1,0.931265
1996,10,15,-0.95135999,-0.14480001,1,0.96231598
1996,10,16,-0.94537002,-0.31332999,1,0.99594599
1996,10,17,-0.73365003,-0.44150999,1,0.85625499
1996,10,18,-0.44271001,-0.61770999,2,0.75997603
1996,10,19,-0.0220883004,-0.71740001,2,0.71774399
1996,10,20,0.25317201,-0.73299998,3,0.77549499
1996,10,21,0.48357701,-0.56115001,3,0.74076402
1996,10,22,0.62686801,-0.41710001,4,0.75295198
1996,10,23,0.56424999,-0.34676999,4,0.66228998
1996,10,24,0.68257999,-0.4357,4,0.809784
1996,10,25,0.86125302,-0.51511002,4,1.00354
1996,10,26,1.04523,-0.45460001,4,1.13981
1996,10,27,0.91293001,-0.31951001,4,0.96722698
1996,10,28,0.80450398,0.0375735983,5,0.805381
1996,10,29,0.84523898,0.36669999,5,0.92135698
1996,10,30,0.97793901,0.45221499,5,1.07743
1996,10,31,1.12661,0.56749803,5,1.26147
1996,11,1,1.00186,0.58875197,5,1.16205
1996,11,2,1.02937,0.46246201,5,1.12848
1996,11,3,1.29422,0.51003599,5,1.39109
1996,11,4,1.61326,0.65317899,5,1.7404799
1996,11,5,1.728,0.79978102,5,1.90411
1996,11,6,1.73844,1.02157,5,2.0163801
1996,11,7,1.46545,1.30985,5,1.96552
1996,11,8,1.01566,1.78339,6,2.05233
1996,11,9,0.76740497,2.1512001,6,2.2839799
1996,11,10,0.262885,2.2555399,6,2.2708099
1996,11,11,-0.28643,2.20383,7,2.2223699
1996,11,12,-0.88765001,2.18697,7,2.36025
1996,11,13,-1.75799,1.69618,8,2.4428599
1996,11,14,-2.5727201,1.21904,8,2.84692
1996,11,15,-2.84986,0.99657702,8,3.0190899
1996,11,16,-2.9298201,0.740215,8,3.0218799
1996,11,17,-2.7147501,0.32074299,8,2.73364
1996,11,18,-2.5141101,0.0959694013,8,2.51594
1996,11,19,-2.5044999,-0.29186001,1,2.52145
1996,11,20,-2.0585699,-0.68958002,1,2.171
1996,11,21,-1.44674,-0.78864002,1,1.64773
1996,11,22,-0.80918998,-0.85036999,2,1.1738501
1996,11,23,-0.50496,-0.72622001,2,0.88452601
1996,11,24,-0.27248999,-0.65653002,2,0.71083599
1996,11,25,-0.13551,-0.75452,2,0.76659697
1996,11,26,-0.13423,-0.77714002,2,0.78864998
1996,11,27,0.142969,-0.62562001,3,0.64174497
1996,11,28,0.313472,-0.53684002,3,0.62165803
1996,11,29,0.51187998,-0.56105,3,0.75947398
1996,11,30,0.41166899,-0.58951002,3,0.719024
1996,12,1,-0.16869999,-0.74563003,2,0.76447898
1996,12,2,-0.33766001,-1.0809799,2,1.13249
1996,12,3,-0.21646,-1.16122,2,1.1812201
1996,12,4,0.2446,-1.17156,3,1.19682
1996,12,5,0.73163599,-1.42575,3,1.60251
1996,12,6,0.66540498,-1.5961699,3,1.72931
1996,12,7,0.36776701,-1.41899,3,1.46587
1996,12,8,0.65186602,-1.32663,3,1.47813
1996,12,9,1.06343,-1.55474,3,1.8836401
1996,12,10,1.36589,-1.65562,3,2.1463301
1996,12,11,1.62052,-1.54229,4,2.2371299
1996,12,12,1.73631,-1.26097,4,2.14588
1996,12,13,2.03174,-0.85816997,4,2.2055399
1996,12,14,2.1959901,-0.3696,4,2.2268801
1996,12,15,2.3297999,0.16274799,5,2.33548
1996,12,16,2.01016,0.39893499,5,2.0493701
1996,12,17,1.65245,0.54935199,5,1.74137
1996,12,18,1.26986,0.72514898,5,1.46232
1996,12,19,1.12823,1.076,5,1.55906
1996,12,20,1.20863,1.1842999,5,1.69214
1996,12,21,1.36218,1.36676,6,1.9296499
1996,12,22,1.54371,1.7675,6,2.34672
1996,12,23,1.51551,2.2980299,6,2.7527699
1996,12,24,1.11272,2.69999,6,2.92029
1996,12,25,0.83219397,3.11727,6,3.22644
1996,12,26,0.37237301,3.4981201,6,3.51788
1996,12,27,-0.0795746967,3.46683,7,3.4677401
1996,12,28,-0.65302002,3.5074999,7,3.56777
1996,12,29,-0.82211,3.3459699,7,3.4454899
1996,12,30,-1.10566,2.98031,7,3.1788001
1996,12,31,-1.46919,2.6433499,7,3.0242
1997,1,1,-1.65793,2.0297501,7,2.6208
1997,1,2,-1.5174201,1.4936399,8,2.12921
1997,1,3,-1.57785,1.1501,8,1.95252
1997,1,4,-1.66144,1.20486,8,2.05233
1997,1,5,-1.59578,0.99281698,8,1.87941
1997,1,6,-1.68375,0.861449,8,1.89132
1997,1,7,-1.51364,0.71506602,8,1.67405
1997,1,8,-1.6168,0.53351402,8,1.7025501
1997,1,9,-1.68893,0.0822632983,8,1.69094
1997,1,10,-1.69226,-0.23011,1,1.70784
1997,1,11,-1.66344,-0.57222998,1,1.75911
1997,1,12,-1.58497,-0.66894001,1,1.72035
1997,1,13,-1.3255399,-0.86173999,1,1.58103
1997,1,14,-0.86457998,-0.75787997,1,1.14973
1997,1,15,-0.57082999,-0.72670001,2,0.92408502
1997,1,16,-0.31854001,-0.74158001,2,0.807096
1997,1,17,-0.0579690002,-0.63659,2,0.63922602
1997,1,18,0.0334408991,-0.41431999,3,0.415663
1997,1,19,0.283831,-0.40527999,3,0.49478599
1997,1,20,0.61338198,-0.24479,4,0.66042203
1997,1,21,0.67303801,-0.21663,4,0.70704198
1997,1,22,0.72420102,0.0847193971,5,0.72913998
1997,1,23,0.736458,0.35485801,5,0.81749302
1997,1,24,0.84173697,0.48198301,5,0.96996301
1997,1,25,0.672773,0.35850799,5,0.76233298
1997,1,26,0.89347702,0.32222599,5,0.94980502
1997,1,27,0.94427001,0.16954701,5,0.95937002
1997,1,28,0.59762901,0.19519199,5,0.62869698
1997,1,29,0.45304799,0.18882699,5,0.490823
1997,1,30,0.64742398,-0.17926,4,0.67178398
1997,1,31,0.73281199,-0.62348998,4,0.96216297
1997,2,1,0.53574097,-0.92881,3,1.07225
1997,2,2,0.54948503,-0.90165001,3,1.05589
1997,2,3,0.77006602,-1.10779,3,1.3491499
1997,2,4,0.75455701,-1.42721,3,1.6144
1997,2,5,0.86896098,-1.42084,3,1.6655
1997,2,6,1.00756,-1.23791,3,1.59612
1997,2,7,1.34728,-1.09978,4,1.7391599
1997,2,8,1.2767299,-1.15757,4,1.72337
1997,2,9,1.18909,-1.39454,3,1.83267
1997,2,10,1.36709,-1.42928,3,1.9778301
1997,2,11,1.55708,-1.44403,4,2.12361
1997,2,12,1.64578,-1.25401,4,2.0690801
1997,2,13,1.68323,-1.13625,4,2.0308499
1997,2,14,1.72489,-1.02751,4,2.00774
1997,2,15,1.8347,-1.0073299,4,2.09305
1997,2,16,1.89281,-1.10912,4,2.19383
1997,2,17,2.36151,-0.80905998,4,2.4962599
1997,2,18,2.6726,-0.65946001,4,2.7527599
1997,2,19,2.6898999,-0.39061001,4,2.7181201
1997,2,20,2.4277301,-0.16388001,4,2.43325
1997,2,21,2.13533,0.17146499,5,2.1422
1997,2,22,1.84667,0.41491601,5,1.89271
1997,2,23,1.84536,0.94184703,5,2.07182
1997,2,24,1.6190701,1.56968,5,2.25506
1997,2,25,1.34399,1.9227,6,2.34587
1997,2,26,0.98391902,2.02795,6,2.25404
1997,2,27,0.82220501,2.1259301,6,2.2793901
1997,2,28,0.88621199,2.4497099,6,2.6050799
1997,3,1,0.69136202,2.4700699,6,2.5650001
1997,3,2,0.629125,2.4733701,6,2.55212
1997,3,3,0.74720001,2.6496899,6,2.7530301
1997,3,4,0.60193098,2.6869099,6,2.75351
1997,3,5,0.93291903,2.4460299,6,2.6178999
1997,3,6,1.31889,2.31899,6,2.66781
1997,3,7,1.26989,2.5791099,6,2.87479
1997,3,8,0.98883802,2.9867599,6,3.1461999
1997,3,9,0.87926799,3.2962301,6,3.4114799
1997,3,10,0.47141299,3.6445501,6,3.6749101
1997,3,11,-0.16421001,3.8503699,7,3.8538699
1997,3,12,-0.65082002,3.76858,7,3.8243699
1997,3,13,-0.79079998,3.3961301,7,3.48699
1997,3,14,-0.94871998,2.8115001,7,2.9672501
1997,3,15,-1.2916,2.22436,7,2.57215
1997,3,16,-1.6891201,2.2952001,7,2.84975
1997,3,17,-1.9555399,2.4593999,7,3.1420901
1997,3,18,-2.2132699,2.4577701,7,3.30744
1997,3,19,-2.2120099,2.2102001,8,3.1269801
1997,3,20,-2.49032,1.69771,8,3.0139599
1997,3,21,-2.8943801,1.36894,8,3.2017801
1997,3,22,-3.1580701,0.86835003,8,3.27527
1997,3,23,-3.27636,0.76674002,8,3.3648801
1997,3,24,-3.36918,0.580387,8,3.4188099
1997,3,25,-3.5079,-0.0573735982,1,3.5083599
1997,3,26,-3.3656099,-0.65090001,1,3.4279799
1997,3,27,-3.1128299,-1.18926,1,3.3322699
1997,3,28,-2.7623401,-1.69357,1,3.24016
1997,3,29,-2.2476299,-2.29915,2,3.21527
1997,3,30,-1.95039,-2.78497,2,3.4000101
1997,3,31,-1.53555,-2.83939,2,3.2280099
1997,4,1,-0.92922002,-2.67872,2,2.83531
1997,4,2,-0.36697999,-2.34793,2,2.37644
1997,4,3,0.112273,-1.93396,3,1.93722
1997,4,4,-0.0812994018,-1.82763,2,1.82944
1997,4,5,-0.22432999,-1.37331,2,1.39151
1997,4,6,-0.16854,-0.89758003,2,0.91326499
1997,4,7,0.107741,-0.51817,3,0.529257
1997,4,8,0.34381899,-0.29177999,4,0.45094001
1997,4,9,0.539738,-0.1031,4,0.549496
1997,4,10,0.87111002,0.34271899,5,0.93610299
1997,4,11,0.77788597,0.44564199,5,0.89649498
1997,4,12,0.49656999,0.41164199,5,0.64500499
1997,4,13,-0.0125850998,0.58877999,7,0.58891499
1997,4,14,-0.21714,0.85269803,7,0.87991202
1997,4,15,-0.35721999,0.96937299,7,1.0331
1997,4,16,-0.5,0.87786198,7,1.01027
1997,4,17,-1.0017999,0.84539002,8,1.31084
1997,4,18,-1.442,0.78983402,8,1.64415
1997,4,19,-1.95899,0.43685901,8,2.0071101
1997,4,20,-2.07145,0.150984,8,2.0769401
1997,4,21,-2.3005199,-0.26510999,1,2.3157401
1997,4,22,-2.35252,-0.54807001,1,2.41552
1997,4,23,-2.58093,-0.49860999,1,2.62865
1997,4,24,-2.35428,-0.89162999,1,2.5174699
1997,4,25,-2.1036301,-1.03541,1,2.34464
1997,4,26,-1.61514,-1.20217,1,2.0134201
1997,4,27,-1.04583,-1.34431,2,1.70321
1997,4,28,-0.58047003,-1.30914,2,1.43206
1997,4,29,0.0122876,-1.08894,3,1.08901
1997,4,30,0.15979999,-1.18616,3,1.19687
1997,5,1,0.228696,-1.21794,3,1.23922
1997,5,2,0.252763,-0.91983002,3,0.95392603
1997,5,3,0.384646,-0.57306999,3,0.69018602
1997,5,4,0.49195999,-0.14188001,4,0.51200902
1997,5,5,0.49428201,-0.0430914983,4,0.49615601
1997,5,6,0.32224101,0.00731281983,5,0.32232401
1997,5,7,-0.0385156982,-0.28385001,2,0.28644899
1997,5,8,-0.43849999,-0.66082001,2,0.79307401
1997,5,9,-0.49581,-0.93178999,2,1.05549
1997,5,10,-0.31755999,-1.21428,2,1.25512
1997,5,11,-0.0265266001,-1.27858,2,1.27885
1997,5,12,0.56184399,-1.03345,3,1.1763
1997,5,13,0.79592198,-1.03406,3,1.3049001
1997,5,14,1.3444901,-1.10867,4,1.74264
1997,5,15,1.60527,-1.1091,4,1.9511499
1997,5,16,1.9967999,-0.54683,4,2.0703199
1997,5,17,2.16675,0.0923611,5,2.16872
1997,5,18,1.92398,0.78160298,5,2.0766799
1997,5,19,1.9443099,1.44836,5,2.4244699
1997,5,20,1.7993,2.1289401,6,2.7874501
1997,5,21,1.11351,2.3324201,6,2.58459
1997,5,22,0.47766301,2.6104701,6,2.65381
1997,5,23,-0.16238999,2.6684899,7,2.67343
1997,5,24,-0.49968001,2.6830201,7,2.7291501
1997,5,25,-0.67692,2.6937799,7,2.77753
1997,5,26,-0.80203003,2.8396699,7,2.9507599
1997,5,27,-0.90944999,3.0119801,7,3.1462901
1997,5,28,-1.1766599,2.93486,7,3.1619501
1997,5,29,-1.28649,2.6454301,7,2.9416599
1997,5,30,-1.56784,2.2628,7,2.7528901
1997,5,31,-1.48724,2.2576799,7,2.7035201
1997,6,1,-1.38864,2.05513,7,2.4802999
1997,6,2,-1.63454,1.55683,8,2.2573099
1997,6,3,-2.0081,1.11533,8,2.29704
1997,6,4,-2.4131899,0.94444901,8,2.5914199
1997,6,5,-2.41324,0.67184103,8,2.5050099
1997,6,6,-2.26582,0.32376501,8,2.2888401
1997,6,7,-2.4324601,0.292119,8,2.44993
1997,6,8,-2.7037799,0.37053299,8,2.7290499
1997,6,9,-2.56675,0.61823499,8,2.6401501
1997,6,10,-2.6072199,0.556961,8,2.66605
1997,6,11,-2.65711,0.349565,8,2.6800001
1997,6,12,-2.5046301,-0.18179999,1,2.51122
1997,6,13,-2.5035501,-0.47172999,1,2.5476
1997,6,14,-2.1492901,-0.82955003,1,2.3038199
1997,6,15,-1.62169,-1.08724,1,1.95242
1997,6,16,-1.39293,-1.4403501,2,2.00371
1997,6,17,-1.04712,-1.44584,2,1.7852
1997,6,18,-0.69297999,-1.15847,2,1.34992
1997,6,19,-0.18471,-1.09702,2,1.11246
1997,6,20,-0.32121,-1.1135499,2,1.15896
1997,6,21,-0.31793001,-0.76446003,2,0.82793599
1997,6,22,-0.12064,-0.83964002,2,0.84825999
1997,6,23,-0.0992674008,-1.02661,2,1.03139
1997,6,24,-0.10233,-1.40589,2,1.40961
1997,6,25,-0.27577999,-1.84437,2,1.86487
1997,6,26,-0.21031,-2.15558,2,2.1658199
1997,6,27,-0.10601,-2.2210801,2,2.2236099
1997,6,28,-0.063038297,-2.3703899,2,2.3712201
1997,6,29,0.0618974008,-2.6432199,3,2.64395
1997,6,30,0.293037,-2.51548,3,2.53249
1997,7,1,0.36499101,-2.66873,3,2.6935699
1997,7,2,0.76711798,-2.5592899,3,2.6717899
1997,7,3,0.87300998,-2.41521,3,2.56814
1997,7,4,1.13736,-2.2751701,3,2.5436201
1997,7,5,1.1317199,-2.0007901,3,2.2986901
1997,7,6,1.13222,-1.9215,3,2.2302699
1997,7,7,1.11711,-1.63253,3,1.97815
1997,7,8,1.11483,-1.13521,3,1.59108
1997,7,9,1.2953399,-0.71425998,4,1.47921
1997,7,10,1.5761499,-0.74857998,4,1.74488
1997,7,11,1.43255,-0.84744,4,1.66444
1997,7,12,1.2473,-0.86483002,4,1.51779
1997,7,13,0.88672203,-0.98606998,3,1.32613
1997,7,14,0.77491599,-1.0142,3,1.27636
1997,7,15,1.02912,-0.90568,4,1.37089
1997,7,16,1.0071501,-0.84232002,4,1.31296
1997,7,17,0.97950202,-0.51326001,4,1.10583
1997,7,18,0.71840298,-0.25477001,4,0.76223898
1997,7,19,0.74013197,-0.36144999,4,0.82367402
1997,7,20,0.90198499,-0.56414002,4,1.06388
1997,7,21,1.0129,-0.46327001,4,1.1138099
1997,7,22,1.36314,-0.0541456006,4,1.36421
1997,7,23,1.32802,0.215496,5,1.34539
1997,7,24,1.03462,0.36363,5,1.09666
1997,7,25,0.60891801,0.54780298,5,0.81906599
1997,7,26,0.135802,0.89220202,6,0.90247798
1997,7,27,-0.0617818013,0.76457399,7,0.767066
1997,7,28,-0.25999999,0.75469702,7,0.79822701
1997,7,29,0.00448110979,0.85391802,6,0.85393
1997,7,30,0.223304,0.90890801,6,0.935938
1997,7,31,0.489833,0.96593797,6,1.08304
1997,8,1,0.46952999,0.41544601,5,0.62694001
1997,8,2,0.58433998,-0.0995631963,4,0.59276098
1997,8,3,0.83390498,-0.13375001,4,0.84456301
1997,8,4,0.88765502,-0.15364,4,0.90085298
1997,8,5,0.76323301,-0.19224,4,0.78707099
1997,8,6,0.68395001,-0.0978002027,4,0.690907
1997,8,7,0.28683501,0.149489,5,0.323452
1997,8,8,0.0581991002,0.31305701,6,0.31842101
1997,8,9,-0.23146001,0.442617,7,0.499484
1997,8,10,-0.2877,0.69295502,7,0.75030601
1997,8,11,-0.22949,0.91197598,7,0.94040602
1997,8,12,-0.0872789994,1.02021,7,1.02393
1997,8,13,-0.205,0.96415699,7,0.98570901
1997,8,14,-0.0525343008,0.93690598,7,0.93837798
1997,8,15,0.0884959027,0.82946599,6,0.83417302
1997,8,16,0.0831034034,0.53319103,6,0.53962898
1997,8,17,0.41202101,0.13985901,5,0.435112
1997,8,18,0.64243901,-0.0767896995,4,0.647012
1997,8,19,0.71871001,-0.17707001,4,0.740201
1997,8,20,0.74655902,-0.38640001,4,0.84062701
1997,8,21,0.56469202,-0.44703001,4,0.72022003
1997,8,22,0.42154101,-0.21475001,4,0.47308901
1997,8,23,0.47466201,-0.0390504003,4,0.476266
1997,8,24,0.57344002,-0.0670721978,4,0.57734901
1997,8,25,0.230808,-0.0140506001,4,0.231236
1997,8,26,0.121415,-0.0045200102,4,0.121499
1997,8,27,0.128281,-0.17828,3,0.219639
1997,8,28,0.34968501,-0.60167003,3,0.69590801
1997,8,29,0.200755,-0.68835002,3,0.71702999
1997,8,30,0.0061439001,-0.74734998,3,0.74737602
1997,8,31,-0.28832,-0.50660002,2,0.58289701
1997,9,1,-0.43992001,-0.48357001,2,0.65373999
1997,9,2,-0.33079001,-0.60307002,2,0.68783897
1997,9,3,-0.38385999,-0.60702002,2,0.71820801
1997,9,4,-0.62347001,-0.59649003,1,0.86285597
1997,9,5,-0.84469998,-0.54886001,1,1.00736
1997,9,6,-0.75949001,-0.55053002,1,0.938034
1997,9,7,-0.64932001,-0.71270001,2,0.96413898
1997,9,8,-0.64849001,-0.70139998,2,0.955248
1997,9,9,-0.67417002,-0.71555001,2,0.983114
1997,9,10,-0.62645,-0.68869001,2,0.93098497
1997,9,11,-0.62281001,-0.85529,2,1.05802
1997,9,12,-0.61878997,-0.81914002,2,1.02659
1997,9,13,-0.69957,-0.62834001,1,0.94032502
1997,9,14,-0.23466,-0.36934,2,0.43757701
1997,9,15,0.200487,-0.30669999,3,0.36641201
1997,9,16,0.0690295026,-0.20130999,3,0.212813
1997,9,17,-0.0333544016,-0.13616,2,0.140185
1997,9,18,-0.11564,0.0509723984,8,0.12637299
1997,9,19,0.135068,0.00971719995,5,0.135417
1997,9,20,0.33973601,-0.18172,4,0.385281
1997,9,21,0.0949352011,-0.29521999,3,0.31011301
1997,9,22,0.0549875014,-0.3865,3,0.39039001
1997,9,23,0.0346376002,-0.41666999,3,0.41810599
1997,9,24,0.219859,-0.43224001,3,0.48493901
1997,9,25,0.49566901,-0.37123999,4,0.619277
1997,9,26,0.458722,-0.56489003,3,0.72768801
1997,9,27,0.45067,-0.92881,3,1.03237
1997,9,28,0.35583901,-0.97095001,3,1.0341001
1997,9,29,0.35307199,-0.62527001,3,0.718072
1997,9,30,0.45069,-0.46313,3,0.646227
1997,10,1,0.36703199,-0.30906999,4,0.47983101
1997,10,2,0.0956752971,-0.22018,3,0.240064
1997,10,3,0.0833043009,-0.0489436984,4,0.0966183022
1997,10,4,-0.0221497994,0.29901701,7,0.29983601
1997,10,5,-0.0210583005,0.51858699,7,0.519014
1997,10,6,-0.19288,0.63447601,7,0.66314602
1997,10,7,-0.30633,0.657767,7,0.72559899
1997,10,8,-0.32098001,0.59432799,7,0.67546397
1997,10,9,-0.52083999,0.53839701,7,0.74909902
1997,10,10,-0.94835001,0.58444101,8,1.1139801
1997,10,11,-1.34944,0.284538,8,1.37911
1997,10,12,-1.59791,0.0300462991,8,1.5981899
1997,10,13,-1.78157,-0.19727001,1,1.79246
1997,10,14,-1.58938,-0.52526999,1,1.67393
1997,10,15,-1.41547,-0.62147999,1,1.54589
1997,10,16,-1.2872601,-0.63085997,1,1.43353
1997,10,17,-1.10158,-0.62537998,1,1.2667201
1997,10,18,-0.48366001,-0.87712997,2,1.00165
1997,10,19,0.0220155995,-0.90200001,3,0.902273
1997,10,20,0.24737699,-0.84239,3,0.87796497
1997,10,21,0.51318002,-0.58244997,3,0.776272
1997,10,22,0.64793402,-0.27849001,4,0.705248
1997,10,23,0.868393,0.0378290005,5,0.86921698
1997,10,24,0.51070899,0.196494,5,0.54720497
1997,10,25,0.148432,0.575216,6,0.59405798
1997,10,26,-0.16722,0.50996602,7,0.536681
1997,10,27,-0.42350999,0.46904701,7,0.63195199
1997,10,28,-0.49215001,0.331669,8,0.593481
1997,10,29,-0.47470999,0.25003099,8,0.536533
1997,10,30,-0.43776,0.486191,7,0.65423
1997,10,31,-0.28547999,0.196557,8,0.34660301
1997,11,1,-0.50590003,0.0953477025,8,0.51480502
1997,11,2,-0.68190998,-0.0744358972,1,0.68596202
1997,11,3,-0.82923001,-0.0776015967,1,0.83285803
1997,11,4,-0.98097003,0.0741145015,8,0.98376697
1997,11,5,-0.93592,-0.23973,1,0.96613801
1997,11,6,-0.98254001,-0.12647,1,0.99064499
1997,11,7,-0.98951,0.0513252988,8,0.99083501
1997,11,8,-1.11439,-0.0615439005,1,1.11608
1997,11,9,-1.1445,-0.36368001,1,1.2009
1997,11,10,-1.28916,-0.60229999,1,1.42292
1997,11,11,-1.20557,-0.92056,1,1.51685
1997,11,12,-0.84827,-1.105,2,1.39305
1997,11,13,-0.73300999,-1.3308001,2,1.51932
1997,11,14,-0.60705,-1.47314,2,1.59331
1997,11,15,-0.30914,-1.3809299,2,1.41511
1997,11,16,0.179286,-1.32149,3,1.33359
1997,11,17,0.545344,-1.64003,3,1.72832
1997,11,18,0.54996097,-1.66731,3,1.75567
1997,11,19,0.50133002,-1.4531699,3,1.53721
1997,11,20,0.552912,-1.01416,3,1.15509
1997,11,21,0.65247601,-0.70014,3,0.95703799
1997,11,22,0.709023,-0.51368999,4,0.87555099
1997,11,23,0.54573601,-0.48282,4,0.72865701
1997,11,24,0.120587,-0.54448003,3,0.55767798
1997,11,25,-0.24955,-0.53320998,2,0.58872098
1997,11,26,-0.65693998,-0.40566999,1,0.77209502
1997,11,27,-0.76349998,-0.58129001,1,0.959593
1997,11,28,-0.91948998,-0.39254999,1,0.99977499
1997,11,29,-0.93462998,-0.24420001,1,0.96600902
1997,11,30,-0.9914,-0.40228999,1,1.06991
1997,12,1,-1.12341,-0.65135998,1,1.2985899
1997,12,2,-1.0519201,-0.84737998,1,1.35077
1997,12,3,-0.70753998,-1.31722,2,1.4952199
1997,12,4,-0.37944999,-1.49631,2,1.54368
1997,12,5,-0.32201999,-1.52196,2,1.55565
1997,12,6,-0.31784999,-1.22298,2,1.26361
1997,12,7,-0.0716124997,-1.18457,2,1.18673
1997,12,8,0.000501203991,-1.08998,3,1.08998
1997,12,9,-0.10021,-0.73141003,2,0.73824298
1997,12,10,-0.0716629028,-0.58537,2,0.589737
1997,12,11,-0.26515001,-0.59443998,2,0.65088999
1997,12,12,-0.39362001,-0.65733999,2,0.76618701
1997,12,13,-0.51700997,-0.68576998,2,0.85881901
1997,12,14,-0.37231001,-0.65126997,2,0.75018197
1997,12,15,-0.1649,-1.10492,2,1.1171499
1997,12,16,0.0399475992,-1.19084,3,1.19151
1997,12,17,0.110333,-1.277,3,1.28176
1997,12,18,0.56006002,-1.12213,3,1.25413
1997,12,19,0.97567099,-0.82001001,4,1.2745
1997,12,20,1.2357,-0.69376999,4,1.41714
1997,12,21,1.2543401,-0.29137999,4,1.28774
1997,12,22,1.38372,-0.000199197995,4,1.38372
1997,12,23,1.46342,0.172775,5,1.47358
1997,12,24,1.31213,0.0637442991,5,1.3136801
1997,12,25,1.0532399,0.0505090989,5,1.05445
1997,12,26,0.90080303,-0.12406,4,0.90930599
1997,12,27,0.88484901,-0.0548905991,4,0.88655001
1997,12,28,0.76265597,0.0890870988,5,0.76784199
1997,12,29,0.52917701,0.40717,5,0.66769499
1997,12,30,0.67355102,0.75696701,6,1.01325
1997,12,31,0.951096,0.878631,5,1.29483
1998,1,1,0.969217,0.98749399,6,1.38366
1998,1,2,0.67846,0.96007401,6,1.1756099
1998,1,3,0.231969,0.97552001,6,1.00272
1998,1,4,-0.11427,1.33595,7,1.34083
1998,1,5,-0.51363999,1.25307,7,1.35426
1998,1,6,-1.07514,1.02819,8,1.48765
1998,1,7,-1.47548,1.00879,8,1.78737
1998,1,8,-1.7143,1.01042,8,1.98992
1998,1,9,-1.61177,0.93313003,8,1.8624001
1998,1,10,-1.50183,0.65521801,8,1.63854
1998,1,11,-1.30475,0.29140499,8,1.3369
1998,1,12,-1.0173399,-0.43994999,1,1.10839
1998,1,13,-0.67293,-1.02136,2,1.22312
1998,1,14,-0.52582997,-1.19093,2,1.30185
1998,1,15,-0.0499575995,-1.06991,2,1.07108
1998,1,16,0.236931,-0.93801999,3,0.96747601
1998,1,17,0.53873998,-0.65183002,3,0.84565002
1998,1,18,0.680004,-0.15282001,4,0.69696403
1998,1,19,0.682239,0.113209,5,0.69156802
1998,1,20,0.67843902,0.32843101,5,0.75375497
1998,1,21,0.324117,0.69850701,6,0.770042
1998,1,22,0.14251301,0.65818,6,0.67343199
1998,1,23,-0.11,0.57885599,7,0.58921498
1998,1,24,-0.30860001,0.52055597,7,0.60515398
1998,1,25,-0.55056,0.654302,7,0.85511798
1998,1,26,-0.82037002,0.43030801,8,0.926373
1998,1,27,-0.89946997,0.138276,8,0.91003799
1998,1,28,-1.03019,-0.0253886003,1,1.0305001
1998,1,29,-1.04667,-0.20182,1,1.06595
1998,1,30,-1.10728,-0.52219999,1,1.2242399
1998,1,31,-0.88766003,-0.50281,1,1.02018
1998,2,1,-0.62715,-0.69199997,2,0.93390602
1998,2,2,-0.82774001,-0.97735,2,1.2807699
1998,2,3,-1.21731,-1.3014801,2,1.78205
1998,2,4,-1.09709,-1.15799,2,1.59516
1998,2,5,-1.06148,-1.06234,2,1.50177
1998,2,6,-0.92352998,-1.07367,2,1.4162199
1998,2,7,-0.72245002,-1.0836101,2,1.3023601
1998,2,8,-0.53262001,-0.95455003,2,1.0930901
1998,2,9,-0.33449,-0.9637,2,1.0201
1998,2,10,-0.39210999,-1.10401,2,1.1715699
1998,2,11,-0.39278001,-0.96713001,2,1.0438499
1998,2,12,-0.0835286006,-1.20165,2,1.20455
1998,2,13,0.0336842984,-1.4921499,3,1.49253
1998,2,14,0.340473,-1.3444901,3,1.38693
1998,2,15,0.74742198,-1.40275,3,1.58945
1998,2,16,0.81394601,-1.4972301,3,1.70418
1998,2,17,0.72553599,-1.38383,3,1.56249
1998,2,18,0.65355802,-1.21316,3,1.378
1998,2,19,0.712008,-1.0619299,3,1.27853
1998,2,20,0.73957598,-0.82599998,3,1.1087199
1998,2,21,0.71991599,-0.54750001,4,0.90445602
1998,2,22,0.67779797,-0.0519798994,4,0.67978901
1998,2,23,0.52871001,0.14129999,5,0.54726499
1998,2,24,0.21025901,0.162375,5,0.265659
1998,2,25,0.0750494972,0.34796399,6,0.355966
1998,2,26,-0.29987001,0.126773,8,0.32556501
1998,2,27,-0.54057997,0.0511570983,8,0.542992
1998,2,28,-0.26210999,0.102054,8,0.281277
1998,3,1,-0.0376935005,0.139586,7,0.144586
1998,3,2,0.0327150002,0.114557,6,0.119137
1998,3,3,-0.19153,0.42593601,7,0.46701601
1998,3,4,-0.2208,0.68761301,7,0.72219503
1998,3,5,-0.38027999,0.61849701,7,0.72605199
1998,3,6,-0.52124,0.58121699,7,0.78070599
1998,3,7,-0.50121999,0.77363902,7,0.92181402
1998,3,8,-0.38034999,0.85529703,7,0.936055
1998,3,9,-0.19468001,0.79129499,7,0.81489098
1998,3,10,-0.00746650016,0.51152402,7,0.51157802
1998,3,11,0.70486403,0.46999401,5,0.847188
1998,3,12,0.81223202,0.50333101,5,0.95554399
1998,3,13,0.88962299,0.39124599,5,0.97185498
1998,3,14,1.07561,0.228783,5,1.0996701
1998,3,15,0.76704401,0.238177,5,0.80317199
1998,3,16,0.29751399,0.487014,6,0.57069898
1998,3,17,0.0262950007,0.77679098,6,0.77723598
1998,3,18,0.0916600972,0.776627,6,0.78201801
1998,3,19,0.17180599,0.68046403,6,0.70181799
1998,3,20,0.0586478002,0.34352201,6,0.348492
1998,3,21,0.0869499967,0.300338,6,0.31267101
1998,3,22,-0.18928,0.24855199,7,0.31242001
1998,3,23,-0.55383003,0.0145621002,8,0.55402303
1998,3,24,-0.57375002,-0.1705,1,0.598548
1998,3,25,-0.68418998,-0.32565999,1,0.75773799
1998,3,26,-0.60026002,-0.75379002,2,0.96359402
1998,3,27,-0.63502002,-0.99567997,2,1.18095
1998,3,28,-0.49621999,-1.01153,2,1.12669
1998,3,29,-0.4989,-0.96886998,2,1.08978
1998,3,30,-0.25483999,-1.0019799,2,1.03388
1998,3,31,-0.1542,-1.09595,2,1.10675
1998,4,1,-0.22347,-1.12536,2,1.14733
1998,4,2,0.14367101,-1.20833,3,1.21685
1998,4,3,0.0339257009,-1.09963,3,1.10016
1998,4,4,-0.32942,-1.05799,2,1.10809
1998,4,5,-0.39754,-0.90784001,2,0.99106801
1998,4,6,-0.37551999,-0.83042002,2,0.911385
1998,4,7,0.0175685007,-0.84751999,3,0.84769702
1998,4,8,0.214646,-0.94138002,3,0.96553802
1998,4,9,0.339297,-0.9623,3,1.02036
1998,4,10,0.35447001,-0.82968003,3,0.902233
1998,4,11,0.62246299,-0.90432,3,1.09784
1998,4,12,1.0367301,-0.88116002,4,1.36061
1998,4,13,1.23777,-1.0264601,4,1.6080101
1998,4,14,1.27236,-0.97960001,4,1.60578
1998,4,15,1.29852,-0.76459998,4,1.5069
1998,4,16,1.2151999,-0.61663002,4,1.3627
1998,4,17,1.03069,-0.51337999,4,1.1514699
1998,4,18,0.82560199,-0.56295002,4,0.99926698
1998,4,19,0.27361,-0.50739002,3,0.57646102
1998,4,20,-0.00577929989,-0.0172652006,2,0.0182067994
1998,4,21,0.19113199,0.62472701,6,0.65331101
1998,4,22,0.394077,0.77145803,6,0.86628097
1998,4,23,0.49588799,0.684349,6,0.84512597
1998,4,24,0.0642955974,0.57015198,6,0.57376599
1998,4,25,-0.32449001,0.50436598,7,0.59973198
1998,4,26,-0.50619,0.0548872985,8,0.509161
1998,4,27,-0.73334002,-0.20592999,1,0.76170802
1998,4,28,-1.06523,-0.15283,1,1.07614
1998,4,29,-0.89326,-0.28384,1,0.93727303
1998,4,30,-0.78031999,-0.16458,1,0.79749203
1998,5,1,-0.86708999,-0.17374,1,0.88432199
1998,5,2,-1.01583,-0.27088001,1,1.05133
1998,5,3,-0.86400998,-0.43303999,1,0.966456
1998,5,4,-0.54848999,-0.71866,2,0.90405899
1998,5,5,-0.10429,-1.16056,2,1.16524
1998,5,6,0.14919201,-1.27674,3,1.28543
1998,5,7,0.52511799,-1.15774,3,1.27127
1998,5,8,1.0067,-1.29177,3,1.63771
1998,5,9,1.58448,-1.6505001,3,2.28795
1998,5,10,1.84796,-1.72671,4,2.52913
1998,5,11,1.9753799,-1.68568,4,2.5968499
1998,5,12,2.1510999,-1.5954,4,2.67816
1998,5,13,2.6435001,-1.46108,4,3.0204101
1998,5,14,3.1550701,-1.17439,4,3.36654
1998,5,15,3.5320001,-0.71428001,4,3.6034999
1998,5,16,3.3146501,0.137326,5,3.3174901
1998,5,17,3.10114,0.53342801,5,3.1466801
1998,5,18,3.12638,1.1478,5,3.33042
1998,5,19,2.53667,1.43843,5,2.9161201
1998,5,20,2.43892,1.32244,5,2.77438
1998,5,21,2.4788699,1.2922699,5,2.79549
1998,5,22,2.10114,1.40597,5,2.5281501
1998,5,23,1.77156,1.37308,5,2.24138
1998,5,24,1.3604,1.16388,5,1.7903399
1998,5,25,1.03988,1.22382,6,1.60595
1998,5,26,0.73381102,1.10329,6,1.32504
1998,5,27,0.594289,1.2599601,6,1.39308
1998,5,28,0.71011901,1.0628,6,1.2782
1998,5,29,0.74969202,0.94799501,6,1.2086101
1998,5,30,0.59261799,0.63965899,6,0.87198597
1998,5,31,0.20391899,0.433285,6,0.478872
1998,6,1,0.29348999,0.0640365034,5,0.30039501
1998,6,2,0.47393599,-0.39278999,4,0.61554497
1998,6,3,0.70753503,-0.69216001,4,0.98979598
1998,6,4,0.75005102,-0.65943003,4,0.99870998
1998,6,5,0.94123697,-0.67320001,4,1.15721
1998,6,6,1.20644,-0.42982,4,1.28072
1998,6,7,1.41782,-0.39140999,4,1.47086
1998,6,8,1.42169,-0.26914999,4,1.44695
1998,6,9,1.49633,-0.0394104011,4,1.49685
1998,6,10,1.48184,-0.0361079983,4,1.48228
1998,6,11,1.06707,0.0482019,5,1.0681601
1998,6,12,0.75987297,0.34789401,5,0.83572602
1998,6,13,0.48328999,0.27350101,5,0.55531299
1998,6,14,0.439632,0.338146,5,0.55463398
1998,6,15,0.18512399,0.43377,6,0.471623
1998,6,16,-0.00319111999,0.352644,7,0.352658
1998,6,17,-0.0333802998,0.109791,7,0.114753
1998,6,18,-0.2202,-0.13259,1,0.25703499
1998,6,19,-0.11949,-0.46013001,2,0.47538999
1998,6,20,0.108418,-0.88871998,3,0.89531302
1998,6,21,0.322586,-0.93198001,3,0.98622602
1998,6,22,0.75428098,-0.97956002,3,1.23632
1998,6,23,0.91606897,-0.93686998,3,1.31031
1998,6,24,0.80145299,-0.91114002,3,1.21347
1998,6,25,0.80020601,-0.85308999,3,1.16966
1998,6,26,0.814408,-1.01257,3,1.29944
1998,6,27,0.480225,-0.96133,3,1.0746
1998,6,28,0.50720203,-0.86500001,3,1.00273
1998,6,29,0.51813197,-0.60351998,3,0.79542297
1998,6,30,0.64957201,-0.33735001,4,0.731951
1998,7,1,0.48588499,-0.39592001,4,0.62676901
1998,7,2,0.25829899,-0.55383003,3,0.61110198
1998,7,3,-0.15654001,-0.47533,2,0.50044101
1998,7,4,-0.55026001,-0.68703997,2,0.88023698
1998,7,5,-0.54839998,-0.74510002,2,0.925161
1998,7,6,-0.47527999,-0.72349,2,0.86563802
1998,7,7,-0.48741001,-0.67531002,2,0.83283597
1998,7,8,-0.39805999,-0.73734999,2,0.83793402
1998,7,9,-0.32664999,-0.66012001,2,0.73651999
1998,7,10,-0.50128001,-0.56555003,2,0.75572902
1998,7,11,-0.47053,-0.49103999,2,0.680089
1998,7,12,-0.44428,-0.66416001,2,0.79905701
1998,7,13,-0.58135998,-0.61839998,2,0.848759
1998,7,14,-0.81454003,-0.65754998,1,1.0468301
1998,7,15,-0.78969997,-0.74010998,1,1.08231
1998,7,16,-0.77051002,-0.98641002,2,1.25167
1998,7,17,-0.70722002,-1.14689,2,1.34741
1998,7,18,-0.65153998,-0.78149003,2,1.01746
1998,7,19,-0.64714003,-0.50182003,1,0.81891102
1998,7,20,-0.30581999,-0.15132999,1,0.341212
1998,7,21,0.0128755001,-0.32912001,3,0.32937399
1998,7,22,0.46628699,-0.66720998,3,0.81399798
1998,7,23,0.55904698,-0.57950997,3,0.80521399
1998,7,24,0.63813901,-0.62866998,4,0.89579803
1998,7,25,0.50866902,-0.39901,4,0.64649099
1998,7,26,0.28216001,-0.54593003,3,0.61453998
1998,7,27,0.336252,-0.56228,3,0.65515202
1998,7,28,0.55684,-0.47933999,4,0.73473299
1998,7,29,0.33157501,-0.21280999,4,0.39399099
1998,7,30,0.28624699,0.00572045986,5,0.286304
1998,7,31,0.242571,0.30583999,6,0.390358
1998,8,1,0.24053501,0.34152299,6,0.41772601
1998,8,2,-0.12507001,0.30491599,7,0.32957199
1998,8,3,-0.52640998,0.30538899,8,0.60858297
1998,8,4,-0.45770001,0.194435,8,0.49728501
1998,8,5,-0.3971,0.186728,8,0.438813
1998,8,6,-0.57529002,0.126615,8,0.589055
1998,8,7,-0.59039003,0.0709166974,8,0.59463
1998,8,8,-0.40434,-0.15276,1,0.43223
1998,8,9,-0.45109001,-0.45930001,2,0.643767
1998,8,10,-0.63389999,-0.43458,1,0.76856899
1998,8,11,-0.7062,-0.38457,1,0.80411899
1998,8,12,-0.72083002,-0.3351,1,0.79491103
1998,8,13,-0.58074999,-0.66311002,2,0.881473
1998,8,14,-0.75955999,-0.89876002,2,1.17673
1998,8,15,-1.09198,-1.14906,2,1.58517
1998,8,16,-0.93199998,-1.07019,2,1.41913
1998,8,17,-0.50937003,-1.07833,2,1.19258
1998,8,18,-0.53329003,-1.2930501,2,1.39871
1998,8,19,-0.26888001,-1.33322,2,1.36006
1998,8,20,-0.0244491994,-1.17872,2,1.17898
1998,8,21,-0.0507409982,-1.0320801,2,1.03332
1998,8,22,-0.0623259991,-1.08289,2,1.08468
1998,8,23,-0.50674999,-0.86896002,2,1.0059299
1998,8,24,-0.92903,-0.44056001,1,1.02819
1998,8,25,-1.1107399,-0.38756001,1,1.17641
1998,8,26,-1.0412101,-0.49917999,1,1.15469
1998,8,27,-1.23162,-0.10772,1,1.23632
1998,8,28,-1.47751,0.655752,8,1.61649
1998,8,29,-1.39722,0.74555498,8,1.58369
1998,8,30,-1.35071,0.80584002,8,1.57283
1998,8,31,-1.44885,0.56445497,8,1.55492
1998,9,1,-1.55353,0.51606703,8,1.637
1998,9,2,-1.79875,0.33195001,8,1.8291301
1998,9,3,-1.82125,0.15884399,8,1.8281699
1998,9,4,-1.84083,0.39715999,8,1.88319
1998,9,5,-1.98761,0.64839399,8,2.0906999
1998,9,6,-1.88142,0.56707102,8,1.9650199
1998,9,7,-1.90394,0.272248,8,1.92331
1998,9,8,-2.0007999,0.169743,8,2.0079899
1998,9,9,-1.54557,0.25385299,8,1.56628
1998,9,10,-1.10953,0.0242724996,8,1.10979
1998,9,11,-0.76547998,-0.15566,1,0.78114301
1998,9,12,-0.51885003,-0.38953999,1,0.64880598
1998,9,13,-0.4991,-0.33068001,1,0.59871
1998,9,14,-0.35055,-0.25213,1,0.43180299
1998,9,15,0.142914,-0.55632001,3,0.57437903
1998,9,16,0.225197,-0.71015,3,0.74499702
1998,9,17,0.335697,-0.80860001,3,0.87551802
1998,9,18,0.63588297,-0.90239,3,1.10393
1998,9,19,0.87021297,-0.91795999,3,1.2648799
1998,9,20,1.0793999,-0.79755998,4,1.34209
1998,9,21,1.15746,-0.59535998,4,1.3016
1998,9,22,1.31864,-0.64901,4,1.4697
1998,9,23,1.42049,-0.42355001,4,1.48229
1998,9,24,1.42226,-0.40200999,4,1.47798
1998,9,25,1.20455,-0.43866,4,1.28194
1998,9,26,1.33334,-0.48495001,4,1.4188
1998,9,27,1.54769,-0.40347999,4,1.59942
1998,9,28,1.88723,-0.0962172002,4,1.88968
1998,9,29,2.18084,0.046856001,5,2.18134
1998,9,30,2.34584,0.0247968994,5,2.3459699
1998,10,1,2.5854399,0.0365350991,5,2.5857
1998,10,2,2.6332901,0.0249147993,5,2.63341
1998,10,3,2.5732601,0.18948101,5,2.58022
1998,10,4,2.29778,0.262582,5,2.3127401
1998,10,5,1.95846,0.63061202,5,2.0574801
1998,10,6,1.86519,0.93339097,5,2.0857
1998,10,7,1.45083,0.99607098,5,1.75985
1998,10,8,1.29196,1.20074,5,1.76379
1998,10,9,1.06363,1.27836,6,1.66299
1998,10,10,0.63940001,1.16506,6,1.32899
1998,10,11,0.239722,0.78897703,6,0.82459199
1998,10,12,0.15610699,0.66453201,6,0.68262202
1998,10,13,0.459773,0.80063301,6,0.92325699
1998,10,14,0.708821,0.92290199,6,1.16369
1998,10,15,0.91838998,1.02149,6,1.3736399
1998,10,16,0.88791001,1.06933,6,1.38991
1998,10,17,0.98343098,1.16163,6,1.52201
1998,10,18,0.75146598,0.97505999,6,1.23103
1998,10,19,0.0650229976,1.02451,6,1.02657
1998,10,20,-0.1745,0.936369,7,0.95248902
1998,10,21,-0.31235,0.65553302,7,0.72614503
1998,10,22,-0.33256999,0.32932699,8,0.46803701
1998,10,23,-0.1049,0.0462459996,8,0.114638
1998,10,24,0.091085501,-0.0998815,3,0.135177
1998,10,25,0.43513101,-0.22265001,4,0.488787
1998,10,26,0.57874697,-0.15657,4,0.59955102
1998,10,27,0.54110098,-0.17452,4,0.56854701
1998,10,28,0.83168602,0.00444104988,5,0.831698
1998,10,29,0.68033898,0.0666731,5,0.68359798
1998,10,30,0.379356,0.15459201,5,0.40964499
1998,10,31,0.27995899,0.182069,5,0.333956
1998,11,1,0.00215949002,0.261444,6,0.261453
1998,11,2,-0.23221,0.36901101,7,0.43599501
1998,11,3,-0.14556,0.37299401,7,0.40039101
1998,11,4,-0.0351675004,0.131239,7,0.135869
1998,11,5,0.0229030997,-0.062230099,3,0.0663108975
1998,11,6,0.0579240993,-0.14031,3,0.151793
1998,11,7,0.420165,0.0854391009,5,0.428763
1998,11,8,0.89257097,0.00521503016,5,0.89258599
1998,11,9,1.51179,0.123036,5,1.51679
1998,11,10,1.83008,0.37477499,5,1.86806
1998,11,11,1.77174,0.47607899,5,1.83459
1998,11,12,1.90932,0.55759799,5,1.98908
1998,11,13,1.82253,0.774149,5,1.98013
1998,11,14,1.94488,1.22774,5,2.2999699
1998,11,15,1.7594,1.5224299,5,2.3266499
1998,11,16,1.5307699,1.74321,6,2.3199301
1998,11,17,1.09058,1.82497,6,2.1259999
1998,11,18,0.89071399,2.0142801,6,2.20243
1998,11,19,0.96541899,2.1867199,6,2.3903501
1998,11,20,1.10777,2.22369,6,2.48434
1998,11,21,0.89570701,2.0671101,6,2.25282
1998,11,22,0.68367398,1.83925,6,1.9622
1998,11,23,0.49561399,1.72172,6,1.79163
1998,11,24,0.427055,1.64097,6,1.69563
1998,11,25,0.38953799,1.78047,6,1.82259
1998,11,26,0.35167199,1.69938,6,1.7353801
1998,11,27,0.144924,1.70664,6,1.71279
1998,11,28,0.0539367013,1.69635,6,1.69721
1998,11,29,0.28014699,1.59793,6,1.6223
1998,11,30,0.300459,1.66474,6,1.69164
1998,12,1,0.16700301,1.14809,6,1.16017
1998,12,2,-0.10644,0.85099399,7,0.85762501
1998,12,3,-0.23359001,0.43486699,7,0.493635
1998,12,4,-0.16459,0.123433,8,0.205736
1998,12,5,-0.13279,-0.44402999,2,0.46345699
1998,12,6,-0.00901885983,-0.86957997,2,0.86962599
1998,12,7,0.142159,-1.14301,3,1.1518101
1998,12,8,0.41582501,-1.03307,3,1.11362
1998,12,9,0.72213799,-0.97237003,3,1.21119
1998,12,10,0.96567899,-0.86914003,4,1.29921
1998,12,11,1.0331399,-0.69104999,4,1.24296
1998,12,12,0.88508999,-0.42453,4,0.98163497
1998,12,13,0.90142602,0.0535328016,5,0.903014
1998,12,14,0.83935899,0.45550001,5,0.954988
1998,12,15,0.81517398,0.51046503,5,0.96181297
1998,12,16,0.82412302,0.367495,5,0.90234798
1998,12,17,0.58217698,0.49327901,5,0.76305598
1998,12,18,0.21772,0.75253701,6,0.78339899
1998,12,19,0.0155819999,0.82207298,6,0.82222003
1998,12,20,-0.0441804007,0.87821501,7,0.87932599
1998,12,21,-0.0627657995,0.87349802,7,0.87575001
1998,12,22,-0.0737804994,0.93089199,7,0.93381101
1998,12,23,-0.0126264002,0.68289,7,0.68300599
1998,12,24,0.0499789007,0.40189999,6,0.40499601
1998,12,25,-0.0950717032,0.159206,7,0.185433
1998,12,26,-0.16433001,0.100014,8,0.192376
1998,12,27,-0.14435001,0.229205,7,0.270872
1998,12,28,0.0657802969,0.33600599,6,0.34238401
1998,12,29,0.12803601,0.29494601,6,0.321538
1998,12,30,0.160971,0.150195,5,0.22015899
1998,12,31,0.0771730021,0.188217,6,0.20342401
1999,1,1,-0.22014,0.14120699,8,0.261536
1999,1,2,-0.33579001,0.0811235011,8,0.34545499
1999,1,3,-0.6821,0.172085,8,0.70346802
1999,1,4,-1.03002,0.40603501,8,1.10716
1999,1,5,-0.87712997,0.63945901,8,1.08548
1999,1,6,-0.45583001,0.60740101,7,0.759417
1999,1,7,-0.2,0.62022102,7,0.65167201
1999,1,8,-0.33991,0.568829,7,0.66265303
1999,1,9,-0.90526998,0.110549,8,0.91199797
1999,1,10,-1.42764,0.0465139002,8,1.4284
1999,1,11,-1.71929,0.29558101,8,1.7445199
1999,1,12,-1.71338,0.25295001,8,1.73195
1999,1,13,-1.88226,-0.16212,1,1.88923
1999,1,14,-2.0022199,-0.41850999,1,2.04549
1999,1,15,-1.84551,-0.51616001,1,1.91633
1999,1,16,-1.8214,-1.0570199,1,2.10589
1999,1,17,-1.45371,-1.23068,1,1.90469
1999,1,18,-0.74787998,-1.57886,2,1.74703
1999,1,19,-0.00194650004,-1.67031,2,1.67031
1999,1,20,0.32935801,-1.86169,3,1.8906
1999,1,21,0.94521701,-1.82903,3,2.05883
1999,1,22,1.00416,-1.65592,3,1.9366
1999,1,23,1.17913,-1.3485,3,1.79131
1999,1,24,1.05717,-0.80370998,4,1.3279901
1999,1,25,1.3034199,-0.18475001,4,1.31645
1999,1,26,1.4127899,0.111193,5,1.41716
1999,1,27,1.49432,0.54922098,5,1.59205
1999,1,28,1.20409,0.82181102,5,1.45781
1999,1,29,1.13948,1.06601,5,1.56038
1999,1,30,1.08705,1.16032,6,1.58997
1999,1,31,0.68807,1.12247,6,1.3165801
1999,2,1,0.59119999,1.1748,6,1.31517
1999,2,2,0.48133501,1.1871099,6,1.28098
1999,2,3,0.32998601,0.984456,6,1.03829
1999,2,4,0.13784701,0.96262199,6,0.97244197
1999,2,5,0.0256680008,1.24279,6,1.24305
1999,2,6,0.37107101,1.51917,6,1.56383
1999,2,7,0.60933501,1.31795,6,1.452
1999,2,8,0.60121202,1.10258,6,1.2558399
1999,2,9,0.690202,0.989802,6,1.2066801
1999,2,10,0.511994,1.10062,6,1.2138799
1999,2,11,0.155838,1.36128,6,1.37017
1999,2,12,-0.0432160012,1.58233,7,1.58292
1999,2,13,-0.1125,1.59675,7,1.60071
1999,2,14,-0.58291,1.77878,7,1.87186
1999,2,15,-1.2301,2.0293601,7,2.37306
1999,2,16,-1.89271,1.8023601,8,2.61359
1999,2,17,-2.3106799,1.78895,8,2.92225
1999,2,18,-2.4491301,1.96278,8,3.1385901
1999,2,19,-2.3549399,1.85488,8,2.99773
1999,2,20,-2.08566,1.41839,8,2.52226
1999,2,21,-1.95533,0.85141802,8,2.1326599
1999,2,22,-1.55966,0.515751,8,1.64272
1999,2,23,-1.0452501,0.356989,8,1.10453
1999,2,24,-1.10844,0.201178,8,1.12655
1999,2,25,-0.85799003,-0.24314,1,0.89177299
1999,2,26,-1.00176,-0.56445003,1,1.14984
1999,2,27,-1.15413,-0.85900003,1,1.43872
1999,2,28,-1.17761,-1.1605999,1,1.65341
1999,3,1,-0.81755,-1.14147,2,1.40405
1999,3,2,-0.53938001,-1.2661,2,1.37621
1999,3,3,-0.28819999,-1.25453,2,1.28721
1999,3,4,0.00305042998,-1.33456,3,1.3345701
1999,3,5,0.190253,-1.44512,3,1.45759
1999,3,6,0.100561,-1.39809,3,1.4017
1999,3,7,-0.0904453993,-1.18629,2,1.18973
1999,3,8,-0.20806,-1.01678,2,1.03785
1999,3,9,-0.0841872022,-1.15403,2,1.1571
1999,3,10,-0.11119,-1.25319,2,1.25811
1999,3,11,-0.00831205025,-1.4011,2,1.40113
1999,3,12,-0.0276755001,-1.5313801,2,1.53163
1999,3,13,-0.37149,-1.5949399,2,1.63763
1999,3,14,-0.44788,-1.65272,2,1.71233
1999,3,15,-0.43496001,-1.64727,2,1.70372
1999,3,16,-0.0808162987,-1.73581,2,1.73769
1999,3,17,0.177652,-2.0831299,3,2.0906899
1999,3,18,0.24808,-2.1709099,3,2.18504
1999,3,19,0.565745,-1.8550299,3,1.9393899
1999,3,20,1.11764,-1.60028,3,1.95192
1999,3,21,1.50246,-1.58126,3,2.1812301
1999,3,22,1.4357001,-1.80433,3,2.30583
1999,3,23,1.16195,-1.62026,3,1.99383
1999,3,24,1.05243,-1.05849,3,1.49265
1999,3,25,0.76252401,-0.74836999,4,1.06841
1999,3,26,0.56534803,-0.68033999,3,0.88457698
1999,3,27,0.509821,-0.42877001,4,0.66615301
1999,3,28,0.543854,-0.13902999,4,0.56134403
1999,3,29,0.34343499,-0.0647640973,4,0.349489
1999,3,30,0.248522,0.26546901,6,0.363644
1999,3,31,0.53952199,0.228986,5,0.58610499
1999,4,1,0.369528,0.0350442007,5,0.37118599
1999,4,2,0.42635301,0.0846529007,5,0.43467501
1999,4,3,0.136521,0.0991626009,5,0.168734
1999,4,4,0.27168801,0.472451,6,0.544999
1999,4,5,0.43788999,0.25782001,5,0.50815201
1999,4,6,0.77540803,0.307641,5,0.834207
1999,4,7,0.62224197,0.24984699,5,0.67052799
1999,4,8,0.59326798,0.340772,5,0.68417299
1999,4,9,0.61740798,0.40713799,5,0.739564
1999,4,10,0.65939403,0.172784,5,0.681656
1999,4,11,0.835199,-0.1159,4,0.84320199
1999,4,12,1.38574,-0.17023,4,1.39616
1999,4,13,1.6265,-0.32063001,4,1.6578
1999,4,14,1.52619,-0.37235001,4,1.57095
1999,4,15,1.38041,-0.24831,4,1.40256
1999,4,16,1.32409,0.2339,5,1.3445899
1999,4,17,1.15531,0.40687099,5,1.22487
1999,4,18,1.09919,0.544182,5,1.2265199
1999,4,19,0.91079003,0.70234197,5,1.15014
1999,4,20,0.523956,0.75273103,6,0.91713399
1999,4,21,0.319298,0.77275401,6,0.83612198
1999,4,22,0.32782999,1.15069,6,1.19648
1999,4,23,-0.0235396996,1.35744,7,1.35764
1999,4,24,-0.56918001,1.40817,7,1.51885
1999,4,25,-1.03136,1.50413,7,1.82376
1999,4,26,-1.2162,1.44864,7,1.89148
1999,4,27,-1.34101,1.34489,7,1.89922
1999,4,28,-1.0914,1.47041,7,1.83119
1999,4,29,-1.24707,1.37209,7,1.85413
1999,4,30,-1.5698299,1.21767,8,1.98673
1999,5,1,-1.90991,1.04401,8,2.17663
1999,5,2,-1.8824199,0.63194501,8,1.98566
1999,5,3,-1.7321,0.38868701,8,1.77517
1999,5,4,-1.63194,0.133948,8,1.6374201
1999,5,5,-1.84642,0.0160252005,8,1.84649
1999,5,6,-1.79452,-0.17174999,1,1.80272
1999,5,7,-1.86079,-0.19729,1,1.87122
1999,5,8,-1.9890701,-0.32146999,1,2.0148799
1999,5,9,-2.0639601,-0.16416,1,2.0704701
1999,5,10,-1.81339,-0.40356001,1,1.8577501
1999,5,11,-1.89467,-0.55044001,1,1.9730099
1999,5,12,-1.83201,-0.4488,1,1.88618
1999,5,13,-1.63548,-0.29701999,1,1.66223
1999,5,14,-1.12379,-0.41964,1,1.19959
1999,5,15,-0.87567002,-0.59390002,1,1.0580699
1999,5,16,-0.79667002,-0.66223001,1,1.03598
1999,5,17,-0.64498001,-0.53411001,1,0.83741701
1999,5,18,-0.442,-0.42160001,1,0.610829
1999,5,19,0.0118028,-0.39728999,3,0.39746001
1999,5,20,0.116538,-0.47042,3,0.48463801
1999,5,21,0.0332653001,-0.43643999,3,0.437702
1999,5,22,0.123396,-0.12892,3,0.178455
1999,5,23,0.49633899,0.127478,5,0.51244801
1999,5,24,0.69192499,0.00484634982,5,0.69194198
1999,5,25,0.619326,-0.21769001,4,0.65647
1999,5,26,0.29425901,0.0760336965,5,0.30392399
1999,5,27,0.38301301,0.502536,6,0.63185501
1999,5,28,0.48032299,0.95159,6,1.06594
1999,5,29,0.339261,0.98170799,6,1.03868
1999,5,30,0.0250032991,1.06565,6,1.06594
1999,5,31,-0.14881,1.49234,7,1.49974
1999,6,1,-0.40955001,1.6042399,7,1.65569
1999,6,2,-0.39813,1.50887,7,1.56051
1999,6,3,-0.40774,1.3442,7,1.40468
1999,6,4,-0.51819998,1.28591,7,1.3864
1999,6,5,-0.25522,1.22241,7,1.24877
1999,6,6,-0.35231999,0.951864,7,1.0149699
1999,6,7,-0.16576,0.721407,7,0.74020499
1999,6,8,0.00486883009,0.59386498,6,0.593885
1999,6,9,0.157729,0.337538,6,0.372572
1999,6,10,-0.12222,0.46380201,7,0.479635
1999,6,11,-0.61154997,0.620956,7,0.87153602
1999,6,12,-0.71006,0.63058603,8,0.94964802
1999,6,13,-0.64750999,0.56665999,8,0.86044902
1999,6,14,-0.59715003,0.53640598,8,0.80269599
1999,6,15,-0.66693997,0.487252,8,0.82597202
1999,6,16,-0.88669997,0.495545,8,1.01578
1999,6,17,-1.08384,0.502051,8,1.19447
1999,6,18,-1.03546,0.515481,8,1.15667
1999,6,19,-1.2772599,0.47099999,8,1.36134
1999,6,20,-1.56775,0.56771702,8,1.66738
1999,6,21,-1.59331,0.69413197,8,1.73795
1999,6,22,-1.64994,0.66678101,8,1.77958
1999,6,23,-1.74577,0.57134098,8,1.83689
1999,6,24,-1.84506,0.42133,8,1.89255
1999,6,25,-1.96644,0.19815201,8,1.9764
1999,6,26,-2.0876,0.0748924017,8,2.0889399
1999,6,27,-2.08729,0.0952401981,8,2.0894599
1999,6,28,-2.0088301,-0.00383199006,1,2.0088401
1999,6,29,-1.91408,-0.10267,1,1.9168299
1999,6,30,-1.76056,-0.29218,1,1.78465
1999,7,1,-1.63559,-0.4718,1,1.70228
1999,7,2,-1.5657001,-0.61849999,1,1.68343
1999,7,3,-1.37358,-0.83310997,1,1.60648
1999,7,4,-1.0203201,-0.96227002,1,1.40251
1999,7,5,-0.91838002,-0.82933003,1,1.23742
1999,7,6,-0.86672997,-0.72969002,1,1.13299
1999,7,7,-0.68708998,-0.70502001,2,0.98444599
1999,7,8,-0.30726001,-0.49439001,2,0.58209598
1999,7,9,0.091764003,-0.32148001,3,0.334319
1999,7,10,0.41935301,-0.10438,4,0.43214801
1999,7,11,0.458038,-0.0279706009,4,0.45889199
1999,7,12,0.51520598,0.0746062025,5,0.52057999
1999,7,13,0.61032999,0.293291,5,0.67714298
1999,7,14,0.47020799,0.0618918017,5,0.47426301
1999,7,15,0.32073,-0.12186,4,0.34310001
1999,7,16,0.265762,-0.17589,4,0.31869701
1999,7,17,0.28279099,-0.0760319009,4,0.292833
1999,7,18,0.543001,-0.0259747002,4,0.54362202
1999,7,19,0.71664101,0.0693745986,5,0.71999103
1999,7,20,1.00675,-0.132,4,1.01537
1999,7,21,1.2900701,-0.1329,4,1.2969
1999,7,22,1.3594,-0.0382483006,4,1.3599401
1999,7,23,1.2396899,-0.12754001,4,1.24624
1999,7,24,0.94143498,-0.0874530971,4,0.94548798
1999,7,25,0.90071899,0.25912699,5,0.93725199
1999,7,26,0.70953602,0.444915,5,0.83749002
1999,7,27,0.77417803,0.680022,5,1.03043
1999,7,28,0.857732,0.82124197,5,1.1875
1999,7,29,0.681979,0.783198,6,1.03851
1999,7,30,0.443156,0.567029,6,0.71965897
1999,7,31,0.15856799,0.44015399,6,0.46784499
1999,8,1,-0.11267,0.396276,7,0.41198099
1999,8,2,-0.13348,0.48520699,7,0.503232
1999,8,3,-0.11918,0.304068,7,0.32659
1999,8,4,-0.0585960001,0.0640819967,7,0.086833097
1999,8,5,-0.0709652007,0.16815799,7,0.182519
1999,8,6,-0.19007,0.17290699,8,0.256951
1999,8,7,-0.15905,0.27479401,7,0.31750301
1999,8,8,-0.0122951996,0.137885,7,0.13843299
1999,8,9,-0.16565999,0.0527914986,8,0.173867
1999,8,10,-0.39109001,-0.0468300991,1,0.393888
1999,8,11,-0.39737999,-0.0952948034,1,0.408645
1999,8,12,-0.46669,-0.14135,1,0.48762301
1999,8,13,-0.57225001,-0.24388,1,0.62205499
1999,8,14,-0.77908999,-0.25343999,1,0.819278
1999,8,15,-0.96537,-0.0777523965,1,0.96849197
1999,8,16,-0.97365999,-0.15558,1,0.98601598
1999,8,17,-1.18548,-0.24541999,1,1.21062
1999,8,18,-1.30436,-0.38167,1,1.35906
1999,8,19,-1.38851,-0.70144999,1,1.55564
1999,8,20,-1.27,-0.66614997,1,1.4341
1999,8,21,-1.06978,-0.97779,1,1.4493099
1999,8,22,-0.98233002,-1.48514,2,1.78062
1999,8,23,-0.8556,-1.7845,2,1.97902
1999,8,24,-0.60061997,-1.68814,2,1.79181
1999,8,25,-0.36111999,-1.5302401,2,1.57227
1999,8,26,-0.0844357982,-1.35601,2,1.35864
1999,8,27,0.21476001,-1.06142,3,1.08293
1999,8,28,0.36540401,-0.64322001,3,0.73976398
1999,8,29,0.39434901,-0.22576,4,0.45439899
1999,8,30,0.19799601,0.0804971009,5,0.213734
1999,8,31,0.272605,0.30803999,6,0.411342
1999,9,1,0.239051,0.37026501,6,0.44072801
1999,9,2,-0.0862711966,0.45503199,7,0.46313801
1999,9,3,-0.15665001,0.345902,7,0.37972
1999,9,4,-0.33989999,0.38020101,7,0.50998199
1999,9,5,-0.39455,0.69996703,7,0.80350798
1999,9,6,-0.53215998,0.59200299,7,0.796027
1999,9,7,-0.73505002,0.366211,8,0.82122099
1999,9,8,-0.94910997,0.370285,8,1.01878
1999,9,9,-0.75888997,0.39288101,8,0.85456097
1999,9,10,-0.51836002,0.528732,7,0.74044102
1999,9,11,-0.51170999,0.164322,8,0.537444
1999,9,12,-0.59939998,-0.0149229001,1,0.59958702
1999,9,13,-0.56525999,0.0770853013,8,0.57049203
1999,9,14,-0.69995999,0.102204,8,0.70737797
1999,9,15,-0.57866001,0.0987368003,8,0.58702803
1999,9,16,-0.70972002,-0.0243085995,1,0.710136
1999,9,17,-0.82751,-0.12609001,1,0.83706498
1999,9,18,-0.84979999,-0.25297001,1,0.88665199
1999,9,19,-1.23212,-0.37086001,1,1.28672
1999,9,20,-1.52904,-0.43676999,1,1.5901999
1999,9,21,-1.68223,-0.34389001,1,1.71702
1999,9,22,-1.61385,-0.40847999,1,1.66474
1999,9,23,-1.70944,-0.71775001,1,1.85401
1999,9,24,-1.7418,-0.94409001,1,1.98121
1999,9,25,-1.68033,-1.37493,1,2.17116
1999,9,26,-1.81215,-1.4691499,1,2.33287
1999,9,27,-1.9670399,-1.57278,1,2.5185101
1999,9,28,-1.74295,-1.7451,2,2.4664299
1999,9,29,-1.45783,-2.00402,2,2.4781799
1999,9,30,-1.4222,-1.9388,2,2.4045
1999,10,1,-1.10452,-1.64489,2,1.98132
1999,10,2,-1.07929,-1.64792,2,1.9699
1999,10,3,-1.01485,-1.4581,2,1.77651
1999,10,4,-1.10335,-1.47657,2,1.8432699
1999,10,5,-1.14123,-1.50046,2,1.88515
1999,10,6,-0.94073999,-1.29356,2,1.59947
1999,10,7,-0.62335998,-1.0068901,2,1.18423
1999,10,8,-0.43845999,-1.19313,2,1.27114
1999,10,9,-0.22367001,-0.93853998,2,0.964827
1999,10,10,-0.0482188985,-0.63549,2,0.63731802
1999,10,11,-0.0450617,-0.53381002,2,0.53570402
1999,10,12,-0.0791629031,-0.35014999,2,0.35899201
1999,10,13,-0.11811,-0.42583999,2,0.44191799
1999,10,14,0.0620318986,-0.44767001,3,0.45195201
1999,10,15,0.25365001,-0.70014,3,0.74467498
1999,10,16,0.48877501,-0.84639001,3,0.97738701
1999,10,17,0.420306,-0.96998,3,1.05712
1999,10,18,0.46900201,-0.93757999,3,1.04834
1999,10,19,0.59963,-0.94300002,3,1.1174999
1999,10,20,0.81854397,-0.81287998,4,1.1536
1999,10,21,0.81101501,-0.69334,4,1.06699
1999,10,22,0.76586801,-0.27265999,4,0.81295699
1999,10,23,0.615587,-0.1894,4,0.64406401
1999,10,24,0.693546,-0.26082999,4,0.74097198
1999,10,25,0.84042698,-0.24424,4,0.87519699
1999,10,26,0.978944,-0.0345298983,4,0.97955298
1999,10,27,1.02645,-0.15790001,4,1.03852
1999,10,28,1.18501,-0.2317,4,1.20745
1999,10,29,1.3638901,-0.10689,4,1.36807
1999,10,30,1.54726,-0.0960477963,4,1.55024
1999,10,31,1.78504,0.0756853968,5,1.78664
1999,11,1,1.79246,0.330966,5,1.82275
1999,11,2,1.80311,0.35271099,5,1.83728
1999,11,3,2.0671101,0.777722,5,2.20857
1999,11,4,2.06387,0.994901,5,2.2911501
1999,11,5,1.69732,1.36167,5,2.1760099
1999,11,6,1.37349,1.78368,6,2.25122
1999,11,7,1.32494,2.06039,6,2.44962
1999,11,8,0.997244,2.31989,6,2.5251501
1999,11,9,0.52599901,2.20632,6,2.2681501
1999,11,10,0.27940699,1.9609801,6,1.98079
1999,11,11,0.00590047985,1.88596,6,1.88597
1999,11,12,-0.34467,1.46645,7,1.50641
1999,11,13,-0.50633001,1.54959,7,1.63021
1999,11,14,-0.74694997,1.43022,7,1.61352
1999,11,15,-1.1391,1.12094,8,1.59814
1999,11,16,-1.02496,0.97874397,8,1.41721
1999,11,17,-0.68518001,0.98579299,7,1.20052
1999,11,18,-0.51975,1.00504,7,1.13147
1999,11,19,-0.56296998,0.612858,7,0.83218098
1999,11,20,-0.50054997,0.34688199,8,0.60899502
1999,11,21,-0.57278001,0.0415165015,8,0.57428098
1999,11,22,-0.79049999,-0.19287001,1,0.81369001
1999,11,23,-0.85285997,-0.17502999,1,0.87063098
1999,11,24,-0.47804001,-0.34514001,1,0.58961099
1999,11,25,-0.0342935994,-0.53579998,2,0.53689998
1999,11,26,0.14347599,-0.55405003,3,0.57232201
1999,11,27,0.28003299,-0.4725,3,0.54925001
1999,11,28,0.44180799,-0.46160999,3,0.63896501
1999,11,29,0.66891801,-0.44398999,4,0.80285501
1999,11,30,0.85632998,-0.69467998,4,1.10267
1999,12,1,0.82429302,-0.89866,3,1.21945
1999,12,2,1.04641,-0.81484002,4,1.32625
1999,12,3,0.83423501,-0.68910003,4,1.08204
1999,12,4,0.86409402,-0.56638002,4,1.03317
1999,12,5,1.00673,-0.39081001,4,1.0799201
1999,12,6,1.1892101,-0.33445001,4,1.23534
1999,12,7,1.53842,-0.21142,4,1.55288
1999,12,8,1.58881,-0.0985426977,4,1.59187
1999,12,9,1.37928,-0.0588170998,4,1.38053
1999,12,10,1.4849401,0.16775399,5,1.49439
1999,12,11,1.33626,0.339212,5,1.37865
1999,12,12,1.02241,0.205688,5,1.0429
1999,12,13,1.08759,0.31075299,5,1.13111
1999,12,14,1.17597,0.33485001,5,1.22272
1999,12,15,1.06515,0.46559301,5,1.16247
1999,12,16,1.1080199,0.73909903,5,1.33191
1999,12,17,0.89339602,1.08804,6,1.40783
1999,12,18,0.48329201,0.95637202,6,1.07155
1999,12,19,0.177367,1.21918,6,1.23201
1999,12,20,-0.34671,1.17395,7,1.22408
1999,12,21,-0.75259,1.04142,7,1.2849
1999,12,22,-0.74102002,1.16073,7,1.3771
1999,12,23,-0.55186999,1.40403,7,1.5086
1999,12,24,-0.49107999,1.35396,7,1.4402699
1999,12,25,-0.43072,1.54248,7,1.60149
1999,12,26,-0.34649,1.22378,7,1.27188
1999,12,27,-0.41755,0.85935003,7,0.955423
1999,12,28,-0.42659,0.77538902,7,0.88499099
1999,12,29,-0.26993001,0.65707201,7,0.71035498
1999,12,30,-0.0824320018,0.340684,7,0.35051501
1999,12,31,-0.20637999,0.0334675014,8,0.20908099
2000,1,1,-0.37285,-0.0840061978,1,0.38219899
2000,1,2,-0.41773,-0.1621,1,0.44808
2000,1,3,-0.36623999,-0.32984,1,0.492872
2000,1,4,-0.40184999,-0.42302001,2,0.58345902
2000,1,5,-0.12710001,-0.36484,2,0.38634199
2000,1,6,0.276676,-0.68101001,3,0.73506403
2000,1,7,0.203154,-0.78021002,3,0.80622101
2000,1,8,0.33341199,-0.89385998,3,0.95401597
2000,1,9,0.57543898,-0.53307003,4,0.78440702
2000,1,10,0.76916403,-0.55255002,4,0.94706303
2000,1,11,0.81429398,-0.49347001,4,0.95214701
2000,1,12,0.70478499,-0.22938,4,0.741171
2000,1,13,0.69248199,-0.0534881018,4,0.69454497
2000,1,14,0.70206398,0.116803,5,0.71171403
2000,1,15,0.60045898,0.116814,5,0.61171597
2000,1,16,0.56519902,0.201041,5,0.59988999
2000,1,17,0.373999,0.0448542014,5,0.376679
2000,1,18,0.19339401,0.259532,6,0.323663
2000,1,19,0.247859,0.36841199,6,0.44402799
2000,1,20,0.21994799,0.36657599,6,0.42749801
2000,1,21,-0.0824633986,0.48920101,7,0.49610299
2000,1,22,-0.38856,0.42274699,7,0.57419199
2000,1,23,-0.54753,0.35266399,8,0.651272
2000,1,24,-0.52476001,0.0691694021,8,0.52930099
2000,1,25,-0.47960001,-0.0684892014,1,0.48446301
2000,1,26,-0.46535,-0.41599,1,0.62417501
2000,1,27,-0.51931,-0.33241999,1,0.61659402
2000,1,28,-0.41756001,-0.34966001,1,0.54462802
2000,1,29,-0.32214999,-0.33597001,2,0.465462
2000,1,30,-0.11777,-0.48769,2,0.50170702
2000,1,31,0.0426638015,-0.71082002,3,0.712098
2000,2,1,0.0213062,-0.92569,3,0.92593801
2000,2,2,-0.15384001,-1.0647,2,1.07576
2000,2,3,-0.0292927995,-0.93550998,2,0.93596399
2000,2,4,0.0490410998,-0.91996002,3,0.92126501
2000,2,5,0.52177501,-0.67430001,3,0.85259801
2000,2,6,0.76977497,-0.18401,4,0.791462
2000,2,7,0.96166003,0.00802091975,5,0.96169299
2000,2,8,0.95951802,0.0465663001,5,0.96064699
2000,2,9,0.69440901,0.0650781021,5,0.69745201
2000,2,10,0.48468,0.27237499,5,0.55597001
2000,2,11,0.323434,0.38048601,6,0.49937901
2000,2,12,0.27266401,0.419507,6,0.500332
2000,2,13,0.0461684018,0.229324,6,0.233925
2000,2,14,-0.33241001,-0.33603001,2,0.472664
2000,2,15,-0.46309,-0.72883999,2,0.86352003
2000,2,16,-0.20361,-0.97289002,2,0.99396598
2000,2,17,0.0210432,-1.32205,3,1.32222
2000,2,18,0.0475529991,-1.56469,3,1.56542
2000,2,19,0.813389,-1.3579,3,1.58287
2000,2,20,1.27066,-1.24378,4,1.77808
2000,2,21,1.56162,-0.89191002,4,1.79838
2000,2,22,1.70849,-0.79329002,4,1.88368
2000,2,23,1.69381,-0.87611002,4,1.90698
2000,2,24,1.41141,-0.87689,4,1.66163
2000,2,25,1.1742899,-0.86146998,4,1.4564
2000,2,26,1.1935,-1.08441,4,1.61257
2000,2,27,1.10021,-0.86711001,4,1.40084
2000,2,28,1.03872,-0.83727002,4,1.33415
2000,2,29,1.38696,-0.79188001,4,1.5971
2000,3,1,1.52124,-0.67988002,4,1.66625
2000,3,2,1.47659,-0.56322998,4,1.5803601
2000,3,3,1.43862,-0.61619997,4,1.56504
2000,3,4,1.0821,-0.34542,4,1.1359
2000,3,5,0.92100298,0.0253420006,5,0.92135203
2000,3,6,0.96950197,0.230975,5,0.99663597
2000,3,7,0.99289,0.51226401,5,1.11725
2000,3,8,0.81885499,0.65325999,5,1.04751
2000,3,9,0.51302499,0.487326,5,0.70758802
2000,3,10,0.56343502,0.38675699,5,0.68340302
2000,3,11,0.76536602,0.43818,5,0.88192201
2000,3,12,0.71111602,0.32794899,5,0.783095
2000,3,13,0.701581,0.44093499,5,0.828637
2000,3,14,0.503214,0.35065001,5,0.61333501
2000,3,15,0.35614899,0.455704,6,0.57836699
2000,3,16,0.369757,0.0710937977,5,0.37652999
2000,3,17,0.216269,-0.18399,4,0.28394601
2000,3,18,0.44195399,0.0388241,5,0.443656
2000,3,19,0.144447,0.0388671011,5,0.14958499
2000,3,20,-0.38935,-0.0619678013,1,0.39424801
2000,3,21,-0.79167002,-0.0721720979,1,0.79495603
2000,3,22,-0.85645998,-0.16809,1,0.87280297
2000,3,23,-1.13642,-0.18756001,1,1.1518
2000,3,24,-1.50192,-0.34829,1,1.54178
2000,3,25,-1.53338,-0.47092,1,1.6040601
2000,3,26,-1.12884,-0.74529999,1,1.35268
2000,3,27,-0.81765002,-0.82925999,2,1.16457
2000,3,28,-0.86492997,-0.76567,1,1.15514
2000,3,29,-0.72622001,-0.32435,1,0.795362
2000,3,30,-0.49037001,-0.39710999,1,0.63099802
2000,3,31,-0.25608,-0.50885999,2,0.56966799
2000,4,1,-0.0359130986,-0.75129998,2,0.75216198
2000,4,2,0.136114,-0.85917002,3,0.86988503
2000,4,3,0.413966,-0.59047002,3,0.72112399
2000,4,4,0.85129702,-0.53878999,4,1.00747
2000,4,5,1.07838,-0.55646002,4,1.21349
2000,4,6,1.11479,-0.40281999,4,1.18533
2000,4,7,0.73175299,-0.39037001,4,0.82936698
2000,4,8,0.45353699,-0.13926999,4,0.47443801
2000,4,9,0.364483,-0.0610771999,4,0.36956501
2000,4,10,0.23876201,-0.0879757032,4,0.254455
2000,4,11,0.146688,-0.20551001,3,0.252491
2000,4,12,0.344576,-0.25792,4,0.43041399
2000,4,13,0.46909899,-0.15325999,4,0.49350101
2000,4,14,0.71506798,-0.051931601,4,0.71695203
2000,4,15,1.03065,-0.0583606996,4,1.0323
2000,4,16,1.50328,-0.12723,4,1.50866
2000,4,17,1.66927,0.0386535004,5,1.66971
2000,4,18,1.58689,0.29643101,5,1.6143399
2000,4,19,1.51929,0.52345198,5,1.60693
2000,4,20,1.2132699,0.45667601,5,1.29637
2000,4,21,1.07028,0.43847001,5,1.15661
2000,4,22,0.80633903,0.57876498,5,0.992549
2000,4,23,0.80752498,0.545959,5,0.97476602
2000,4,24,0.50626498,0.519889,6,0.72566402
2000,4,25,0.3996,0.48382699,6,0.62751001
2000,4,26,0.446722,0.76021802,6,0.88175499
2000,4,27,0.56871599,0.741983,6,0.93486702
2000,4,28,0.44303301,0.64950198,6,0.78621298
2000,4,29,0.418625,0.63474399,6,0.76036
2000,4,30,0.53341299,0.87123299,6,1.02156
2000,5,1,0.69574201,1.1194299,6,1.31802
2000,5,2,0.69084102,1.44012,6,1.59725
2000,5,3,0.63306803,1.71187,6,1.8251801
2000,5,4,0.383228,1.65872,6,1.70242
2000,5,5,0.00462837983,1.59267,6,1.59268
2000,5,6,-0.061640501,1.5170701,7,1.51832
2000,5,7,-0.20461001,1.63634,7,1.64908
2000,5,8,-0.25415999,1.52907,7,1.55005
2000,5,9,-0.37211001,1.4075,7,1.45586
2000,5,10,-0.43647999,1.30081,7,1.37208
2000,5,11,-0.32624999,1.26162,7,1.30312
2000,5,12,-0.24586,1.1371,7,1.16338
2000,5,13,-0.051362399,0.99336803,7,0.99469501
2000,5,14,-0.0582569018,0.90891498,7,0.91078001
2000,5,15,-0.0742990002,0.899445,7,0.90250897
2000,5,16,-0.0546646006,0.45969099,7,0.46292901
2000,5,17,-0.16179,0.26250201,7,0.30835801
2000,5,18,-0.28995001,0.235136,8,0.373308
2000,5,19,-0.37015,0.0915286019,8,0.38129899
2000,5,20,-0.49827,-0.0479599014,1,0.50056899
2000,5,21,-0.67128998,0.106648,8,0.67970401
2000,5,22,-0.83021998,0.121391,8,0.83904999
2000,5,23,-0.84429002,0.0150624998,8,0.84442598
2000,5,24,-0.57736999,-0.0378067009,1,0.57860202
2000,5,25,-0.40485001,-0.000584198977,1,0.40485099
2000,5,26,-0.45557001,0.065135099,8,0.460206
2000,5,27,-0.65079999,-0.0215840992,1,0.65116298
2000,5,28,-0.75555998,-0.0153967999,1,0.75571901
2000,5,29,-0.97602999,-0.00978737976,1,0.97608399
2000,5,30,-1.0433,-0.13324,1,1.05177
2000,5,31,-0.71745998,-0.23638999,1,0.75540298
2000,6,1,-0.34755999,-0.64014,2,0.72840297
2000,6,2,-0.35819,-0.49494001,2,0.610955
2000,6,3,-0.55892998,-0.46759,1,0.728728
2000,6,4,-0.43037999,-0.44352001,2,0.61800402
2000,6,5,-0.44108,-0.60038,2,0.74498898
2000,6,6,-0.24668001,-0.68238997,2,0.72561198
2000,6,7,0.0122087002,-0.51729,3,0.51743799
2000,6,8,-0.0262659993,0.00486756023,8,0.0267133005
2000,6,9,0.0533045009,0.452508,6,0.45563701
2000,6,10,-0.10752,0.47598299,7,0.48797601
2000,6,11,-0.12774,0.33845201,7,0.36175701
2000,6,12,-0.24494,0.491548,7,0.549196
2000,6,13,-0.59584999,0.57726699,8,0.82962501
2000,6,14,-0.93199998,0.75995898,8,1.20257
2000,6,15,-1.18278,0.44665799,8,1.2643
2000,6,16,-1.36681,0.340693,8,1.40863
2000,6,17,-1.2864701,0.220515,8,1.30523
2000,6,18,-1.22018,-0.0819232017,1,1.22293
2000,6,19,-1.20533,-0.14735,1,1.2143101
2000,6,20,-1.1224,-0.30502999,1,1.16312
2000,6,21,-0.93554002,-0.54500997,1,1.08271
2000,6,22,-0.6462,-0.43461001,1,0.77875698
2000,6,23,-0.41565001,-0.29971999,1,0.51244003
2000,6,24,-0.0732989982,-0.34740001,2,0.35505199
2000,6,25,0.0971188024,-0.0959959999,4,0.136555
2000,6,26,0.26863801,-0.0291754007,4,0.27021801
2000,6,27,0.28149599,0.0947154015,5,0.29700401
2000,6,28,0.39537001,-0.000353853015,4,0.39537001
2000,6,29,0.53577,-0.0104513997,4,0.53587198
2000,6,30,0.51186103,0.106649,5,0.52285397
2000,7,1,0.193913,0.255126,6,0.32045501
2000,7,2,0.21991999,0.157904,5,0.27073699
2000,7,3,0.46347299,0.42642599,5,0.62979901
2000,7,4,0.78918803,0.58574599,5,0.98281002
2000,7,5,1.0319999,0.54210103,5,1.16571
2000,7,6,1.49784,1.11017,5,1.8644
2000,7,7,1.79861,1.69115,5,2.4688001
2000,7,8,1.719,1.74278,6,2.4479101
2000,7,9,1.75569,1.66667,5,2.42079
2000,7,10,1.22157,1.63228,6,2.03877
2000,7,11,0.64621699,1.59185,6,1.71802
2000,7,12,-0.0041474402,1.72905,7,1.72905
2000,7,13,-0.50168997,1.76301,7,1.83301
2000,7,14,-0.76227999,1.7815599,7,1.93779
2000,7,15,-1.00799,1.5854,7,1.87871
2000,7,16,-1.20869,1.22596,7,1.7216001
2000,7,17,-1.24149,1.05343,8,1.62819
2000,7,18,-1.1439,0.88231403,8,1.44464
2000,7,19,-1.14641,0.72952402,8,1.35884
2000,7,20,-1.31312,0.60487598,8,1.44573
2000,7,21,-1.39961,0.40539199,8,1.45713
2000,7,22,-1.17673,0.223157,8,1.19771
2000,7,23,-1.1639,0.0753208995,8,1.16633
2000,7,24,-1.42305,0.100652,8,1.4266
2000,7,25,-1.49905,0.132652,8,1.50491
2000,7,26,-1.58397,-0.00277375989,1,1.58397
2000,7,27,-1.66151,-0.0604074001,1,1.6626101
2000,7,28,-1.78145,-0.20586,1,1.79331
2000,7,29,-1.964,-0.36423001,1,1.99749
2000,7,30,-2.20101,-0.41934001,1,2.2406001
2000,7,31,-2.05006,-0.47031999,1,2.1033199
2000,8,1,-1.7208101,-0.3475,1,1.75555
2000,8,2,-1.33391,-0.42254999,1,1.39924
2000,8,3,-1.19954,-0.49465999,1,1.2975301
2000,8,4,-1.04714,-0.52107,1,1.1696301
2000,8,5,-0.95323998,-0.57066,1,1.1109999
2000,8,6,-0.87822002,-0.70204002,1,1.1243401
2000,8,7,-0.84573001,-0.88326001,2,1.22287
2000,8,8,-0.84116,-0.84485,2,1.1921901
2000,8,9,-0.47387999,-0.88208002,2,1.00131
2000,8,10,-0.0939425975,-0.80967999,2,0.81510901
2000,8,11,0.118194,-0.91224003,3,0.91986197
2000,8,12,0.438914,-0.70731002,3,0.83243001
2000,8,13,0.70628798,-0.62396997,4,0.942433
2000,8,14,0.898844,-0.17237,4,0.915223
2000,8,15,1.34024,0.141781,5,1.34772
2000,8,16,1.44214,0.0191415008,5,1.44227
2000,8,17,1.4757299,-0.15332,4,1.48368
2000,8,18,1.58696,0.102769,5,1.5902801
2000,8,19,1.93629,0.266036,5,1.9544801
2000,8,20,2.4144199,0.56261802,5,2.4791
2000,8,21,2.3789699,0.75640601,5,2.49633
2000,8,22,2.1707599,1.22504,5,2.4925799
2000,8,23,2.1273,1.2861201,5,2.4858601
2000,8,24,2.1229999,1.47913,5,2.58746
2000,8,25,1.82331,1.56638,5,2.4037499
2000,8,26,1.39586,2.0006199,6,2.43945
2000,8,27,0.97134,1.93699,6,2.1668999
2000,8,28,0.72809201,2.0321701,6,2.1586699
2000,8,29,0.38493499,1.9687999,6,2.0060799
2000,8,30,0.15844101,1.83253,6,1.83937
2000,8,31,-0.32056001,1.32979,7,1.36788
2000,9,1,-0.72951001,1.3078901,7,1.4975801
2000,9,2,-1.11168,0.99699301,8,1.49326
2000,9,3,-1.3172899,0.80742002,8,1.54505
2000,9,4,-1.48932,0.818645,8,1.6994801
2000,9,5,-1.65231,0.85668898,8,1.86119
2000,9,6,-1.49614,0.683366,8,1.64482
2000,9,7,-1.39843,0.53007197,8,1.49552
2000,9,8,-1.45783,0.48383701,8,1.53602
2000,9,9,-1.38535,0.38244101,8,1.43717
2000,9,10,-0.97662002,0.44468299,8,1.07309
2000,9,11,-0.92027998,0.27651,8,0.960922
2000,9,12,-1.03124,0.0303173009,8,1.03169
2000,9,13,-1.24268,-0.23305,1,1.26434
2000,9,14,-1.04679,-0.41795999,1,1.1271501
2000,9,15,-0.82691997,-0.8642,2,1.19609
2000,9,16,-0.81620002,-0.94361001,2,1.24763
2000,9,17,-0.96902001,-0.91965002,1,1.33595
2000,9,18,-1.05872,-0.93629998,1,1.41335
2000,9,19,-1.01205,-1.0633399,2,1.46797
2000,9,20,-0.87652999,-1.07846,2,1.38974
2000,9,21,-0.81476003,-0.84417999,2,1.1732301
2000,9,22,-0.87278998,-0.71077001,1,1.12559
2000,9,23,-0.76727998,-0.66057003,1,1.01246
2000,9,24,-0.45918,-0.70559001,2,0.841847
2000,9,25,-0.47042,-0.50463003,2,0.68989497
2000,9,26,-0.43904001,-0.43061,1,0.614968
2000,9,27,-0.59428,-0.47319999,1,0.75966299
2000,9,28,-0.72920001,-0.86347002,2,1.13018
2000,9,29,-0.64415997,-1.27193,2,1.42575
2000,9,30,-0.85492998,-1.66285,2,1.86975
2000,10,1,-0.54304999,-1.78036,2,1.86134
2000,10,2,-0.30978999,-1.89248,2,1.91767
2000,10,3,0.0214690007,-1.80776,3,1.8078901
2000,10,4,0.24821,-1.6701601,3,1.6885099
2000,10,5,0.733235,-1.5870399,3,1.74824
2000,10,6,1.02852,-1.02343,4,1.45095
2000,10,7,1.32593,-0.23139,4,1.34597
2000,10,8,1.54799,0.358421,5,1.58894
2000,10,9,1.57907,0.82138902,5,1.77992
2000,10,10,1.59568,0.98516798,5,1.8753
2000,10,11,1.40459,1.0676301,5,1.76429
2000,10,12,1.47115,1.08547,5,1.8282501
2000,10,13,1.50938,0.89447099,5,1.75451
2000,10,14,1.57557,0.64124298,5,1.7010601
2000,10,15,1.48289,0.56364,5,1.5864
2000,10,16,1.37398,0.32904699,5,1.41283
2000,10,17,1.50107,0.32060301,5,1.53492
2000,10,18,1.57311,0.166536,5,1.5819
2000,10,19,1.17808,0.136663,5,1.18598
2000,10,20,1.11493,0.56084901,5,1.24804
2000,10,21,1.19751,0.83800203,5,1.4615999
2000,10,22,1.26378,1.18928,5,1.73537
2000,10,23,1.21009,1.16852,5,1.6821899
2000,10,24,1.03778,1.28773,6,1.65385
2000,10,25,0.69500601,1.2564,6,1.43582
2000,10,26,0.70260799,1.24756,6,1.4318
2000,10,27,0.61930603,1.27031,6,1.4132299
2000,10,28,0.65337098,1.16479,6,1.33553
2000,10,29,0.57680601,1.15378,6,1.28993
2000,10,30,0.207544,1.2548,6,1.27185
2000,10,31,0.14545,1.27606,6,1.28433
2000,11,1,0.0578822009,1.13404,6,1.13551
2000,11,2,-0.28654999,1.24032,7,1.27299
2000,11,3,-0.74513,1.39446,7,1.58105
2000,11,4,-0.81401998,1.32198,7,1.5525
2000,11,5,-0.82451999,1.12084,7,1.39144
2000,11,6,-0.75843,0.774629,7,1.0841
2000,11,7,-0.99168998,0.48596999,8,1.10437
2000,11,8,-1.3016,0.322276,8,1.34091
2000,11,9,-1.3352,0.0469091013,8,1.33602
2000,11,10,-1.40929,-0.27774,1,1.4364001
2000,11,11,-1.29628,-0.37498,1,1.34943
2000,11,12,-0.58465999,-0.52790999,1,0.787723
2000,11,13,-0.34265,-0.99348003,2,1.05091
2000,11,14,-0.13887,-1.48834,2,1.49481
2000,11,15,-0.12144,-1.88278,2,1.8867
2000,11,16,-0.0432141013,-2.07709,2,2.0775399
2000,11,17,0.22682799,-2.1396501,3,2.1516399
2000,11,18,0.527987,-2.2239201,3,2.2857299
2000,11,19,0.842529,-1.96559,3,2.13855
2000,11,20,1.12833,-1.85028,3,2.1671801
2000,11,21,1.12406,-1.89439,3,2.20278
2000,11,22,1.2234,-1.69111,3,2.08724
2000,11,23,1.59229,-1.25721,4,2.02878
2000,11,24,1.84644,-0.89708,4,2.05282
2000,11,25,1.68971,-0.50872999,4,1.76463
2000,11,26,1.46378,-0.24833,4,1.48469
2000,11,27,1.52124,0.0316427015,5,1.52156
2000,11,28,1.7678,-0.0675840974,4,1.7690901
2000,11,29,1.81207,-0.0475253016,4,1.81269
2000,11,30,1.7465,0.37687799,5,1.7867
2000,12,1,1.7033401,0.58952099,5,1.80247
2000,12,2,1.51618,0.67147201,5,1.6582201
2000,12,3,1.51445,1.02696,5,1.82981
2000,12,4,1.40053,1.06372,5,1.75868
2000,12,5,1.11506,1.18725,6,1.62878
2000,12,6,0.99150801,1.3667901,6,1.68855
2000,12,7,0.78456801,1.44151,6,1.6411901
2000,12,8,0.71907097,1.3572201,6,1.5359401
2000,12,9,0.34323701,1.39902,6,1.44051
2000,12,10,0.00796263013,1.2091,6,1.20913
2000,12,11,-0.10489,1.24053,7,1.24496
2000,12,12,-0.37806001,1.47533,7,1.523
2000,12,13,-0.95236999,1.3250999,7,1.63184
2000,12,14,-1.06003,1.08816,7,1.51913
2000,12,15,-1.02762,0.711191,8,1.24972
2000,12,16,-1.09183,0.28065801,8,1.1273299
2000,12,17,-1.1517299,0.00542056002,8,1.15174
2000,12,18,-0.74851,-0.22527,1,0.78167802
2000,12,19,-0.52701998,-0.73110002,2,0.90125197
2000,12,20,-0.22694001,-0.88461,2,0.91325301
2000,12,21,0.108644,-0.89157999,3,0.89817297
2000,12,22,0.54766899,-0.83363998,3,0.99744099
2000,12,23,0.554654,-0.61931998,3,0.83138698
2000,12,24,0.73576802,-0.26868001,4,0.78328902
2000,12,25,0.78330302,-0.31200999,4,0.84315801
2000,12,26,0.53612798,-0.53386998,4,0.75660801
2000,12,27,0.136099,-0.57464999,3,0.59054297
2000,12,28,0.0567184985,-0.66189998,3,0.66432703
2000,12,29,0.0792336985,-0.50371999,3,0.509911
2000,12,30,0.108478,-0.36153001,3,0.37745601
2000,12,31,0.0588979982,-0.54894,3,0.552091
2001,1,1,-0.19791,-0.78394002,2,0.80853498
2001,1,2,-0.25161999,-0.81285,2,0.85090399
2001,1,3,-0.20506001,-0.87308002,2,0.89683801
2001,1,4,-0.29493999,-0.97839999,2,1.02189
2001,1,5,-0.25461999,-0.96955001,2,1.0024199
2001,1,6,-0.33726999,-1.0814199,2,1.13279
2001,1,7,-0.33954,-1.31032,2,1.3536
2001,1,8,-0.19859,-1.62123,2,1.63335
2001,1,9,0.0237312,-1.76443,3,1.76459
2001,1,10,0.300937,-1.74224,3,1.7680399
2001,1,11,0.63998598,-1.4816099,3,1.61393
2001,1,12,0.88009,-1.2674,3,1.543
2001,1,13,0.83419102,-1.0570199,3,1.34654
2001,1,14,0.93047202,-1.25227,3,1.56012
2001,1,15,0.64670801,-1.48581,3,1.62045
2001,1,16,0.00431140978,-1.6257,3,1.62571
2001,1,17,-0.6178,-1.4193701,2,1.548
2001,1,18,-0.63686001,-1.55159,2,1.67721
2001,1,19,-0.84201998,-1.7635,2,1.95421
2001,1,20,-0.98861998,-2.1407299,2,2.35799
2001,1,21,-0.47911,-2.4531,2,2.49944
2001,1,22,-0.12884,-2.7440901,2,2.7471099
2001,1,23,0.35650599,-2.8046401,3,2.8272099
2001,1,24,0.67308497,-2.37694,3,2.4704001
2001,1,25,0.83743298,-2.1762099,3,2.3317699
2001,1,26,0.87496001,-2.5290201,3,2.6761
2001,1,27,0.85511601,-2.3048401,3,2.4583499
2001,1,28,0.97572702,-2.34214,3,2.5372601
2001,1,29,0.82595497,-2.2931001,3,2.43732
2001,1,30,0.79951298,-1.85777,3,2.0225101
2001,1,31,0.70839202,-1.70467,3,1.846
2001,2,1,0.80240399,-1.63578,3,1.82198
2001,2,2,1.07772,-1.60909,3,1.9366601
2001,2,3,1.30839,-1.57673,3,2.0488999
2001,2,4,1.5537699,-1.59763,3,2.2286
2001,2,5,1.98131,-1.29019,4,2.3643601
2001,2,6,2.0304301,-1.00073,4,2.2636499
2001,2,7,1.74218,-0.62582999,4,1.85118
2001,2,8,1.77641,-0.17061999,4,1.78458
2001,2,9,2.0462201,0.22635099,5,2.0587001
2001,2,10,2.12444,0.61541998,5,2.2117801
2001,2,11,2.0329199,0.98836201,5,2.2604401
2001,2,12,1.90864,1.48799,5,2.42012
2001,2,13,2.0083499,1.72948,5,2.6503899
2001,2,14,1.64086,2.01683,6,2.6000099
2001,2,15,1.08549,2.2249601,6,2.47563
2001,2,16,0.48750001,2.36849,6,2.4181399
2001,2,17,0.388877,2.41203,6,2.4431801
2001,2,18,0.62234801,2.50632,6,2.5824299
2001,2,19,0.88390499,2.30144,6,2.4653399
2001,2,20,0.73983699,2.1810801,6,2.3031399
2001,2,21,0.77332699,2.3257501,6,2.4509499
2001,2,22,0.44600999,2.4219201,6,2.46264
2001,2,23,0.335592,2.5569301,6,2.57885
2001,2,24,0.19832601,2.46854,6,2.4765
2001,2,25,-0.17211001,2.49933,7,2.50525
2001,2,26,-0.63937998,2.51561,7,2.5955901
2001,2,27,-0.99931002,2.36233,7,2.5650001
2001,2,28,-1.24909,1.9861701,7,2.3462999
2001,3,1,-1.47984,1.65052,7,2.21679
2001,3,2,-1.35748,1.26173,8,1.8533
2001,3,3,-1.24751,1.04302,8,1.62609
2001,3,4,-0.97233999,0.99688601,7,1.39256
2001,3,5,-0.39032999,0.76332998,7,0.85733902
2001,3,6,-0.0326827988,0.72054499,7,0.72128499
2001,3,7,0.148248,0.52408701,6,0.54465002
2001,3,8,0.28195399,0.15927,5,0.32382801
2001,3,9,0.121669,-0.36537001,3,0.38509199
2001,3,10,0.0411447994,-0.58802003,3,0.589463
2001,3,11,0.23327599,-0.50967997,3,0.56053197
2001,3,12,0.43784499,-0.0085303504,4,0.43792799
2001,3,13,0.32841301,0.376995,6,0.49998
2001,3,14,0.0558233,0.57421398,6,0.57692099
2001,3,15,-0.27636001,0.50019097,7,0.57145798
2001,3,16,-0.0570405982,0.30567399,7,0.31095001
2001,3,17,0.0256156996,0.155369,6,0.15746599
2001,3,18,-0.10511,0.13953,7,0.17469101
2001,3,19,-0.32372001,0.14791501,8,0.35591301
2001,3,20,-0.35617,0.153726,8,0.387932
2001,3,21,0.17555501,0.27069601,6,0.32263899
2001,3,22,0.170496,0.13952599,5,0.22031
2001,3,23,0.121575,0.107057,5,0.161993
2001,3,24,0.170717,0.0401923992,5,0.175384
2001,3,25,0.260153,0.13201299,5,0.291731
2001,3,26,0.131079,-0.096968703,4,0.163048
2001,3,27,-0.0187161993,-0.35238001,2,0.35287699
2001,3,28,-0.23917,-0.38299,2,0.45153299
2001,3,29,-0.12413,-0.55299002,2,0.56674999
2001,3,30,-0.28163999,-0.77210999,2,0.82187301
2001,3,31,-0.28650001,-0.72411001,2,0.77872503
2001,4,1,-0.52998,-0.63308001,2,0.82563001
2001,4,2,-0.59353,-0.74184,2,0.95006001
2001,4,3,-0.28582001,-0.67623001,2,0.73415202
2001,4,4,0.0480054989,-0.59021997,3,0.59217203
2001,4,5,0.228209,-0.73189002,3,0.76664001
2001,4,6,0.28166801,-0.56110001,3,0.62782699
2001,4,7,0.51091999,-0.35224,4,0.62057698
2001,4,8,0.62823403,-0.43683001,4,0.76517802
2001,4,9,0.583992,-0.38453001,4,0.69922203
2001,4,10,0.31888199,-0.36186001,3,0.48231301
2001,4,11,-0.0736185014,-0.0738029033,2,0.104243
2001,4,12,-0.30355,0.0054524499,8,0.30360401
2001,4,13,-0.51389998,-0.0828960016,1,0.52054203
2001,4,14,-0.91017997,0.246967,8,0.94309199
2001,4,15,-0.97637999,0.42801899,8,1.06608
2001,4,16,-0.88739997,0.36429101,8,0.959261
2001,4,17,-0.50073999,0.156534,8,0.52463698
2001,4,18,-0.50212002,0.27944201,8,0.57464302
2001,4,19,-0.31342,0.124492,8,0.33724201
2001,4,20,-0.26216,0.112273,8,0.28518799
2001,4,21,0.101319,-0.0331963003,4,0.106619
2001,4,22,0.427239,-0.31501999,4,0.530819
2001,4,23,0.52315998,-0.4711,4,0.704014
2001,4,24,0.51605999,-0.58091998,3,0.77703398
2001,4,25,0.599989,-0.49039999,4,0.77490199
2001,4,26,0.87213701,-0.52572,4,1.01834
2001,4,27,0.89922398,-0.34718001,4,0.96391797
2001,4,28,1.08839,-0.31312001,4,1.13253
2001,4,29,0.98698801,-0.22175001,4,1.01159
2001,4,30,0.874291,-0.00177234004,4,0.87429202
2001,5,1,0.74031299,0.221008,5,0.77259803
2001,5,2,0.731341,0.400794,5,0.83396298
2001,5,3,0.36999699,0.590303,6,0.696675
2001,5,4,0.34537199,0.80033499,6,0.87167603
2001,5,5,0.14493901,0.94896299,6,0.95996797
2001,5,6,-0.0256520007,0.93713301,7,0.93748403
2001,5,7,-0.0526303016,0.99248701,7,0.99388099
2001,5,8,0.179828,1.1838599,6,1.19744
2001,5,9,0.38635501,1.53891,6,1.58667
2001,5,10,0.48385999,1.82101,6,1.88419
2001,5,11,0.58248103,1.78056,6,1.87342
2001,5,12,0.49809599,1.61912,6,1.69401
2001,5,13,0.34362799,1.64215,6,1.67772
2001,5,14,0.0182822999,1.3924,6,1.39252
2001,5,15,-0.27880999,1.16822,7,1.20103
2001,5,16,-0.5575,0.99910301,7,1.14412
2001,5,17,-1.01421,0.97259402,8,1.40519
2001,5,18,-1.47853,1.01283,8,1.79217
2001,5,19,-1.74684,1.26477,8,2.1566401
2001,5,20,-1.95614,1.30663,8,2.3524001
2001,5,21,-2.0573399,1.37193,8,2.47281
2001,5,22,-2.0683,1.13001,8,2.3568599
2001,5,23,-2.0724499,0.95799601,8,2.28315
2001,5,24,-1.74849,0.44043499,8,1.80311
2001,5,25,-1.4536901,-0.36629,1,1.49913
2001,5,26,-1.34921,-0.63704997,1,1.4920501
2001,5,27,-1.42892,-0.7719,1,1.6240799
2001,5,28,-1.40756,-0.75505,1,1.59728
2001,5,29,-1.3185,-0.91053998,1,1.60235
2001,5,30,-1.49701,-0.9824,1,1.79057
2001,5,31,-1.3730201,-0.98765999,1,1.69134
2001,6,1,-1.41968,-1.40291,1,1.99591
2001,6,2,-1.36115,-1.50937,2,2.03247
2001,6,3,-1.06224,-1.31836,2,1.69305
2001,6,4,-0.44088,-1.34874,2,1.41897
2001,6,5,-0.0829161033,-1.28318,2,1.2858599
2001,6,6,-0.0914854035,-1.34708,2,1.35018
2001,6,7,-0.29815,-1.11973,2,1.1587501
2001,6,8,-0.0204486009,-0.88595003,2,0.88618898
2001,6,9,0.15962499,-0.85214001,3,0.86695802
2001,6,10,0.297701,-0.77407998,3,0.82934898
2001,6,11,0.15326799,-0.59233999,3,0.611848
2001,6,12,-0.0392454006,-0.25497001,2,0.257976
2001,6,13,-0.0604443997,0.0482445993,8,0.0773373023
2001,6,14,0.235017,0.131512,5,0.26931101
2001,6,15,0.35719201,0.142141,5,0.384435
2001,6,16,0.29899299,0.108695,5,0.31813699
2001,6,17,0.33602101,0.35506499,6,0.488857
2001,6,18,0.0716933981,0.193418,6,0.206277
2001,6,19,0.0438003987,0.0109107001,5,0.0451388992
2001,6,20,0.221001,-0.10122,4,0.243077
2001,6,21,0.41576001,-0.0706200972,4,0.42171499
2001,6,22,0.43339801,-0.26148,4,0.50616699
2001,6,23,0.195077,-0.16207001,4,0.25361899
2001,6,24,0.40850499,0.0191404,5,0.40895301
2001,6,25,0.56938601,0.37410301,5,0.681288
2001,6,26,0.77253401,0.47532299,5,0.90705103
2001,6,27,0.944251,0.95561701,6,1.34343
2001,6,28,0.99216598,1.06596,6,1.45625
2001,6,29,0.84042299,1.1473,6,1.42219
2001,6,30,0.45528099,1.4940701,6,1.5619
2001,7,1,0.495249,1.55609,6,1.633
2001,7,2,0.64038599,1.95735,6,2.0594399
2001,7,3,0.35501301,2.1301701,6,2.15955
2001,7,4,-0.24617,2.00651,7,2.0215499
2001,7,5,-0.6117,1.57769,7,1.69213
2001,7,6,-0.90812999,1.4304,7,1.69433
2001,7,7,-0.95235002,1.34893,7,1.65124
2001,7,8,-0.76490003,1.1982501,7,1.42158
2001,7,9,-0.70089,1.07621,7,1.28432
2001,7,10,-0.90240997,1.08605,7,1.41204
2001,7,11,-1.01641,0.80382699,8,1.29585
2001,7,12,-1.28715,0.61285901,8,1.4256001
2001,7,13,-1.43985,0.62168801,8,1.56833
2001,7,14,-1.64489,0.42662501,8,1.69932
2001,7,15,-1.6914001,0.180291,8,1.7009799
2001,7,16,-1.78936,-0.1121,1,1.79287
2001,7,17,-1.7630301,-0.0713367984,1,1.76447
2001,7,18,-1.57819,-0.16425,1,1.58671
2001,7,19,-1.28342,-0.11534,1,1.28859
2001,7,20,-1.30284,-0.1399,1,1.31033
2001,7,21,-1.3442,-0.47843999,1,1.42681
2001,7,22,-1.34561,-0.70585001,1,1.5195
2001,7,23,-1.2911299,-0.93314999,1,1.59305
2001,7,24,-1.02178,-1.29059,2,1.6461
2001,7,25,-1.08002,-1.33512,2,1.71726
2001,7,26,-0.91169,-1.11456,2,1.43994
2001,7,27,-0.46577999,-0.92382002,2,1.0346
2001,7,28,-0.27529001,-1.1876301,2,1.21912
2001,7,29,-0.14373,-0.91557997,2,0.92679101
2001,7,30,-0.15121,-0.78130001,2,0.795793
2001,7,31,0.0373856984,-0.47514001,3,0.47660899
2001,8,1,0.210256,-0.44435999,3,0.49158901
2001,8,2,0.56810999,-0.66079003,3,0.87143099
2001,8,3,0.75348997,-0.95436001,3,1.21596
2001,8,4,0.78069901,-0.88999999,3,1.18389
2001,8,5,0.92132503,-0.92964,3,1.30884
2001,8,6,1.27959,-0.69247001,4,1.45495
2001,8,7,1.16354,-0.36043,4,1.2180901
2001,8,8,1.17866,-0.20455,4,1.19628
2001,8,9,1.09544,-0.0253480002,4,1.0957299
2001,8,10,1.12793,0.115104,5,1.13379
2001,8,11,1.3854899,0.36816701,5,1.43357
2001,8,12,1.55292,0.51698703,5,1.6367199
2001,8,13,1.74589,0.81165498,5,1.92533
2001,8,14,1.8112299,1.08953,5,2.1136799
2001,8,15,1.54939,1.42942,5,2.1080501
2001,8,16,1.28229,1.65346,6,2.0924201
2001,8,17,1.1604199,1.68156,6,2.0430901
2001,8,18,0.66014302,2.0418701,6,2.1459301
2001,8,19,0.36837199,1.78587,6,1.82347
2001,8,20,-0.12079,1.64759,7,1.65201
2001,8,21,-0.69936001,1.5796601,7,1.72755
2001,8,22,-0.94926,1.5745699,7,1.83858
2001,8,23,-1.01388,1.5308599,7,1.8361599
2001,8,24,-0.96104002,1.0736099,7,1.44092
2001,8,25,-0.98049003,1.08191,7,1.46009
2001,8,26,-0.62707001,1.02258,7,1.19954
2001,8,27,-0.435,0.78275597,7,0.89550799
2001,8,28,-0.37079,0.78233403,7,0.865753
2001,8,29,-0.2499,0.72247398,7,0.76447302
2001,8,30,-0.13797,0.61195397,7,0.62731498
2001,8,31,0.0637058988,0.50559902,6,0.509597
2001,9,1,-0.12953,0.40976,7,0.429746
2001,9,2,-0.22708,0.423666,7,0.48068699
2001,9,3,-0.49127001,0.34243,8,0.59883797
2001,9,4,-0.68987,0.355037,8,0.77586901
2001,9,5,-0.94964999,0.126298,8,0.95801598
2001,9,6,-1.18653,-0.10794,1,1.19143
2001,9,7,-1.25394,0.0171179995,8,1.25406
2001,9,8,-1.2305501,-0.19564,1,1.2460099
2001,9,9,-1.0,-0.2288,1,1.02584
2001,9,10,-0.82476997,-0.56066,1,0.99728203
2001,9,11,-0.82984,-0.67421001,1,1.0692
2001,9,12,-0.89780998,-0.91583002,2,1.2825
2001,9,13,-0.82450998,-0.98822999,2,1.28702
2001,9,14,-0.94782001,-1.06505,2,1.42573
2001,9,15,-1.10773,-1.0051,1,1.49576
2001,9,16,-1.00801,-1.15707,2,1.53457
2001,9,17,-0.80808997,-1.25729,2,1.49459
2001,9,18,-0.71366,-1.30135,2,1.48419
2001,9,19,-0.36858001,-1.15431,2,1.21173
2001,9,20,-0.24708,-0.92227,2,0.95479602
2001,9,21,-0.21302,-0.99826002,2,1.02074
2001,9,22,-0.36673999,-1.02282,2,1.0865901
2001,9,23,-0.21949001,-1.0570101,2,1.07956
2001,9,24,-0.37053001,-1.03167,2,1.0962
2001,9,25,-0.36579001,-1.06473,2,1.12582
2001,9,26,-0.16869999,-1.5345401,2,1.54379
2001,9,27,-0.10897,-1.7677,2,1.77106
2001,9,28,-0.13031,-1.91251,2,1.91695
2001,9,29,0.0889950991,-1.91494,3,1.9170001
2001,9,30,0.60996503,-1.68117,3,1.7884001
2001,10,1,0.93948001,-1.52012,3,1.78701
2001,10,2,0.96082997,-1.2115099,3,1.54627
2001,10,3,1.3396699,-0.89743,4,1.61248
2001,10,4,1.42445,-0.66565001,4,1.57231
2001,10,5,1.61668,-0.47964999,4,1.68633
2001,10,6,1.70279,-0.0212637,4,1.70293
2001,10,7,1.7029999,0.47030801,5,1.76675
2001,10,8,1.56928,0.90943998,5,1.81376
2001,10,9,1.04413,0.899239,5,1.37798
2001,10,10,0.57030201,1.26642,6,1.3889
2001,10,11,0.212584,1.44425,6,1.45981
2001,10,12,0.000858946994,1.43391,6,1.43391
2001,10,13,-0.16828001,1.41096,7,1.4209599
2001,10,14,-0.24735001,1.26903,7,1.29291
2001,10,15,-0.17416,1.05371,7,1.068
2001,10,16,-0.17607,0.76860398,7,0.788513
2001,10,17,-0.0334220007,0.82365102,7,0.82432902
2001,10,18,0.0207375009,0.75070202,6,0.75098801
2001,10,19,-0.42884001,0.86286801,7,0.963557
2001,10,20,-0.79982001,0.91499799,7,1.21529
2001,10,21,-0.89082003,0.69685298,8,1.131
2001,10,22,-1.01107,0.680906,8,1.2189699
2001,10,23,-1.16116,0.55707598,8,1.28787
2001,10,24,-1.11745,0.78470099,8,1.36545
2001,10,25,-1.04128,0.54289597,8,1.17431
2001,10,26,-1.07424,0.36701301,8,1.13521
2001,10,27,-1.05274,-0.18358,1,1.06863
2001,10,28,-0.98773998,-1.00295,2,1.40767
2001,10,29,-0.95839,-1.57772,2,1.846
2001,10,30,-0.58473998,-1.72486,2,1.82128
2001,10,31,-0.21233,-1.59878,2,1.61282
2001,11,1,0.175835,-1.54614,3,1.55611
2001,11,2,0.37714601,-1.10423,3,1.16686
2001,11,3,0.423908,-0.72042,3,0.835886
2001,11,4,0.413809,-0.88589001,3,0.97777301
2001,11,5,0.47981501,-0.80385,3,0.93615699
2001,11,6,0.45873001,-0.69099998,3,0.82940203
2001,11,7,0.56725699,-0.63243002,3,0.84955901
2001,11,8,0.82757002,-0.59065998,4,1.01674
2001,11,9,0.98064798,-0.51586002,4,1.10806
2001,11,10,1.17926,-0.35453999,4,1.2314
2001,11,11,0.97210699,-0.28575999,4,1.01324
2001,11,12,0.53997999,-0.34281999,4,0.63960999
2001,11,13,0.513363,-0.66430998,3,0.83955401
2001,11,14,0.31241301,-0.77963001,3,0.839899
2001,11,15,0.52138799,-0.70858997,3,0.87974501
2001,11,16,0.72793001,-0.61047,4,0.95002902
2001,11,17,0.988693,-0.45657,4,1.08902
2001,11,18,0.929196,-0.35133001,4,0.99339902
2001,11,19,0.95313299,-0.31189001,4,1.00287
2001,11,20,0.953942,-0.0659969971,4,0.956222
2001,11,21,1.1025,0.36795199,5,1.16228
2001,11,22,0.92470902,0.607171,5,1.10623
2001,11,23,0.626432,0.87160403,6,1.07336
2001,11,24,0.20305,0.87026602,6,0.89363998
2001,11,25,0.000969332992,0.85097301,6,0.85097301
2001,11,26,-0.27779001,0.999322,7,1.03721
2001,11,27,-0.41099,1.1034,7,1.17746
2001,11,28,-0.30203,0.82582301,7,0.87932098
2001,11,29,-0.0569551997,0.641339,7,0.64386302
2001,11,30,0.0657590032,0.300138,6,0.30725801
2001,12,1,0.46206501,0.155706,5,0.48759499
2001,12,2,0.70415002,0.22137401,5,0.73812801
2001,12,3,0.94701803,0.36492401,5,1.0149
2001,12,4,1.40607,0.499805,5,1.49226
2001,12,5,1.5394,0.81189299,5,1.74038
2001,12,6,1.73436,1.09083,5,2.0488801
2001,12,7,1.4906501,1.19458,5,1.9102499
2001,12,8,1.26843,1.33298,6,1.84004
2001,12,9,1.06086,1.62133,6,1.93756
2001,12,10,0.96962398,1.96216,6,2.1886599
2001,12,11,0.53310901,2.2253001,6,2.28827
2001,12,12,-0.13155,1.90014,7,1.90469
2001,12,13,-0.53865999,1.60234,7,1.69045
2001,12,14,-0.76471001,1.39652,7,1.59218
2001,12,15,-0.41066,1.65826,7,1.7083499
2001,12,16,-0.64021999,1.74793,7,1.86149
2001,12,17,-0.75307,1.75353,7,1.9084001
2001,12,18,-1.04063,1.64884,7,1.94976
2001,12,19,-1.31252,1.61691,7,2.0825701
2001,12,20,-1.21667,1.2975301,7,1.77872
2001,12,21,-1.3215899,0.92862099,8,1.61522
2001,12,22,-1.4181499,0.77470702,8,1.61596
2001,12,23,-1.31022,1.00432,8,1.65086
2001,12,24,-1.3016,1.21495,8,1.78052
2001,12,25,-1.2591,1.19575,8,1.73642
2001,12,26,-1.29083,1.44223,7,1.9355299
2001,12,27,-1.38495,1.66176,7,2.1632199
2001,12,28,-1.33354,1.54834,7,2.0434501
2001,12,29,-1.21172,1.29123,7,1.77075
2001,12,30,-0.85452002,1.13816,7,1.4232399
2001,12,31,-0.72587001,1.2358,7,1.43321
2002,1,1,-0.83818001,1.34566,7,1.58535
2002,1,2,-0.84723997,1.11743,7,1.40231
2002,1,3,-0.90908998,0.92368501,7,1.29601
2002,1,4,-0.71458,0.71336198,8,1.00971
2002,1,5,-0.61879998,0.19721401,8,0.649468
2002,1,6,-0.91465998,0.0638760999,8,0.91688597
2002,1,7,-1.0879101,0.166058,8,1.10051
2002,1,8,-1.23525,0.228707,8,1.25625
2002,1,9,-1.3311501,0.0259045009,8,1.3314101
2002,1,10,-1.14323,-0.0484029017,1,1.14426
2002,1,11,-0.95055002,-0.35168999,1,1.01352
2002,1,12,-0.91861999,-0.93344003,2,1.30964
2002,1,13,-1.02359,-1.32429,2,1.67377
2002,1,14,-0.96701002,-1.59121,2,1.86201
2002,1,15,-0.81199002,-1.8413399,2,2.01243
2002,1,16,-0.70622998,-1.64801,2,1.79296
2002,1,17,-0.41036001,-1.72804,2,1.77609
2002,1,18,-0.22596,-2.02916,2,2.0416999
2002,1,19,-0.38981,-2.277,2,2.3101201
2002,1,20,-0.19295,-2.5518,2,2.5590799
2002,1,21,0.298309,-2.7488699,3,2.7650101
2002,1,22,0.55151802,-2.8461299,3,2.89907
2002,1,23,0.735376,-2.81668,3,2.9110899
2002,1,24,1.1566499,-2.5266399,3,2.7788
2002,1,25,1.6408499,-2.0337901,3,2.6131799
2002,1,26,1.69032,-1.2206,4,2.08496
2002,1,27,1.8727601,-0.70543998,4,2.00121
2002,1,28,1.49891,-0.28079,4,1.5249799
2002,1,29,1.07884,0.0893635973,5,1.08253
2002,1,30,0.79615998,0.44438401,5,0.91178298
2002,1,31,0.62818402,0.87768298,6,1.07933
2002,2,1,0.53832102,0.83043998,6,0.98965698
2002,2,2,0.51809001,0.83620799,6,0.98369801
2002,2,3,0.43014199,0.192774,5,0.471365
2002,2,4,0.54268301,0.0837571025,5,0.54910803
2002,2,5,0.62640101,-0.0821740031,4,0.63176799
2002,2,6,0.792467,-0.18117,4,0.812913
2002,2,7,0.98060602,0.12945201,5,0.98911399
2002,2,8,1.17487,0.499093,5,1.27648
2002,2,9,1.0906399,0.61336201,5,1.25128
2002,2,10,1.10241,0.55895603,5,1.23602
2002,2,11,0.90769798,0.572097,5,1.07295
2002,2,12,0.425632,0.56775898,6,0.70958602
2002,2,13,0.078635402,0.38182601,6,0.38984001
2002,2,14,-0.0590055995,0.38730499,7,0.391774
2002,2,15,0.210289,0.14593101,5,0.255963
2002,2,16,0.70766097,0.123183,5,0.71830201
2002,2,17,1.27684,0.21592,5,1.29496
2002,2,18,1.3068,0.31360501,5,1.3439
2002,2,19,1.38313,0.60387701,5,1.50921
2002,2,20,1.1289999,0.744555,5,1.35241
2002,2,21,0.91162401,0.98060203,6,1.33889
2002,2,22,0.25560901,1.48083,6,1.50273
2002,2,23,-0.23222999,1.81767,7,1.83245
2002,2,24,-0.40687999,1.65791,7,1.70711
2002,2,25,-0.62678999,1.5642101,7,1.68512
2002,2,26,-0.79556,1.35374,7,1.5702
2002,2,27,-0.95813,0.94738197,8,1.34742
2002,2,28,-0.81202,0.690925,8,1.06619
2002,3,1,-0.73795003,0.51616198,8,0.90054899
2002,3,2,-0.52517003,0.456193,8,0.695638
2002,3,3,-0.51160002,0.31252399,8,0.59950799
2002,3,4,-0.0670216978,0.215875,7,0.22603901
2002,3,5,0.49224299,-0.14404,4,0.51288497
2002,3,6,0.80448598,-0.36535001,4,0.88356203
2002,3,7,0.81782699,-0.42822,4,0.92315602
2002,3,8,0.50075001,-0.25650001,4,0.56261998
2002,3,9,0.0158830993,-0.0724121034,3,0.0741335973
2002,3,10,-0.0307916999,-0.17219,2,0.17491899
2002,3,11,0.00336576998,-0.69880003,3,0.69880599
2002,3,12,-0.10753,-1.11633,2,1.1215
2002,3,13,0.0529946983,-1.29047,3,1.2915601
2002,3,14,-0.24501,-1.31463,2,1.33726
2002,3,15,-0.22504,-1.46144,2,1.47866
2002,3,16,-0.42385,-1.58946,2,1.64501
2002,3,17,-0.55779999,-1.72293,2,1.8109699
2002,3,18,-0.58513999,-1.75858,2,1.85338
2002,3,19,-0.46546999,-1.95876,2,2.0132999
2002,3,20,-0.19683,-1.83276,2,1.8433
2002,3,21,0.33729801,-1.72671,3,1.7593499
2002,3,22,0.73069602,-1.78815,3,1.93168
2002,3,23,1.10289,-1.83838,3,2.1438301
2002,3,24,0.97273803,-1.65731,3,1.92169
2002,3,25,0.76465303,-1.57454,3,1.7503901
2002,3,26,0.66601503,-1.44609,3,1.59209
2002,3,27,0.96823603,-1.3971699,3,1.69987
2002,3,28,1.3146501,-1.4672101,3,1.97003
2002,3,29,1.54117,-1.16022,4,1.92907
2002,3,30,1.69048,-0.52955002,4,1.77148
2002,3,31,1.21424,-0.34283,4,1.26171
2002,4,1,0.63652599,-0.21459,4,0.67172402
2002,4,2,0.62023598,0.0989105031,5,0.62807298
2002,4,3,0.40736401,0.108581,5,0.42158699
2002,4,4,0.0587509982,0.0187679008,5,0.0616757981
2002,4,5,-0.3064,-0.0142710004,1,0.30673301
2002,4,6,-0.61000001,-0.0826883987,1,0.615583
2002,4,7,-0.82014,-0.20685001,1,0.845819
2002,4,8,-0.76288003,-0.26978001,1,0.80917901
2002,4,9,-0.69966,-0.30537,1,0.76339602
2002,4,10,-0.61083001,-0.51414001,1,0.79840899
2002,4,11,-0.51932001,-0.76784998,2,0.92698002
2002,4,12,-0.40224001,-1.12764,2,1.19723
2002,4,13,-0.0292783007,-1.29462,2,1.29495
2002,4,14,0.24012201,-1.317,3,1.33871
2002,4,15,0.36967799,-1.16398,3,1.22128
2002,4,16,0.287743,-1.04774,3,1.08654
2002,4,17,0.43807799,-0.89745998,3,0.998676
2002,4,18,0.26633999,-0.87563002,3,0.91524202
2002,4,19,0.270942,-0.68336999,3,0.73512697
2002,4,20,0.29280201,-0.43755001,3,0.52648598
2002,4,21,0.334497,-0.48262,3,0.58720398
2002,4,22,0.0745209008,-0.36460999,3,0.37214601
2002,4,23,-0.15854,-0.53701001,2,0.55992699
2002,4,24,-0.0945649967,-0.78605998,2,0.79172403
2002,4,25,-0.18692,-0.82993001,2,0.85071599
2002,4,26,-0.28266001,-0.97113001,2,1.01143
2002,4,27,-0.22518,-1.3816,2,1.39983
2002,4,28,-0.0627667978,-1.56126,2,1.56252
2002,4,29,0.102221,-1.59736,3,1.60063
2002,4,30,0.50621903,-1.7434,3,1.81541
2002,5,1,0.678222,-1.7510999,3,1.8778501
2002,5,2,0.58132499,-2.11762,3,2.19596
2002,5,3,0.55660802,-2.01952,3,2.09482
2002,5,4,0.71018201,-1.7989399,3,1.93405
2002,5,5,1.17155,-1.65263,3,2.0257699
2002,5,6,1.35614,-1.68813,3,2.16538
2002,5,7,1.75251,-1.48914,4,2.2997501
2002,5,8,1.81455,-0.86298001,4,2.00931
2002,5,9,2.21087,-0.22911,4,2.2227099
2002,5,10,2.66345,0.25833601,5,2.6759501
2002,5,11,2.4547901,0.52721202,5,2.5107701
2002,5,12,2.1870999,0.62433398,5,2.2744601
2002,5,13,1.99049,1.17932,5,2.3136201
2002,5,14,1.37481,2.09935,6,2.50945
2002,5,15,0.79099,2.4936399,6,2.6160901
2002,5,16,0.58262002,2.5344801,6,2.60058
2002,5,17,-0.11414,2.69277,7,2.6951799
2002,5,18,-0.90727001,2.8501201,7,2.99104
2002,5,19,-1.26072,2.4878199,7,2.7890301
2002,5,20,-1.50574,2.11445,7,2.5957999
2002,5,21,-1.8863,2.0497899,7,2.78564
2002,5,22,-2.12815,2.0046501,8,2.92363
2002,5,23,-2.2111101,1.71244,8,2.79669
2002,5,24,-2.1932001,1.5123301,8,2.6640699
2002,5,25,-2.1809599,1.2591701,8,2.5183599
2002,5,26,-2.23177,1.242,8,2.55409
2002,5,27,-2.2525001,1.06489,8,2.49154
2002,5,28,-2.1948099,0.80535799,8,2.3378999
2002,5,29,-2.20943,0.67501903,8,2.31024
2002,5,30,-2.0311401,0.54944098,8,2.10414
2002,5,31,-1.78398,0.23407599,8,1.79927
2002,6,1,-1.6904401,-0.0364816003,1,1.69084
2002,6,2,-1.72282,-0.19491,1,1.7338099
2002,6,3,-1.45217,-0.61233002,1,1.57599
2002,6,4,-1.33295,-0.90420002,1,1.61069
2002,6,5,-1.13661,-1.36145,2,1.77354
2002,6,6,-0.95187002,-1.55303,2,1.82153
2002,6,7,-0.75906003,-1.6655999,2,1.83041
2002,6,8,-0.60764998,-1.66098,2,1.76864
2002,6,9,-0.84195,-2.1437099,2,2.3031299
2002,6,10,-0.55282003,-2.25372,2,2.3205299
2002,6,11,-0.62945002,-2.3213301,2,2.40516
2002,6,12,-0.34107,-2.09497,2,2.12255
2002,6,13,0.25050899,-1.99625,3,2.01191
2002,6,14,0.59755099,-1.72383,3,1.82446
2002,6,15,1.19165,-1.6574301,3,2.0413499
2002,6,16,1.51375,-1.2120399,4,1.93919
2002,6,17,1.78974,-0.66530001,4,1.90939
2002,6,18,1.97122,-0.54192001,4,2.0443599
2002,6,19,1.83029,-0.0617005005,4,1.8313299
2002,6,20,1.71267,0.204807,5,1.72487
2002,6,21,1.54462,0.45582899,5,1.6104701
2002,6,22,1.44469,0.72763199,5,1.6175801
2002,6,23,1.15584,0.96733898,5,1.50722
2002,6,24,1.12275,1.31875,6,1.73195
2002,6,25,1.09796,1.36318,6,1.75036
2002,6,26,0.824709,1.69573,6,1.88564
2002,6,27,0.39949,1.70683,6,1.75296
2002,6,28,0.33348799,1.7959501,6,1.82665
2002,6,29,0.55773997,2.05071,6,2.1252
2002,6,30,0.70758802,2.20924,6,2.3197899
2002,7,1,0.65503901,2.3524899,6,2.4419899
2002,7,2,0.55985302,2.6380401,6,2.69679
2002,7,3,0.32738799,2.7156999,6,2.7353599
2002,7,4,0.0542800017,2.78913,6,2.78965
2002,7,5,0.0472656004,2.8930199,6,2.89341
2002,7,6,-0.0893698037,2.92485,7,2.9262199
2002,7,7,-0.10922,2.7056201,7,2.70783
2002,7,8,-0.51196003,2.4642501,7,2.51687
2002,7,9,-0.71934003,2.0639999,7,2.18576
2002,7,10,-0.69041002,1.88037,7,2.0031099
2002,7,11,-0.64103001,1.5198801,7,1.6495399
2002,7,12,-0.93731999,1.61129,7,1.86409
2002,7,13,-1.32777,1.67346,7,2.13622
2002,7,14,-1.62747,1.31643,8,2.09324
2002,7,15,-1.71009,1.22558,8,2.10392
2002,7,16,-1.86508,1.09346,8,2.1619799
2002,7,17,-1.96426,0.798204,8,2.12024
2002,7,18,-1.83886,0.61170501,8,1.93793
2002,7,19,-1.6435699,0.53826201,8,1.72946
2002,7,20,-1.4764301,0.319855,8,1.51068
2002,7,21,-0.92491001,0.27494901,8,0.96491402
2002,7,22,-0.72807002,0.252487,8,0.77060902
2002,7,23,-0.73565,0.342816,8,0.81160498
2002,7,24,-0.48352,0.292795,8,0.56526297
2002,7,25,-0.41582,0.169202,8,0.44893101
2002,7,26,-0.37492999,0.0665142983,8,0.38078699
2002,7,27,-0.59450001,-0.18271001,1,0.62194502
2002,7,28,-0.57890999,-0.48293999,1,0.75390202
2002,7,29,-0.62717003,-0.68043,2,0.92537802
2002,7,30,-0.52323002,-0.83871001,2,0.98853397
2002,7,31,-0.46768001,-0.82774001,2,0.95072502
2002,8,1,-0.42456001,-0.90789998,2,1.00227
2002,8,2,-0.11554,-1.21907,2,1.22453
2002,8,3,0.270493,-1.06735,3,1.10109
2002,8,4,0.431243,-1.031,3,1.11755
2002,8,5,0.40895501,-1.06302,3,1.13897
2002,8,6,0.64663398,-1.00407,3,1.19428
2002,8,7,0.90080702,-0.54084998,4,1.0506999
2002,8,8,1.19507,-0.21853,4,1.21489
2002,8,9,1.3628401,-0.0479248986,4,1.36368
2002,8,10,1.41875,-0.0629500002,4,1.42014
2002,8,11,1.52349,0.0706105977,5,1.52512
2002,8,12,1.68923,0.237205,5,1.70581
2002,8,13,1.86317,0.87275398,5,2.0574501
2002,8,14,1.90554,1.32639,5,2.3217299
2002,8,15,1.4107,1.44732,6,2.02109
2002,8,16,1.09427,1.32213,6,1.71623
2002,8,17,0.72530103,1.2816499,6,1.47264
2002,8,18,0.589477,1.15341,6,1.29532
2002,8,19,0.341001,1.03253,6,1.0873899
2002,8,20,-0.0265715998,1.022,7,1.0223401
2002,8,21,-0.61515999,0.80492902,7,1.01308
2002,8,22,-1.20126,0.91365999,8,1.50924
2002,8,23,-1.53116,0.78014898,8,1.71845
2002,8,24,-1.60976,0.80350602,8,1.79915
2002,8,25,-1.51518,0.81138599,8,1.71876
2002,8,26,-1.46217,0.68393099,8,1.61422
2002,8,27,-1.40888,0.79489201,8,1.61765
2002,8,28,-1.33777,0.78834403,8,1.55277
2002,8,29,-1.1670099,0.598014,8,1.3113101
2002,8,30,-1.00959,0.52337402,8,1.13718
2002,8,31,-0.92892998,0.31932801,8,0.98228699
2002,9,1,-0.68548,0.20958599,8,0.71680099
2002,9,2,-0.59047002,0.234533,8,0.63533902
2002,9,3,-0.49542999,0.25055999,8,0.55518299
2002,9,4,-0.41192999,0.24698199,8,0.480299
2002,9,5,-0.45941001,0.16220599,8,0.48720399
2002,9,6,-0.40066999,-0.14895999,1,0.42746601
2002,9,7,-0.0789802969,-0.61106002,2,0.61614603
2002,9,8,-0.0775168985,-0.61970001,2,0.624529
2002,9,9,0.117371,-0.63466001,3,0.64542103
2002,9,10,0.44123301,-0.41732001,4,0.60732299
2002,9,11,0.49115399,-0.16119,4,0.516927
2002,9,12,0.402217,-0.11499,4,0.418331
2002,9,13,0.31640899,0.201919,5,0.375348
2002,9,14,0.0173758008,0.39272001,6,0.39310399
2002,9,15,-0.11731,0.417041,7,0.433227
2002,9,16,-0.0592909008,0.582335,7,0.58534497
2002,9,17,-0.11276,0.78521699,7,0.79327202
2002,9,18,-0.3919,0.79978698,7,0.89064503
2002,9,19,-0.51668,0.52384299,7,0.73578101
2002,9,20,-0.56345999,0.105348,8,0.57322103
2002,9,21,-0.48725,-0.33476001,1,0.59117001
2002,9,22,-0.52657998,-0.53973001,2,0.754049
2002,9,23,-0.37796,-1.03685,2,1.10359
2002,9,24,-0.43233001,-1.0268199,2,1.11412
2002,9,25,-0.5571,-1.09007,2,1.22418
2002,9,26,-0.70283002,-1.23557,2,1.4214799
2002,9,27,-0.57542002,-1.00852,2,1.1611201
2002,9,28,-0.36116001,-0.82440001,2,0.90004402
2002,9,29,-0.0459806994,-0.67467999,2,0.67624903
2002,9,30,-0.0358738005,-0.59742999,2,0.59850103
2002,10,1,-0.13533001,-0.58124,2,0.596784
2002,10,2,-0.000422657002,-0.70187998,2,0.70187801
2002,10,3,0.31444299,-0.5668,3,0.64817601
2002,10,4,0.55815297,-0.64007002,3,0.84924901
2002,10,5,1.01371,-0.51248997,4,1.13589
2002,10,6,1.23492,-0.15977,4,1.2452101
2002,10,7,1.3304,0.114207,5,1.3353
2002,10,8,1.18787,0.29557601,5,1.2241
2002,10,9,0.96679199,0.25917301,5,1.00093
2002,10,10,0.659675,0.133132,5,0.67297399
2002,10,11,0.593687,0.0794968009,5,0.59898603
2002,10,12,0.60832101,0.0558815002,5,0.61088198
2002,10,13,0.32609901,0.0312415995,5,0.327593
2002,10,14,0.321446,0.21934099,5,0.38915101
2002,10,15,0.25167,0.239255,5,0.34724799
2002,10,16,0.0309120994,0.171544,6,0.174307
2002,10,17,-0.13022999,0.22108801,7,0.25659299
2002,10,18,-0.23416001,0.0145915998,8,0.23461699
2002,10,19,-0.55770999,-0.0778926983,1,0.56312001
2002,10,20,-0.58462,-0.10004,1,0.59311801
2002,10,21,-0.58336997,0.0220242999,8,0.583781
2002,10,22,-0.68023998,0.111308,8,0.689291
2002,10,23,-0.77098,0.182411,8,0.79226398
2002,10,24,-0.80752999,0.0150875999,8,0.80767399
2002,10,25,-0.87098998,-0.26607001,1,0.91072297
2002,10,26,-1.09693,-0.58898997,1,1.24506
2002,10,27,-1.3727601,-0.90472001,1,1.64407
2002,10,28,-1.45619,-1.10511,1,1.82805
2002,10,29,-1.3566999,-1.39925,2,1.94898
2002,10,30,-1.31932,-1.3911,2,1.91723
2002,10,31,-1.10561,-1.44789,2,1.82174
2002,11,1,-1.24124,-1.52084,2,1.96306
2002,11,2,-1.22619,-1.57243,2,1.99402
2002,11,3,-1.09329,-1.87192,2,2.1677999
2002,11,4,-0.88183999,-2.17116,2,2.34341
2002,11,5,-0.48241001,-2.2139699,2,2.2659099
2002,11,6,-0.0513379984,-2.11765,2,2.1182699
2002,11,7,0.112325,-1.98034,3,1.98353
2002,11,8,0.49277401,-2.0011001,3,2.0608799
2002,11,9,0.52003199,-1.98461,3,2.05161
2002,11,10,0.60468602,-1.91319,3,2.00648
2002,11,11,0.52983898,-1.9562,3,2.02668
2002,11,12,0.63007402,-2.1486399,3,2.23912
2002,11,13,0.72670901,-2.0759301,3,2.19945
2002,11,14,0.85487902,-1.91642,3,2.0984399
2002,11,15,0.91334999,-1.9306099,3,2.1357601
2002,11,16,0.99914199,-2.05302,3,2.2832401
2002,11,17,1.11408,-2.08373,3,2.36286
2002,11,18,1.47912,-2.12835,3,2.59184
2002,11,19,1.85212,-1.59784,4,2.44611
2002,11,20,2.1222501,-1.22563,4,2.4507401
2002,11,21,2.2839899,-1.15406,4,2.559
2002,11,22,2.4112301,-0.56410003,4,2.47633
2002,11,23,2.44805,-0.0824086964,4,2.44944
2002,11,24,2.4597499,0.50753403,5,2.51157
2002,11,25,2.0616801,0.91485101,5,2.2555399
2002,11,26,1.86034,1.24941,5,2.2409599
2002,11,27,1.4937299,1.66679,6,2.2381699
2002,11,28,1.08719,1.92364,6,2.20961
2002,11,29,1.12481,2.11079,6,2.3917899
2002,11,30,1.01757,2.1652501,6,2.3924401
2002,12,1,0.72954297,2.0462201,6,2.17238
2002,12,2,0.010671,1.814,6,1.8140301
2002,12,3,-0.34123001,1.53817,7,1.57556
2002,12,4,-0.82362002,1.23443,7,1.48397
2002,12,5,-1.1848,1.02876,8,1.56911
2002,12,6,-1.42101,0.90926403,8,1.6870199
2002,12,7,-1.54391,0.92464602,8,1.79962
2002,12,8,-1.32838,0.40739399,8,1.38945
2002,12,9,-1.1609,0.0778718963,8,1.16351
2002,12,10,-1.05827,-0.16410001,1,1.07092
2002,12,11,-0.81506002,-0.26427999,1,0.85683799
2002,12,12,-0.79601002,-0.47103,1,0.92492902
2002,12,13,-0.97179002,-0.60122001,1,1.14273
2002,12,14,-1.16821,-0.70326,1,1.36356
2002,12,15,-1.35535,-0.90314001,1,1.62869
2002,12,16,-1.6897,-1.16582,1,2.05286
2002,12,17,-1.74738,-1.32594,1,2.1935
2002,12,18,-1.43775,-1.4773099,2,2.06145
2002,12,19,-1.35269,-1.5553,2,2.06124
2002,12,20,-1.03378,-1.7203,2,2.00702
2002,12,21,-0.48954999,-1.92448,2,1.98577
2002,12,22,-0.18551999,-2.1559601,2,2.1639299
2002,12,23,0.29414901,-2.52372,3,2.5408101
2002,12,24,0.65370798,-2.8378699,3,2.91219
2002,12,25,1.02218,-2.6879699,3,2.8757701
2002,12,26,1.4652801,-2.3224001,3,2.7460101
2002,12,27,1.64612,-1.86736,3,2.4893301
2002,12,28,1.8736,-1.40657,4,2.3428199
2002,12,29,1.86075,-1.12502,4,2.1744101
2002,12,30,1.73585,-0.71030003,4,1.87556
2002,12,31,1.41289,-0.36115,4,1.45832
2003,1,1,1.28334,0.0137761002,5,1.28341
2003,1,2,0.97020102,0.15171599,5,0.98199201
2003,1,3,0.743909,0.391745,5,0.84075201
2003,1,4,0.670488,0.43867001,5,0.80124098
2003,1,5,0.485641,0.173382,5,0.51566303
2003,1,6,0.51131701,0.25400299,5,0.57093102
2003,1,7,0.78209102,0.57112098,5,0.96842402
2003,1,8,0.815476,0.71555102,5,1.0849
2003,1,9,0.80391401,0.78214002,5,1.1216201
2003,1,10,0.79108399,0.82305598,6,1.14159
2003,1,11,0.56723601,0.94468099,6,1.1019
2003,1,12,0.158416,1.0121,6,1.02442
2003,1,13,-0.10105,0.97008097,7,0.97532898
2003,1,14,-0.33919001,0.79806602,7,0.867154
2003,1,15,-0.56285,0.80388498,7,0.98133999
2003,1,16,-0.77708,0.78801,7,1.10671
2003,1,17,-0.92597002,0.59046102,8,1.09821
2003,1,18,-0.84653002,0.44548899,8,0.95659602
2003,1,19,-0.86504,0.49258399,8,0.99545401
2003,1,20,-0.33945999,0.316589,8,0.46418199
2003,1,21,-0.28007999,0.42376399,7,0.50795698
2003,1,22,-0.0598414987,0.59071898,7,0.59374201
2003,1,23,0.192587,0.66115999,6,0.68863797
2003,1,24,0.163738,0.77007502,6,0.78728998
2003,1,25,0.00532566011,0.167119,6,0.16720399
2003,1,26,-0.0769253001,-0.00116205995,1,0.0769340992
2003,1,27,-0.1287,-0.30930999,2,0.33501601
2003,1,28,-0.36533001,-0.59337002,2,0.69681799
2003,1,29,-0.38356,-0.7026,2,0.80047601
2003,1,30,-0.11906,-0.92031997,2,0.927984
2003,1,31,-0.20523,-0.72614002,2,0.75458503
2003,2,1,0.151638,-0.82291001,3,0.836766
2003,2,2,0.59983999,-0.58626997,4,0.83876401
2003,2,3,0.74344999,-0.28595999,4,0.79655099
2003,2,4,0.81701797,-0.33394,4,0.88262999
2003,2,5,0.831141,-0.13318001,4,0.84174401
2003,2,6,0.74030501,-0.0687832013,4,0.74349397
2003,2,7,0.19542,-0.0661631972,4,0.20631599
2003,2,8,-0.12483,0.0126189999,8,0.12546401
2003,2,9,-0.31033,-0.12471,1,0.33445001
2003,2,10,-0.55374002,-0.22509,1,0.59773701
2003,2,11,-0.70977998,-0.76911998,2,1.04658
2003,2,12,-0.79940999,-0.85398,2,1.16977
2003,2,13,-0.69259,-0.76776999,2,1.034
2003,2,14,-0.74448001,-0.43403,1,0.86176598
2003,2,15,-0.49228999,-0.22059,1,0.53944701
2003,2,16,-0.35826001,0.0133031998,8,0.35850301
2003,2,17,-0.11514,0.547364,7,0.55934203
2003,2,18,0.36583999,0.312841,5,0.481361
2003,2,19,0.45269901,0.23365299,5,0.50944102
2003,2,20,0.452889,0.0728818998,5,0.45871499
2003,2,21,0.204855,0.39222699,6,0.44250199
2003,2,22,0.0253369994,0.62754703,6,0.62805903
2003,2,23,0.0887626037,0.69286299,6,0.69852602
2003,2,24,0.63442898,0.63885701,6,0.90035403
2003,2,25,0.89491099,0.22673699,5,0.92318797
2003,2,26,0.97832,-0.0637411028,4,0.98039401
2003,2,27,1.01913,-0.10361,4,1.02439
2003,2,28,1.18885,0.119677,5,1.19486
2003,3,1,1.2184209,0.21361104,5,1.237004
2003,3,2,1.0949321,0.65045816,5,1.2735667
2003,3,3,1.1383052,0.77308458,5,1.3760082
2003,3,4,1.2313119,0.77287239,5,1.4537747
2003,3,5,1.0480373,0.84731263,5,1.3477095
2003,3,6,0.7810452,1.0478652,6,1.3069251
2003,3,7,0.70374882,1.0242101,6,1.2426862
2003,3,8,0.82581139,0.97785014,6,1.2799045
2003,3,9,0.56768823,0.97977728,6,1.1323575
2003,3,10,0.56371093,0.9794541,6,1.1300887
2003,3,11,0.41043437,0.71035129,6,0.82039952
2003,3,12,-0.55040663,0.70403284,7,0.8936497
2003,3,13,-1.2483792,0.6754396,8,1.4193906
2003,3,14,-1.812245,0.44569492,8,1.8662465
2003,3,15,-1.9310865,-0.0391345359,1,1.931483
2003,3,16,-2.2202814,-0.331332,1,2.2448676
2003,3,17,-2.2608998,-0.56284767,1,2.3299067
2003,3,18,-1.9939951,-1.043269,1,2.250428
2003,3,19,-1.6323873,-1.061638,1,1.9472451
2003,3,20,-1.4410973,-1.0774698,1,1.7993617
2003,3,21,-1.1865095,-1.2989376,2,1.7592736
2003,3,22,-1.0361545,-1.370657,2,1.7182307
2003,3,23,-0.87310469,-1.3574444,2,1.613991
2003,3,24,-0.55685312,-1.5284315,2,1.6267109
2003,3,25,-0.30123934,-1.4896562,2,1.5198095
2003,3,26,-0.0128670381,-1.203019,2,1.2030878
2003,3,27,0.43965521,-1.0122305,3,1.1035883
2003,3,28,0.59653789,-0.79353601,3,0.99275213
2003,3,29,0.69855726,-0.64905101,4,0.95354569
2003,3,30,1.0464985,-0.143227,4,1.0562543
2003,3,31,1.5035776,0.16574307,5,1.5126852
2003,4,1,1.8777105,0.31342834,5,1.9036895
2003,4,2,1.7943683,0.55799741,5,1.8791271
2003,4,3,1.3296421,0.60728735,5,1.4617612
2003,4,4,1.0722121,0.73343307,5,1.2990623
2003,4,5,0.84358132,0.89558989,6,1.2303295
2003,4,6,0.55713856,1.076921,6,1.2125025
2003,4,7,0.086441882,1.545608,6,1.5480235
2003,4,8,-0.15300471,1.3242563,7,1.3330661
2003,4,9,-0.62642395,0.93694139,7,1.1270609
2003,4,10,-1.0722489,0.87911749,8,1.386566
2003,4,11,-1.3338163,0.51618993,8,1.4302161
2003,4,12,-1.3203095,0.36932635,8,1.3709921
2003,4,13,-1.049809,0.17372984,8,1.0640869
2003,4,14,-0.79113734,-0.24298604,1,0.82761133
2003,4,15,-0.81562817,-0.38360101,1,0.90133178
2003,4,16,-0.93833148,-0.31776708,1,0.99067748
2003,4,17,-0.66823769,-0.22405912,1,0.70480072
2003,4,18,-0.24938153,-0.41702297,2,0.48590052
2003,4,19,0.11252707,-0.58631235,3,0.597013
2003,4,20,0.0685394779,-0.64140105,3,0.64505267
2003,4,21,-0.42336208,-0.72620684,2,0.84060204
2003,4,22,-0.58361,-0.77077192,2,0.96679366
2003,4,23,-0.41493019,-1.0067211,2,1.0888777
2003,4,24,-0.52126503,-0.85648215,2,1.002636
2003,4,25,-0.7236737,-0.8274051,2,1.0992283
2003,4,26,-0.66962212,-0.79583716,2,1.0400724
2003,4,27,-0.5526123,-1.0074545,2,1.1490626
2003,4,28,-0.40195745,-1.1891388,2,1.2552373
2003,4,29,-0.36358908,-1.6902256,2,1.7288897
2003,4,30,-0.20115183,-2.0424399,2,2.0523214
2003,5,1,0.13028464,-1.7729089,3,1.7776896
2003,5,2,0.15074274,-1.4773582,3,1.4850289
2003,5,3,0.21499035,-1.1190315,3,1.1394966
2003,5,4,0.45035252,-0.84063298,3,0.95366722
2003,5,5,0.54008651,-1.2435898,3,1.3558056
2003,5,6,0.58335829,-1.2818317,3,1.4083322
2003,5,7,0.50208116,-1.1704509,3,1.2735937
2003,5,8,0.71213764,-1.1929259,3,1.3893207
2003,5,9,1.2011793,-1.1082906,4,1.6343622
2003,5,10,1.5363237,-0.97750348,4,1.8209348
2003,5,11,1.8596888,-0.84104866,4,2.0410304
2003,5,12,2.1718769,-0.30567402,4,2.1932819
2003,5,13,2.4517148,0.58041418,5,2.5194812
2003,5,14,2.5212197,1.3960986,5,2.8819509
2003,5,15,2.2653463,1.8793249,5,2.943409
2003,5,16,2.0256612,2.2937541,6,3.0601652
2003,5,17,1.5902257,2.2755427,6,2.7761326
2003,5,18,0.93716186,2.2408054,6,2.4288847
2003,5,19,0.41590896,2.5046725,6,2.5389693
2003,5,20,-0.12277144,2.6843889,7,2.6871948
2003,5,21,-0.46018291,3.1423187,7,3.1758361
2003,5,22,-0.46085334,3.3833778,7,3.4146204
2003,5,23,-0.42460096,3.2300668,7,3.2578547
2003,5,24,-0.6381681,2.8662345,7,2.9364192
2003,5,25,-1.247447,2.6859574,7,2.9615016
2003,5,26,-1.6451126,2.5217156,7,3.0108876
2003,5,27,-1.4889934,2.2873223,7,2.7292755
2003,5,28,-1.2107774,1.8668584,7,2.2251163
2003,5,29,-1.1329545,1.5817686,7,1.9456562
2003,5,30,-1.1889057,1.3889656,7,1.8283113
2003,5,31,-1.2650549,1.2962114,7,1.8112228
2003,6,1,-1.4580475,0.93806946,8,1.7337465
2003,6,2,-1.7172085,0.65417433,8,1.8375933
2003,6,3,-1.7615952,0.58946419,8,1.8576022
2003,6,4,-1.9577744,0.60001844,8,2.0476577
2003,6,5,-1.8142006,0.38196883,8,1.8539752
2003,6,6,-1.63829,0.28897503,8,1.6635808
2003,6,7,-1.7193054,0.23018569,8,1.734646
2003,6,8,-1.8840802,0.20836799,8,1.8955673
2003,6,9,-2.0783887,0.0797956437,8,2.0799201
2003,6,10,-2.0101559,-0.20002368,1,2.0200832
2003,6,11,-1.9097544,-0.43602434,1,1.9588975
2003,6,12,-1.8276886,-0.52167815,1,1.9006824
2003,6,13,-1.6959502,-0.37726858,1,1.7374057
2003,6,14,-1.5961685,-0.33024359,1,1.6299739
2003,6,15,-1.7186695,-0.47161308,1,1.782202
2003,6,16,-1.8320819,-0.75573552,1,1.9818326
2003,6,17,-1.9558564,-0.83809531,1,2.1278577
2003,6,18,-1.8285586,-0.87633079,1,2.0277038
2003,6,19,-1.4971644,-0.94514006,1,1.770534
2003,6,20,-1.5205789,-0.98750204,1,1.8130969
2003,6,21,-1.2640221,-1.0999392,1,1.6755948
2003,6,22,-1.202825,-1.2023364,1,1.700706
2003,6,23,-0.92026275,-1.3637444,2,1.6451998
2003,6,24,-0.57494897,-1.1607345,2,1.2953266
2003,6,25,-0.71068168,-0.78101403,2,1.0559599
2003,6,26,-0.85003942,-0.62221098,1,1.0534295
2003,6,27,-0.84736639,-0.381183,1,0.92915565
2003,6,28,-0.57826215,-0.34574568,1,0.67374122
2003,6,29,-0.39504829,-0.75547814,2,0.85253173
2003,6,30,-0.65110993,-1.0027738,2,1.1956167
2003,7,1,-1.0086187,-1.4086564,2,1.7325197
2003,7,2,-1.0067359,-1.5387448,2,1.8388183
2003,7,3,-1.2021166,-1.2069067,2,1.7034401
2003,7,4,-0.92946994,-1.0846833,2,1.428444
2003,7,5,-0.76682651,-0.93872315,2,1.2121155
2003,7,6,-0.71232402,-0.93825561,2,1.1780192
2003,7,7,-0.78106391,-0.96901464,2,1.2446084
2003,7,8,-0.66714233,-1.0583285,2,1.2510548
2003,7,9,-0.5952462,-0.83602929,2,1.026286
2003,7,10,-0.58134377,-0.81896436,2,1.0043223
2003,7,11,-0.21707845,-0.78579706,2,0.81523007
2003,7,12,-0.1345211,-0.6031298,2,0.61794943
2003,7,13,-0.23029606,-0.2582365,2,0.34600919
2003,7,14,-0.24682547,-0.46711645,2,0.52831864
2003,7,15,-0.30936906,-0.51501137,2,0.60078776
2003,7,16,-0.30349076,-0.40752041,2,0.50811374
2003,7,17,0.00186761247,-0.28376672,3,0.28377286
2003,7,18,0.65095872,-0.30279544,4,0.71793616
2003,7,19,1.0069417,-0.36794719,4,1.0720619
2003,7,20,1.149119,-0.40179518,4,1.2173388
2003,7,21,1.2371749,-0.19457605,4,1.2523823
2003,7,22,1.3238012,0.0178115554,5,1.323921
2003,7,23,1.1680342,0.17267305,5,1.1807286
2003,7,24,1.0165888,0.0752399713,5,1.0193692
2003,7,25,0.763331,0.43832701,5,0.88022995
2003,7,26,0.27643192,0.65304756,6,0.70914435
2003,7,27,-0.14251144,0.63375044,7,0.64957613
2003,7,28,-0.23185371,0.79298425,7,0.82618409
2003,7,29,-0.34902254,0.90081304,7,0.96606463
2003,7,30,-0.40740013,0.84521282,7,0.9382748
2003,7,31,-0.38191542,0.59319639,7,0.70550787
2003,8,1,0.0636680275,0.60369635,6,0.6070444
2003,8,2,0.46257076,0.71353137,6,0.85035211
2003,8,3,0.40617159,0.90751332,6,0.99426144
2003,8,4,0.30842543,1.0300059,6,1.0751923
2003,8,5,0.1100167,0.94151157,6,0.94791758
2003,8,6,0.0159810372,0.58800179,6,0.58821893
2003,8,7,-0.1619415,0.27550584,7,0.31957552
2003,8,8,0.0227912031,0.32058743,6,0.32139653
2003,8,9,0.0925242007,0.29257083,6,0.30685243
2003,8,10,0.0999390557,0.2350705,6,0.25543287
2003,8,11,0.29764915,0.00800511707,5,0.29775676
2003,8,12,0.0710837021,-0.20622939,3,0.21813633
2003,8,13,-0.24912162,-0.20966259,1,0.32560709
2003,8,14,-0.39541912,-0.51891017,2,0.65239871
2003,8,15,-0.6152823,-0.38927016,1,0.72808212
2003,8,16,-0.35622829,-0.50254256,2,0.6159932
2003,8,17,-0.11738092,-0.28618014,2,0.30931756
2003,8,18,0.21211204,-0.0098247733,4,0.21233945
2003,8,19,0.69131505,-0.0948590711,4,0.69779277
2003,8,20,0.69762933,-0.27347523,4,0.74931663
2003,8,21,0.74266565,-0.14138508,4,0.75600392
2003,8,22,0.76226008,-0.0888010785,4,0.76741517
2003,8,23,1.1448883,0.0159534663,5,1.1449994
2003,8,24,1.0237093,-0.0878226161,4,1.0274695
2003,8,25,0.70805132,-0.39915204,4,0.81280935
2003,8,26,0.3218613,-0.81890166,3,0.87988335
2003,8,27,-0.0170095265,-0.73306465,2,0.73326194
2003,8,28,-0.0346345678,-0.50714833,2,0.50832957
2003,8,29,-0.3097522,-0.28216439,1,0.41900259
2003,8,30,-0.40542349,-0.10943279,1,0.41993302
2003,8,31,-0.17911825,-0.0305932965,1,0.18171212
2003,9,1,-0.28798667,-0.23547561,1,0.37200147
2003,9,2,-0.28433946,-0.25476238,1,0.38177583
2003,9,3,-0.18430538,-0.14284335,1,0.23317954
2003,9,4,-0.11808789,-0.111824,1,0.16263258
2003,9,5,0.0387780629,-0.19860119,3,0.2023516
2003,9,6,0.43055156,-0.38868299,4,0.58004236
2003,9,7,0.77643979,-0.36116841,4,0.85633016
2003,9,8,1.0714748,-0.22042604,4,1.0939131
2003,9,9,1.1545407,-0.3428348,4,1.204367
2003,9,10,1.1783099,-0.52245736,4,1.2889438
2003,9,11,1.1249661,-0.43576309,4,1.2064154
2003,9,12,0.8503502,-0.31829533,4,0.90796882
2003,9,13,1.0890267,-0.20677195,4,1.1084826
2003,9,14,0.973584,-0.20038271,4,0.99399143
2003,9,15,1.1238335,-0.0588747151,4,1.1253747
2003,9,16,1.1851953,0.0690818429,5,1.187207
2003,9,17,1.1605641,0.14088579,5,1.1690842
2003,9,18,0.99389082,0.10861357,5,0.99980789
2003,9,19,0.80691659,0.20146647,5,0.83168691
2003,9,20,0.54315501,0.33445054,5,0.63786715
2003,9,21,0.0335300006,0.5783816,6,0.57935268
2003,9,22,-0.3931624,0.58956987,7,0.70863909
2003,9,23,-0.4280706,0.70229632,7,0.82247466
2003,9,24,-0.20126566,0.52753258,7,0.5646224
2003,9,25,-0.00489447732,0.45338917,7,0.4534156
2003,9,26,0.38870269,0.21284574,5,0.44316262
2003,9,27,0.61607349,0.0667534247,5,0.61967939
2003,9,28,0.82821798,-0.0516645536,4,0.82982785
2003,9,29,1.1103896,-0.14286436,4,1.1195424
2003,9,30,1.0149961,-0.13692905,4,1.0241907
2003,10,1,0.73566425,0.0926494449,5,0.7414754
2003,10,2,0.5186457,0.22177894,5,0.5640738
2003,10,3,0.41431659,0.11291819,5,0.42942843
2003,10,4,0.23074286,-0.17414892,4,0.28908494
2003,10,5,0.42587185,-0.55450648,3,0.69917399
2003,10,6,0.60847753,-0.81500822,3,1.0170956
2003,10,7,0.63796741,-0.64344633,3,0.90610462
2003,10,8,0.73589551,-0.65111786,4,0.98259687
2003,10,9,1.052985,-0.40430671,4,1.1279367
2003,10,10,1.1061238,-0.16332376,4,1.1181165
2003,10,11,1.0654849,-0.0582970493,4,1.0670786
2003,10,12,1.0341707,0.0357150137,5,1.0347873
2003,10,13,1.0355784,0.30942494,5,1.0808175
2003,10,14,0.87063915,0.5160318,5,1.0120777
2003,10,15,1.0584835,0.66630799,5,1.2507412
2003,10,16,1.2291448,0.88904601,5,1.5169706
2003,10,17,1.2190111,1.0289973,5,1.5952504
2003,10,18,1.2760758,1.0836669,5,1.6741277
2003,10,19,1.1672723,1.148512,5,1.6375606
2003,10,20,1.1266934,1.3052191,6,1.7242491
2003,10,21,0.81040442,1.4311186,6,1.6446446
2003,10,22,0.90678525,1.604419,6,1.8429378
2003,10,23,0.69971591,1.6580769,6,1.7996726
2003,10,24,0.14228247,1.5025911,6,1.5093126
2003,10,25,-0.44256115,1.3642745,7,1.4342612
2003,10,26,-0.8729803,1.129208,7,1.427307
2003,10,27,-1.2898049,0.91160291,8,1.5794355
2003,10,28,-1.3140774,0.75648272,8,1.5162669
2003,10,29,-1.285326,0.65236425,8,1.4414028
2003,10,30,-1.1678661,0.42092577,8,1.2414063
2003,10,31,-0.91571927,0.30665103,8,0.96570009
2003,11,1,-0.60919571,0.14599909,8,0.62644643
2003,11,2,-0.23135206,0.074089624,8,0.24292602
2003,11,3,-0.23506503,-0.0300558768,1,0.23697874
2003,11,4,-0.36287823,-0.21490867,1,0.42174202
2003,11,5,-0.40765783,-0.0914034769,1,0.41777924
2003,11,6,-0.12480869,-0.34209794,2,0.3641541
2003,11,7,-0.000465133955,-0.48275873,2,0.48275897
2003,11,8,0.0746770874,-0.74107832,3,0.74483138
2003,11,9,0.18870053,-0.65891963,3,0.68540716
2003,11,10,0.51396012,-0.41584906,4,0.66112441
2003,11,11,0.68480653,-0.42040291,4,0.80355376
2003,11,12,0.7805317,-0.36203286,4,0.86040545
2003,11,13,0.57543188,-0.10507482,4,0.58494663
2003,11,14,0.6655544,-0.11911391,4,0.67612928
2003,11,15,0.63073999,-0.0805734619,4,0.63586557
2003,11,16,0.50851148,-0.0319405682,4,0.50951362
2003,11,17,0.0521939471,-0.0734488219,3,0.0901051462
2003,11,18,-0.0889280736,0.000402822247,8,0.0889289901
2003,11,19,-0.22937717,-0.10755789,1,0.25334284
2003,11,20,-0.45228258,-0.0580578335,1,0.45599371
2003,11,21,-0.55628616,0.11012954,8,0.5670827
2003,11,22,-0.61558223,0.090097554,8,0.62214071
2003,11,23,-0.72297621,0.13809067,8,0.7360459
2003,11,24,-0.48916581,0.28364831,8,0.5654552
2003,11,25,-0.17874378,0.4520852,7,0.48613822
2003,11,26,-0.0741103217,0.32803562,7,0.336303
2003,11,27,-0.21584591,0.12184774,8,0.24786353
2003,11,28,-0.36579359,-0.15575926,1,0.39757502
2003,11,29,-0.35160446,-0.47314364,2,0.58948332
2003,11,30,-0.34617391,-0.45438555,2,0.57122904
2003,12,1,-0.32386723,-0.54310048,2,0.63233542
2003,12,2,-0.36980364,-0.63487744,2,0.73472726
2003,12,3,-0.23665214,-1.0357929,2,1.0624835
2003,12,4,-0.36589611,-1.3029251,2,1.3533269
2003,12,5,-0.25076953,-1.4373194,2,1.4590312
2003,12,6,-0.15367305,-1.5344367,2,1.5421126
2003,12,7,0.12840056,-1.6001651,3,1.6053084
2003,12,8,0.0789107755,-1.4152964,3,1.4174947
2003,12,9,0.15882385,-1.6522965,3,1.6599123
2003,12,10,0.28393281,-1.7790909,3,1.8016055
2003,12,11,0.79001313,-1.7982693,3,1.964152
2003,12,12,0.89225501,-1.787413,3,1.9977398
2003,12,13,1.1081697,-1.3897772,3,1.7775041
2003,12,14,1.3701249,-1.0667979,4,1.7364619
2003,12,15,1.8376626,-0.54166591,4,1.9158303
2003,12,16,1.9290322,-0.39890388,4,1.9698451
2003,12,17,1.8797617,-0.000449739047,4,1.8797617
2003,12,18,1.7717992,0.31984824,5,1.8004376
2003,12,19,1.990899,0.26712716,5,2.0087397
2003,12,20,1.9997106,0.2640267,5,2.0170653
2003,12,21,1.843044,0.35086682,5,1.8761446
2003,12,22,1.8022587,1.1268051,5,2.1255178
2003,12,23,1.4385922,1.7218231,6,2.2437072
2003,12,24,0.81085229,2.0271654,6,2.1833189
2003,12,25,0.38761383,2.3606837,6,2.3922944
2003,12,26,0.0975867063,2.5134101,6,2.5153039
2003,12,27,-0.13582592,2.3699944,7,2.3738832
2003,12,28,-0.2562947,2.2209702,7,2.2357092
2003,12,29,-0.386509,2.0312028,7,2.0676494
2003,12,30,-0.2667827,1.8241222,7,1.8435278
2003,12,31,0.19099402,1.5983869,6,1.6097575
2004,1,1,0.62051898,1.7258062,6,1.8339714
2004,1,2,0.78280044,1.6482501,6,1.8246931
2004,1,3,0.658351,1.5454512,6,1.679835
2004,1,4,-0.0595382489,1.5944957,7,1.5956068
2004,1,5,-0.46036625,1.9381809,7,1.992105
2004,1,6,-0.76422358,2.0228567,7,2.1624031
2004,1,7,-1.0117716,2.1174176,7,2.3467293
2004,1,8,-1.5580072,2.119257,7,2.6303301
2004,1,9,-1.8645542,2.148278,7,2.8445845
2004,1,10,-2.1146755,1.9813873,8,2.8978868
2004,1,11,-2.3083537,1.7842698,8,2.9175529
2004,1,12,-2.4200227,1.464357,8,2.8285778
2004,1,13,-2.1995883,0.98841828,8,2.4114642
2004,1,14,-2.0386391,0.46940985,8,2.0919836
2004,1,15,-2.1324036,0.20401146,8,2.1421406
2004,1,16,-2.2529168,0.0196823627,8,2.2530026
2004,1,17,-2.1601825,-0.24523953,1,2.1740587
2004,1,18,-1.8632389,-0.39214569,1,1.9040582
2004,1,19,-1.6637548,-0.42094776,1,1.7161809
2004,1,20,-1.9622653,-0.94217736,1,2.1767368
2004,1,21,-1.8385618,-1.4616768,1,2.3487887
2004,1,22,-1.422309,-1.6969731,2,2.2141998
2004,1,23,-0.71698117,-1.8692557,2,2.0020437
2004,1,24,-0.47731775,-1.9670823,2,2.0241652
2004,1,25,-0.40032452,-2.126791,2,2.1641395
2004,1,26,-0.32417136,-2.4783289,2,2.4994402
2004,1,27,0.12250784,-2.5077591,3,2.5107496
2004,1,28,0.52336818,-2.2167971,3,2.277741
2004,1,29,0.88168979,-2.036907,3,2.219542
2004,1,30,1.4236811,-2.0619793,3,2.5057187
2004,1,31,1.5491322,-1.8809633,3,2.4367671
2004,2,1,1.8406681,-1.6956292,4,2.5026422
2004,2,2,1.9353225,-1.3247248,4,2.3452866
2004,2,3,2.1921563,-1.0883516,4,2.4474597
2004,2,4,2.3731418,-1.0625858,4,2.6001711
2004,2,5,2.3818514,-0.855214,4,2.5307326
2004,2,6,2.3431745,-0.57584864,4,2.4128962
2004,2,7,2.4814968,-0.0565770976,4,2.4821417
2004,2,8,2.505723,0.18163235,5,2.5122974
2004,2,9,2.1245437,0.12837002,5,2.1284184
2004,2,10,1.6545459,0.39925957,5,1.7020371
2004,2,11,1.1266012,0.61185569,5,1.2820288
2004,2,12,0.67492884,0.81475323,6,1.0579942
2004,2,13,0.65749818,0.76244605,6,1.0067909
2004,2,14,0.59464127,0.62823546,6,0.86503065
2004,2,15,0.60009754,0.87014931,6,1.0570132
2004,2,16,0.64000678,1.0061377,6,1.1924436
2004,2,17,0.73314136,1.0689244,6,1.296185
2004,2,18,0.5232271,0.84072721,6,0.99024683
2004,2,19,-0.0961701348,0.56816721,7,0.57624882
2004,2,20,-0.70111388,0.61151445,8,0.93032819
2004,2,21,-0.73207372,0.53804928,8,0.90853119
2004,2,22,-0.62948775,0.5603444,8,0.84275782
2004,2,23,-0.1698752,0.55417418,7,0.57962626
2004,2,24,0.20947723,0.59495479,6,0.63075501
2004,2,25,0.36195782,0.49313316,6,0.61171383
2004,2,26,0.87634534,0.48018068,5,0.99927706
2004,2,27,1.419469,0.27083218,5,1.4450753
2004,2,28,1.4642372,0.19661905,5,1.4773793
2004,2,29,1.4227198,0.41115728,5,1.4809395
2004,3,1,1.5143279,0.41806716,5,1.5709771
2004,3,2,1.3570976,0.21122,5,1.3734366
2004,3,3,1.2233477,-0.11032039,4,1.2283119
2004,3,4,0.86365622,-0.37226823,4,0.94047099
2004,3,5,0.53366327,-0.68763143,3,0.87042141
2004,3,6,0.75457466,-0.8854838,3,1.1633849
2004,3,7,0.65555716,-1.0476696,3,1.2358669
2004,3,8,0.6649875,-1.2147106,3,1.3848214
2004,3,9,0.93596292,-1.0547824,3,1.4101746
2004,3,10,1.4173512,-0.8809852,4,1.6688378
2004,3,11,1.7118479,-0.9531461,4,1.9593139
2004,3,12,2.0243595,-0.68076485,4,2.1357603
2004,3,13,2.2192516,-0.50793624,4,2.2766373
2004,3,14,2.2859879,-0.5544697,4,2.3522706
2004,3,15,2.3462825,-0.17562683,4,2.3528464
2004,3,16,2.3682766,0.45951954,5,2.4124453
2004,3,17,2.5220394,1.1218675,5,2.7603025
2004,3,18,2.3956435,1.4855239,5,2.8188453
2004,3,19,2.2094717,1.842252,5,2.8767443
2004,3,20,2.0989115,2.091861,5,2.9633279
2004,3,21,1.8647598,2.2819533,6,2.9469714
2004,3,22,1.4888129,2.4812095,6,2.8936076
2004,3,23,1.150223,2.9643848,6,3.1797156
2004,3,24,0.59508204,3.0773709,6,3.1343796
2004,3,25,0.0513175912,2.8828909,6,2.8833475
2004,3,26,-0.70122147,2.566025,7,2.6601121
2004,3,27,-1.2702515,2.3247521,7,2.649153
2004,3,28,-1.5410117,2.03457,7,2.5522914
2004,3,29,-1.8110243,1.3946319,8,2.2857835
2004,3,30,-2.0313826,1.1592486,8,2.3388827
2004,3,31,-2.0681815,0.74819666,8,2.1993575
2004,4,1,-1.926266,0.0950749889,8,1.9286108
2004,4,2,-1.6243709,-0.30185509,1,1.6521796
2004,4,3,-1.3172052,-0.5670383,1,1.4340718
2004,4,4,-1.0374693,-0.31759763,1,1.0849934
2004,4,5,-0.78722483,-0.29451668,1,0.84051353
2004,4,6,-0.500471,-0.56556708,2,0.75520676
2004,4,7,-0.24584453,-0.53701484,2,0.59061366
2004,4,8,-0.0883043259,-0.24511537,2,0.26053637
2004,4,9,-0.32787156,0.22485006,8,0.39756423
2004,4,10,-0.6247766,0.63369316,7,0.88989484
2004,4,11,-0.86420381,0.90994316,7,1.2549282
2004,4,12,-0.72785127,0.84230798,7,1.1132162
2004,4,13,-0.79541951,1.0817369,7,1.3427014
2004,4,14,-0.93275249,1.2979147,7,1.5983146
2004,4,15,-0.82679361,1.3220125,7,1.5592642
2004,4,16,-0.82489866,0.90683907,7,1.2258935
2004,4,17,-0.4877198,0.5107255,7,0.70619482
2004,4,18,-0.19631498,-0.0454889424,1,0.20151629
2004,4,19,-0.44709781,-0.41035408,1,0.60686648
2004,4,20,-0.81122512,-0.77417845,1,1.1213557
2004,4,21,-0.89490128,-0.97002327,2,1.3197702
2004,4,22,-0.93240464,-1.3090696,2,1.6071844
2004,4,23,-1.084895,-1.4789293,2,1.8341835
2004,4,24,-0.97433782,-1.4937307,2,1.783414
2004,4,25,-1.0087246,-1.5590545,2,1.8569266
2004,4,26,-0.57261992,-1.7082012,2,1.8016229
2004,4,27,-0.12260453,-1.6968797,2,1.7013032
2004,4,28,0.4480449,-1.7798228,3,1.835351
2004,4,29,0.83766413,-1.8895139,3,2.0668681
2004,4,30,1.0158057,-2.0095594,3,2.2517083
2004,5,1,1.0214816,-2.0317707,3,2.274097
2004,5,2,1.0515399,-2.031513,3,2.2875273
2004,5,3,1.1176686,-2.1478541,3,2.4212518
2004,5,4,0.92234135,-2.2215466,3,2.405407
2004,5,5,1.0404459,-2.2752349,3,2.5018437
2004,5,6,1.2282717,-1.8050716,3,2.1833313
2004,5,7,1.7453624,-1.2364165,4,2.1389287
2004,5,8,1.893693,-0.66653556,4,2.0075715
2004,5,9,1.789905,-0.28573161,4,1.8125678
2004,5,10,1.6939797,-0.0493992493,4,1.6946999
2004,5,11,1.7553934,0.19321443,5,1.7659948
2004,5,12,1.7530659,0.43643114,5,1.8065748
2004,5,13,1.3861642,0.45708644,5,1.4595819
2004,5,14,0.68691301,0.82691938,6,1.0750093
2004,5,15,0.34632504,1.0871803,6,1.1410092
2004,5,16,0.0342029668,0.93722159,6,0.93784547
2004,5,17,-0.3742702,0.78189361,7,0.86685395
2004,5,18,-0.80998456,0.47490457,8,0.93894053
2004,5,19,-0.65987122,0.20008489,8,0.68953896
2004,5,20,-0.5946582,0.24868244,8,0.6445629
2004,5,21,-0.46441513,0.16034961,8,0.49131805
2004,5,22,-0.55382335,-0.21810159,1,0.59522146
2004,5,23,-0.42737678,-0.35099837,1,0.55303776
2004,5,24,-0.67840773,-0.29980844,1,0.7417022
2004,5,25,-1.1146749,-0.46071443,1,1.2061335
2004,5,26,-1.3174946,-0.69855469,1,1.4912313
2004,5,27,-1.2811545,-0.93025839,1,1.583268
2004,5,28,-1.2550436,-1.0871254,1,1.6604145
2004,5,29,-0.91015768,-1.1033108,2,1.4302734
2004,5,30,-0.50925112,-0.98154807,2,1.1057909
2004,5,31,-0.12217322,-0.66433531,2,0.6754759
2004,6,1,-0.15745907,-0.31935012,2,0.35605878
2004,6,2,-0.089063108,-0.29829502,2,0.31130719
2004,6,3,-0.12866293,-0.24763982,2,0.27906922
2004,6,4,-0.42839852,-0.1425676,1,0.45149842
2004,6,5,-0.59184259,-0.37252817,1,0.69932461
2004,6,6,-0.54674393,-0.22239824,1,0.5902456
2004,6,7,-0.44374683,-0.29898524,1,0.53507328
2004,6,8,-0.35773137,-0.35283211,1,0.50245619
2004,6,9,-0.20064555,-0.37454748,2,0.42490524
2004,6,10,0.12372672,-0.21456183,3,0.2476794
2004,6,11,0.0948310867,-0.30687192,3,0.32119045
2004,6,12,0.25842997,-0.50845563,3,0.57036233
2004,6,13,0.46361274,-0.31133386,4,0.55844921
2004,6,14,0.71600175,-0.0903765038,4,0.72168303
2004,6,15,0.41677678,0.43015802,6,0.59894806
2004,6,16,0.10139566,0.64011073,6,0.64809167
2004,6,17,-0.0683069602,0.90755981,7,0.91012669
2004,6,18,0.0778695866,1.4178257,6,1.4199625
2004,6,19,0.18600529,1.5089599,6,1.5203809
2004,6,20,0.30491525,1.3041073,6,1.3392794
2004,6,21,0.12982306,1.0682808,6,1.0761403
2004,6,22,-0.074472554,1.2868958,7,1.2890488
2004,6,23,-0.41209471,1.3571799,7,1.418365
2004,6,24,-0.48171055,1.5528865,7,1.6258848
2004,6,25,-0.31719202,1.7167717,7,1.7458282
2004,6,26,-0.4490248,1.6970054,7,1.755406
2004,6,27,-0.64547312,1.9327942,7,2.0377264
2004,6,28,-0.65249842,2.2062013,7,2.3006692
2004,6,29,-0.91954714,2.1346219,7,2.3242586
2004,6,30,-1.2642058,1.5325738,7,1.9867055
2004,7,1,-1.5291523,1.0271326,8,1.8420935
2004,7,2,-1.7595489,0.67400038,8,1.8842211
2004,7,3,-2.1106379,0.25064465,8,2.1254683
2004,7,4,-2.2071202,0.0170021988,8,2.2071855
2004,7,5,-2.5848653,0.0560890697,8,2.5854738
2004,7,6,-2.6699367,-0.26248088,1,2.6828079
2004,7,7,-2.7230477,-0.6505124,1,2.7996705
2004,7,8,-2.545532,-0.73493195,1,2.6495013
2004,7,9,-2.4240506,-0.63401079,1,2.5055921
2004,7,10,-2.3811018,-0.7311607,1,2.4908316
2004,7,11,-2.0964553,-0.8333053,1,2.2559972
2004,7,12,-1.925796,-0.86681157,1,2.1118836
2004,7,13,-2.0342081,-0.92023301,1,2.2326736
2004,7,14,-1.7917888,-1.0633171,1,2.0835428
2004,7,15,-1.6476411,-1.1551974,1,2.0122628
2004,7,16,-1.5723878,-0.91921788,1,1.8213636
2004,7,17,-1.2993668,-0.76554853,1,1.5081177
2004,7,18,-1.1492281,-0.59436506,1,1.2938296
2004,7,19,-1.1314361,-0.52991968,1,1.2493849
2004,7,20,-1.0119596,-0.35149968,1,1.0712676
2004,7,21,-1.0307417,-0.43820634,1,1.1200238
2004,7,22,-1.0471088,-0.44790009,1,1.1388816
2004,7,23,-0.99816877,-0.63656694,1,1.1838744
2004,7,24,-0.79347759,-0.62541366,1,1.0103211
2004,7,25,-0.36722514,-0.41577858,2,0.55473071
2004,7,26,-0.22552162,-0.576249,2,0.61880761
2004,7,27,-0.15760756,-0.69945508,2,0.71699202
2004,7,28,0.0490409508,-0.84235787,3,0.84378421
2004,7,29,0.11012623,-0.53038436,3,0.54169673
2004,7,30,0.33729529,-0.0186216701,4,0.33780894
2004,7,31,0.31638756,0.34469405,6,0.46788362
2004,8,1,0.27238342,0.5650847,6,0.62730652
2004,8,2,0.44354242,0.82200646,6,0.93403667
2004,8,3,0.82621676,0.99472195,6,1.2930993
2004,8,4,0.82556552,1.1050717,6,1.3793991
2004,8,5,1.0576646,1.3658459,6,1.7274806
2004,8,6,1.056266,1.2622533,6,1.6458982
2004,8,7,1.1241542,1.0378467,5,1.5299832
2004,8,8,0.88145828,0.98430258,6,1.3212949
2004,8,9,0.61991364,0.93246996,6,1.119729
2004,8,10,0.71692187,1.0829023,6,1.2987126
2004,8,11,0.54393619,1.1468291,6,1.2692847
2004,8,12,0.24363384,1.2992548,6,1.3219004
2004,8,13,0.20061687,1.6560177,6,1.6681252
2004,8,14,0.28956333,1.7425675,6,1.7664621
2004,8,15,0.17233086,1.5855092,6,1.5948471
2004,8,16,-0.00224427949,1.19057,7,1.190572
2004,8,17,-0.2373313,0.89607853,7,0.92697513
2004,8,18,-0.4312512,0.9249267,7,1.0205228
2004,8,19,-0.53221899,1.0886906,7,1.2118187
2004,8,20,-0.81465375,0.96493828,7,1.2628407
2004,8,21,-1.0928421,0.71641499,8,1.3067342
2004,8,22,-1.3756924,0.60404474,8,1.5024645
2004,8,23,-1.5214859,0.34317046,8,1.5597068
2004,8,24,-1.320749,0.26618755,8,1.3473061
2004,8,25,-1.1759242,0.0980193391,8,1.1800023
2004,8,26,-1.0643191,0.0930844545,8,1.0683819
2004,8,27,-0.99259806,0.0275323931,8,0.99297982
2004,8,28,-1.0355756,0.0387372151,8,1.0362999
2004,8,29,-0.92563248,0.0353102945,8,0.92630571
2004,8,30,-0.8343398,0.0781559497,8,0.83799237
2004,8,31,-0.78150868,-0.29029202,1,0.83368176
2004,9,1,-0.84412432,-0.41355485,1,0.93998587
2004,9,2,-0.8894493,-0.53326309,1,1.0370581
2004,9,3,-1.1056203,-0.65694314,1,1.2860678
2004,9,4,-1.0958248,-0.66499764,1,1.2818167
2004,9,5,-0.87712181,-0.93188137,2,1.2797444
2004,9,6,-0.85987496,-1.0101645,2,1.3265811
2004,9,7,-0.70700294,-0.71242654,2,1.0036955
2004,9,8,-0.62640983,-0.62006944,1,0.88140535
2004,9,9,-0.63898027,-0.68436533,2,0.93629676
2004,9,10,-0.4191013,-1.0671855,2,1.1465299
2004,9,11,-0.44437745,-1.373104,2,1.4432206
2004,9,12,-0.46896806,-1.4701636,2,1.5431501
2004,9,13,-0.53157192,-1.6230991,2,1.7079284
2004,9,14,-0.64874256,-1.5696474,2,1.6984286
2004,9,15,-0.70729595,-1.5230908,2,1.6793073
2004,9,16,-0.83239627,-1.3602444,2,1.5947251
2004,9,17,-0.79581875,-1.2452202,2,1.4778028
2004,9,18,-0.72312558,-1.3772986,2,1.5555906
2004,9,19,-0.75574827,-1.7225349,2,1.8810321
2004,9,20,-0.78569156,-1.8693621,2,2.0277638
2004,9,21,-0.68607557,-1.9347503,2,2.0527928
2004,9,22,-0.4951506,-1.8057836,2,1.8724393
2004,9,23,-0.13899286,-1.8105556,2,1.8158828
2004,9,24,0.0462741815,-1.753574,3,1.7541844
2004,9,25,0.0589223988,-1.6256913,3,1.6267587
2004,9,26,0.16381407,-1.5228155,3,1.5316011
2004,9,27,0.3932195,-1.1417135,3,1.2075311
2004,9,28,0.74364591,-1.0011901,3,1.247153
2004,9,29,0.77424127,-0.85623729,3,1.1543794
2004,9,30,1.0182787,-0.56138295,4,1.1627736
2004,10,1,1.3127294,-0.31910166,4,1.3509568
2004,10,2,1.5548882,-0.24210793,4,1.5736244
2004,10,3,1.701677,-0.1881346,4,1.7120453
2004,10,4,1.5377748,0.34788337,5,1.5766338
2004,10,5,1.4659629,0.50468785,5,1.5504054
2004,10,6,1.4243473,0.78723258,5,1.6274214
2004,10,7,1.4610568,0.81929487,5,1.6750914
2004,10,8,1.3380362,0.86016327,5,1.590667
2004,10,9,1.0327536,0.78746605,5,1.2987235
2004,10,10,0.75145036,0.73928368,5,1.0541432
2004,10,11,0.36274701,0.64016151,6,0.73579353
2004,10,12,0.30828479,0.64803737,6,0.71762937
2004,10,13,0.33844507,0.78857207,6,0.85813224
2004,10,14,0.23019013,1.0830045,6,1.1071974
2004,10,15,0.0491581187,1.4924891,6,1.4932985
2004,10,16,-0.50997061,1.5334203,7,1.6159976
2004,10,17,-0.89397454,1.0681945,7,1.3929213
2004,10,18,-1.3345075,0.86756343,8,1.5917212
2004,10,19,-1.7319198,0.51440805,8,1.806699
2004,10,20,-1.8162996,0.30725542,8,1.8421048
2004,10,21,-2.0089822,-0.11512014,1,2.0122778
2004,10,22,-1.8741904,-0.61058414,1,1.9711425
2004,10,23,-1.5718745,-1.0557469,1,1.8935128
2004,10,24,-1.4775209,-1.1410885,1,1.8668559
2004,10,25,-1.4773906,-1.2561508,1,1.9392262
2004,10,26,-1.2363579,-1.4379168,2,1.8963611
2004,10,27,-0.91521043,-1.5330139,2,1.7854248
2004,10,28,-0.6660524,-1.7380804,2,1.8613299
2004,10,29,-0.32193142,-1.6168737,2,1.6486117
2004,10,30,0.18712527,-1.5491667,3,1.5604272
2004,10,31,0.4110727,-1.3228498,3,1.3852481
2004,11,1,0.34919503,-1.2888666,3,1.335333
2004,11,2,0.13353547,-1.1527098,3,1.1604187
2004,11,3,0.22716077,-0.82354754,3,0.85430241
2004,11,4,0.33636716,-0.46624771,3,0.5749172
2004,11,5,0.26904765,-0.28650856,3,0.39303154
2004,11,6,0.0273825265,-0.35060126,3,0.35166895
2004,11,7,-0.0950761065,-0.34114566,2,0.35414663
2004,11,8,-0.17892662,-0.23197757,2,0.29296473
2004,11,9,-0.27655503,0.0908650011,8,0.29109988
2004,11,10,-0.25073555,0.38645989,7,0.46067294
2004,11,11,-0.2089764,0.38588902,7,0.43884104
2004,11,12,-0.36096126,0.38152441,7,0.52521795
2004,11,13,-0.16606688,0.36257422,7,0.39879602
2004,11,14,0.22038974,0.34899104,6,0.41275463
2004,11,15,0.44884405,0.16591054,5,0.47852615
2004,11,16,0.46121064,0.0222721677,5,0.46174809
2004,11,17,0.36573365,-0.0581263825,4,0.3703239
2004,11,18,0.0889939368,-0.0575582013,4,0.10598522
2004,11,19,-0.0302100964,-0.17284793,2,0.1754681
2004,11,20,0.0363719985,-0.45675498,3,0.45820087
2004,11,21,0.0129065681,-0.54210788,3,0.54226148
2004,11,22,-0.15917744,-0.46511036,2,0.49159446
2004,11,23,-0.42572346,-0.51479006,2,0.66801894
2004,11,24,-0.26307827,-0.61947799,2,0.67302537
2004,11,25,0.0618279837,-0.77221996,3,0.7746911
2004,11,26,0.16248952,-0.72950071,3,0.74737817
2004,11,27,0.33936742,-0.72283828,3,0.79853958
2004,11,28,0.43793234,-0.43795022,3,0.61934251
2004,11,29,0.53905624,-0.35490265,4,0.64539719
2004,11,30,0.85273373,-0.30595672,4,0.90596044
2004,12,1,0.85228997,0.00161910988,5,0.85229152
2004,12,2,0.87313694,0.48363125,5,0.99813187
2004,12,3,0.66860658,0.71293193,6,0.97739792
2004,12,4,0.36270404,0.73038429,6,0.81548482
2004,12,5,0.39293265,0.55041051,6,0.67627496
2004,12,6,0.38343105,0.45268315,6,0.59324652
2004,12,7,0.0811884627,0.58738101,6,0.59296542
2004,12,8,0.28630534,0.76489389,6,0.81672114
2004,12,9,0.41205642,0.60969412,6,0.73587871
2004,12,10,0.18596669,0.39232486,6,0.43416864
2004,12,11,-0.11271799,0.24751534,7,0.27197278
2004,12,12,-0.18222705,0.34495643,7,0.39013028
2004,12,13,0.0931761041,0.51004285,6,0.51848382
2004,12,14,0.32198229,0.30316368,5,0.44224519
2004,12,15,0.5131712,0.14472686,5,0.53318906
2004,12,16,0.18666328,-0.13114771,4,0.22812913
2004,12,17,0.29049569,-0.3181276,3,0.43080497
2004,12,18,0.35753697,-0.35614818,4,0.50465256
2004,12,19,0.37403557,-0.27399921,4,0.46365738
2004,12,20,0.48449665,-0.20554644,4,0.52629495
2004,12,21,0.40839738,-0.32430273,4,0.5214985
2004,12,22,0.14936134,-0.40438917,3,0.43109095
2004,12,23,-0.3986358,-0.54229677,2,0.67304999
2004,12,24,-0.79985601,-0.64516759,1,1.0276239
2004,12,25,-0.77731049,-0.81797451,2,1.1284033
2004,12,26,-0.36400813,-1.0735532,2,1.1335865
2004,12,27,-0.0628059804,-1.1201,2,1.1218594
2004,12,28,0.16999531,-0.9850589,3,0.99961966
2004,12,29,0.38306016,-0.88943696,3,0.96841788
2004,12,30,0.73139149,-1.0424404,3,1.2734267
2004,12,31,0.75453323,-0.96022958,3,1.221213
2005,1,1,1.047539,-0.96249974,4,1.4225835
2005,1,2,1.3448195,-0.75978565,4,1.544608
2005,1,3,1.5720671,-0.73521203,4,1.7354918
2005,1,4,1.988221,-0.62680346,4,2.0846834
2005,1,5,1.9178704,-0.4654437,4,1.9735411
2005,1,6,1.5967387,-0.13505195,4,1.6024399
2005,1,7,1.4658774,0.33062014,5,1.5026996
2005,1,8,1.3461381,0.92081755,5,1.6309484
2005,1,9,1.1556287,1.3385259,6,1.7683691
2005,1,10,0.83032352,1.2865937,6,1.5312611
2005,1,11,0.45971271,1.187138,6,1.2730405
2005,1,12,0.46116382,1.0408286,6,1.1384183
2005,1,13,0.5070138,0.87506455,6,1.0113362
2005,1,14,0.3513706,0.89066392,6,0.95746726
2005,1,15,0.3175346,1.031284,6,1.079062
2005,1,16,0.41138071,1.1334919,6,1.205835
2005,1,17,0.24451014,1.2479292,6,1.2716573
2005,1,18,0.18112642,1.4427567,6,1.4540818
2005,1,19,0.10704995,1.3690125,6,1.3731915
2005,1,20,-0.49316326,1.2706029,7,1.3629533
2005,1,21,-0.9846431,0.86506367,8,1.3106705
2005,1,22,-0.96201187,0.46556473,8,1.0687457
2005,1,23,-0.73830497,0.37532467,8,0.82822877
2005,1,24,-0.48506966,0.25044736,8,0.54590881
2005,1,25,-0.0872834846,0.0454216637,8,0.0983947888
2005,1,26,0.2615189,-0.0478824824,4,0.26586625
2005,1,27,0.33825308,-0.0538487621,4,0.34251255
2005,1,28,0.58649278,0.21410507,5,0.6243515
2005,1,29,0.57153863,0.3956615,5,0.6951291
2005,1,30,0.86692619,0.59255123,5,1.0500848
2005,1,31,1.0186956,1.1700757,6,1.5513922
2005,2,1,0.88275748,1.4806099,6,1.7237942
2005,2,2,0.5876894,1.7641588,6,1.8594718
2005,2,3,0.5229519,1.9265455,6,1.9962606
2005,2,4,0.45010138,1.9659172,6,2.0167851
2005,2,5,0.39887464,1.850837,6,1.8933301
2005,2,6,0.16090256,1.8949056,6,1.9017247
2005,2,7,-0.24772328,2.0805099,7,2.095206
2005,2,8,-0.42233539,1.881219,7,1.9280436
2005,2,9,-0.57178789,1.892327,7,1.9768264
2005,2,10,-0.83301783,1.6439157,7,1.8429263
2005,2,11,-1.081978,1.5767702,7,1.9122971
2005,2,12,-1.1866544,1.6810784,7,2.0577109
2005,2,13,-1.1806684,1.6778824,7,2.0516498
2005,2,14,-1.1668714,1.3788387,7,1.806318
2005,2,15,-1.0333948,0.89560384,8,1.3674835
2005,2,16,-0.84409076,0.77335078,8,1.1447972
2005,2,17,-0.42240545,0.66811818,7,0.79044813
2005,2,18,-0.16842978,0.8457101,7,0.86231905
2005,2,19,-0.0576083735,0.86001801,7,0.86194533
2005,2,20,-0.14240146,0.7448684,7,0.75835818
2005,2,21,-0.35003656,0.74042982,7,0.81900054
2005,2,22,-0.79252076,0.8321436,7,1.1491528
2005,2,23,-0.84116316,0.81302685,8,1.1698582
2005,2,24,-0.84873015,0.62625122,8,1.054767
2005,2,25,-1.0931079,0.29724118,8,1.1328007
2005,2,26,-1.391017,0.1701778,8,1.4013882
2005,2,27,-1.4324311,0.23154761,8,1.4510249
2005,2,28,-1.3744297,-0.13830997,1,1.3813713
2005,3,1,-1.1954193,-0.2500194,1,1.221285
2005,3,2,-1.1314113,-0.0754771978,1,1.133926
2005,3,3,-1.1648052,0.31092402,8,1.2055891
2005,3,4,-1.2890922,1.0067574,8,1.6356403
2005,3,5,-1.5097476,1.0105195,8,1.8167244
2005,3,6,-1.2930396,0.81468672,8,1.5282885
2005,3,7,-1.3385421,0.9640336,8,1.6495622
2005,3,8,-1.4366368,0.73313797,8,1.6128907
2005,3,9,-1.4150575,0.72105622,8,1.5881782
2005,3,10,-1.1613393,0.76327044,8,1.3897089
2005,3,11,-0.9932909,0.81435847,8,1.2844479
2005,3,12,-0.9961856,0.64347243,8,1.1859353
2005,3,13,-0.89846051,0.10551377,8,0.90463495
2005,3,14,-0.83105493,-0.54038113,1,0.99129415
2005,3,15,-1.0660838,-0.66415656,1,1.2560408
2005,3,16,-1.3264834,-0.81967074,1,1.5593005
2005,3,17,-0.83600515,-0.77187842,1,1.1378492
2005,3,18,-0.52430028,-1.0767107,2,1.1975795
2005,3,19,-0.44834635,-1.5098513,2,1.5750129
2005,3,20,-0.082862258,-1.704771,2,1.7067837
2005,3,21,0.25776234,-1.7303704,3,1.7494637
2005,3,22,0.24200977,-1.7933712,3,1.8096268
2005,3,23,0.76087761,-1.934065,3,2.0783508
2005,3,24,0.86866111,-1.8116659,3,2.0091555
2005,3,25,0.84983444,-2.0194845,3,2.1910126
2005,3,26,0.99785823,-2.1379702,3,2.3593724
2005,3,27,0.98821127,-2.5115883,3,2.6990068
2005,3,28,1.2024947,-2.6493411,3,2.9094677
2005,3,29,1.3753859,-2.679014,3,3.011445
2005,3,30,1.7761506,-2.7341986,3,3.260453
2005,3,31,2.0334175,-2.7119288,3,3.3895936
2005,4,1,2.1495776,-2.8868475,3,3.599246
2005,4,2,2.422112,-2.5550268,3,3.5206234
2005,4,3,2.6728778,-2.407681,4,3.5973885
2005,4,4,2.8411186,-2.3401628,4,3.6808038
2005,4,5,2.7304983,-1.8235791,4,3.2834527
2005,4,6,2.9752462,-1.3901032,4,3.2839727
2005,4,7,3.1966105,-0.97775733,4,3.3428023
2005,4,8,3.0167503,-0.54414982,4,3.0654333
2005,4,9,2.8937268,0.12839648,5,2.896574
2005,4,10,2.6182113,0.39623731,5,2.6480246
2005,4,11,2.331682,0.96111065,5,2.5219982
2005,4,12,2.0283742,1.4051396,5,2.4675329
2005,4,13,1.7651714,1.7616723,5,2.4938564
2005,4,14,1.2837971,1.972784,6,2.353723
2005,4,15,0.69309211,2.3039963,6,2.4059875
2005,4,16,0.0575369745,2.1940436,6,2.194798
2005,4,17,-0.57711869,2.0239844,7,2.1046565
2005,4,18,-1.3564343,1.7958559,7,2.2505581
2005,4,19,-1.9936823,1.5658556,8,2.5350883
2005,4,20,-2.37992,1.4243777,8,2.7736025
2005,4,21,-2.3960404,1.1781502,8,2.6700275
2005,4,22,-2.3897028,0.91859937,8,2.5601766
2005,4,23,-2.3922775,0.9903754,8,2.5891764
2005,4,24,-2.4738209,0.79995126,8,2.5999446
2005,4,25,-2.2728636,0.29514685,8,2.2919469
2005,4,26,-2.1844153,-0.17306523,1,2.1912603
2005,4,27,-2.1608109,-0.37889951,1,2.1937795
2005,4,28,-1.7746584,-0.40005684,1,1.8191916
2005,4,29,-1.4861407,-0.74212897,1,1.6611351
2005,4,30,-1.2293355,-1.2373395,2,1.7442118
2005,5,1,-0.96200508,-1.812453,2,2.0519357
2005,5,2,-0.73669416,-2.1145282,2,2.2391846
2005,5,3,-0.0561472028,-2.6360462,2,2.6366441
2005,5,4,0.73887587,-2.5643866,3,2.6687107
2005,5,5,1.5357538,-2.3450608,3,2.8031857
2005,5,6,2.0223136,-1.9981055,4,2.8429172
2005,5,7,2.4079852,-1.8499563,4,3.0365655
2005,5,8,2.5433972,-1.2883667,4,2.8510976
2005,5,9,2.5415738,-0.47573787,4,2.5857153
2005,5,10,2.3347566,0.36764309,5,2.3635249
2005,5,11,1.9014511,1.0555131,5,2.1747699
2005,5,12,1.2585951,1.5645022,6,2.0079165
2005,5,13,0.39377284,1.616629,6,1.6638949
2005,5,14,-0.0154018477,1.6828226,7,1.682893
2005,5,15,-0.48119861,1.8370069,7,1.8989856
2005,5,16,-1.0167494,2.0823648,7,2.3173308
2005,5,17,-1.2769344,1.9975373,7,2.370805
2005,5,18,-1.414191,1.9478126,7,2.4070542
2005,5,19,-1.5590308,1.5345719,8,2.1875758
2005,5,20,-1.6996491,1.1276641,8,2.0397141
2005,5,21,-1.7119083,0.75036579,8,1.8691386
2005,5,22,-1.5765665,0.26365876,8,1.598461
2005,5,23,-1.1561673,-0.0300899204,1,1.1565588
2005,5,24,-0.66696513,-0.23436126,1,0.7069425
2005,5,25,-0.24960622,-0.2390532,1,0.34561497
2005,5,26,0.12106173,-0.43819562,3,0.45461121
2005,5,27,0.2004686,-0.69936436,3,0.72752881
2005,5,28,0.55447745,-0.60427749,3,0.82011986
2005,5,29,0.40503845,-0.339959,4,0.52879888
2005,5,30,0.57366741,-0.1891757,4,0.60405439
2005,5,31,0.63709509,-0.0820513964,4,0.64235705
2005,6,1,0.77037501,0.10998578,5,0.77818668
2005,6,2,0.47140583,0.25735253,5,0.53707892
2005,6,3,0.47288343,0.46647924,5,0.66424513
2005,6,4,0.0898026675,0.26595852,6,0.28071061
2005,6,5,-0.13550849,0.0121236816,8,0.13604975
2005,6,6,-0.24858408,-0.26111752,2,0.36052239
2005,6,7,-0.28488654,-0.46343181,2,0.54399389
2005,6,8,-0.28343165,-0.62809992,2,0.68908852
2005,6,9,-0.51492536,-0.74187988,2,0.90306914
2005,6,10,-0.52168393,-0.90392298,2,1.0436623
2005,6,11,-0.53994006,-0.7708115,2,0.9411087
2005,6,12,-0.14926593,-0.67320442,2,0.68955386
2005,6,13,0.13970138,-0.61538911,3,0.63104689
2005,6,14,0.35943213,-0.50331277,3,0.61847812
2005,6,15,0.5605216,-0.50031513,4,0.75133193
2005,6,16,0.58329213,-0.55371189,4,0.80425531
2005,6,17,0.59766859,-0.60587096,3,0.85105073
2005,6,18,0.5354737,-0.52929795,4,0.75291991
2005,6,19,0.40033859,-0.68599707,3,0.79426879
2005,6,20,0.47952926,-0.88440537,3,1.0060424
2005,6,21,0.56146777,-0.69800001,3,0.89579576
2005,6,22,0.24239883,-0.57789063,3,0.62666959
2005,6,23,-0.0957373679,-0.37454081,2,0.38658306
2005,6,24,-0.20873486,-0.30061433,2,0.36597705
2005,6,25,-0.64105392,-0.4055357,1,0.75855738
2005,6,26,-0.77058351,-0.58126932,1,0.96523207
2005,6,27,-0.70418507,-0.64855766,1,0.95734197
2005,6,28,-0.64021903,-0.65356052,2,0.91488892
2005,6,29,-0.649454,-0.82669741,2,1.051294
2005,6,30,-0.74119127,-1.1142786,2,1.3382754
2005,7,1,-0.6042276,-1.3206258,2,1.4522891
2005,7,2,-0.52132732,-1.3687595,2,1.464679
2005,7,3,-0.4898681,-1.4667809,2,1.5464207
2005,7,4,-0.46587539,-1.5568451,2,1.6250558
2005,7,5,-0.60779637,-1.4392898,2,1.5623609
2005,7,6,-0.67765546,-1.1466198,2,1.3318986
2005,7,7,-0.69371927,-0.81105226,2,1.0672638
2005,7,8,-0.53876513,-0.4841677,1,0.7243523
2005,7,9,-0.61488271,-0.56003618,1,0.83169788
2005,7,10,-0.84136176,-0.62721467,1,1.0494226
2005,7,11,-1.0752814,-0.44140083,1,1.1623532
2005,7,12,-1.0075239,-0.33777836,1,1.0626376
2005,7,13,-0.9299525,-0.73519444,1,1.1854631
2005,7,14,-1.0384283,-0.83821088,1,1.3345152
2005,7,15,-0.91590774,-0.59959787,1,1.0947167
2005,7,16,-0.44208166,-0.59774822,2,0.74346429
2005,7,17,-0.17041706,-0.54617375,2,0.57214314
2005,7,18,-0.30137298,-0.50423628,2,0.58743501
2005,7,19,-0.10979713,-0.19978482,2,0.22796795
2005,7,20,0.16324903,0.00723484671,5,0.16340926
2005,7,21,0.43470594,-0.22545509,4,0.48969302
2005,7,22,0.48049036,-0.57093054,3,0.74621224
2005,7,23,0.69209605,-0.40573648,4,0.80225873
2005,7,24,0.88279432,-0.14568384,4,0.89473438
2005,7,25,1.0523913,0.0892720595,5,1.0561708
2005,7,26,1.3685408,0.30296722,5,1.4016751
2005,7,27,1.1256801,0.40560824,5,1.1965257
2005,7,28,0.96119648,0.19707608,5,0.98119199
2005,7,29,1.0589204,-0.0202138983,4,1.0591133
2005,7,30,1.2497244,-0.0306515414,4,1.2501003
2005,7,31,1.2326442,-0.0640069172,4,1.2343049
2005,8,1,1.0785037,0.10530128,5,1.0836322
2005,8,2,1.0128077,0.84079534,5,1.3163269
2005,8,3,0.99704444,1.3158348,6,1.6509145
2005,8,4,0.83812994,1.4300437,6,1.6575544
2005,8,5,0.90919554,1.4052349,6,1.673715
2005,8,6,0.64710498,1.3567274,6,1.5031481
2005,8,7,0.3274461,1.2125398,6,1.2559751
2005,8,8,-0.0472653657,0.82632518,7,0.82767588
2005,8,9,-0.27299863,0.79416686,7,0.83977932
2005,8,10,-0.35936376,0.61655229,7,0.71363789
2005,8,11,-0.53214151,0.25054297,8,0.58817208
2005,8,12,-0.86525971,-0.0867362097,1,0.86959618
2005,8,13,-1.2172008,-0.37794349,1,1.274527
2005,8,14,-1.1705875,-0.34728691,1,1.2210174
2005,8,15,-1.2726941,-0.36271468,1,1.3233715
2005,8,16,-0.97453892,-0.47023812,1,1.0820582
2005,8,17,-0.75723338,-0.78619021,2,1.0915574
2005,8,18,-0.81312877,-0.69260281,1,1.0681185
2005,8,19,-0.77349716,-0.6507535,1,1.0108304
2005,8,20,-0.64133257,-0.53347975,1,0.83421105
2005,8,21,-0.50399369,-0.58990771,2,0.77588707
2005,8,22,-0.42211521,-0.53841984,2,0.68416166
2005,8,23,-0.36167538,-0.41419789,2,0.54988092
2005,8,24,-0.3577545,-0.62787932,2,0.72264844
2005,8,25,-0.22246605,-0.51084369,2,0.55718261
2005,8,26,-0.17153086,-0.51501578,2,0.54282969
2005,8,27,-0.28450817,-0.19606192,1,0.3455216
2005,8,28,-0.57003188,-0.11474756,1,0.58146656
2005,8,29,-0.62224907,0.13870797,8,0.63752162
2005,8,30,-0.34620595,0.16280909,8,0.38257727
2005,8,31,0.26415631,-0.38428932,3,0.46632269
2005,9,1,0.4965997,-0.77242112,3,0.91828406
2005,9,2,0.69496036,-0.8467316,3,1.0954106
2005,9,3,1.2582397,-1.1492336,4,1.7040849
2005,9,4,1.6215773,-1.2068683,4,2.0213964
2005,9,5,2.0112517,-1.2069895,4,2.3456252
2005,9,6,2.1296449,-0.9105345,4,2.3161304
2005,9,7,2.5488355,-0.54195219,4,2.6058156
2005,9,8,2.599025,-0.22798555,4,2.6090052
2005,9,9,2.6857595,0.2435004,5,2.6967752
2005,9,10,2.5417595,0.77625054,5,2.6576505
2005,9,11,2.4353068,0.59102947,5,2.5059998
2005,9,12,2.1858959,0.26377484,5,2.2017534
2005,9,13,2.0090666,0.0896961167,5,2.0110679
2005,9,14,2.0147874,0.0138035426,5,2.0148349
2005,9,15,1.8092363,0.22680087,5,1.8233964
2005,9,16,1.3927109,0.65937752,5,1.5409161
2005,9,17,0.90640688,0.79661816,5,1.2067204
2005,9,18,0.40966299,0.85358864,6,0.94680375
2005,9,19,0.0307309739,1.042114,6,1.042567
2005,9,20,-0.54423761,1.0252066,7,1.160708
2005,9,21,-0.89055866,0.87803781,8,1.250618
2005,9,22,-1.2141746,0.72812396,8,1.4157629
2005,9,23,-1.1586648,0.44491127,8,1.2411487
2005,9,24,-1.0250134,0.41239139,8,1.1048617
2005,9,25,-0.7815398,0.26745361,8,0.82603621
2005,9,26,-0.62900925,0.2249362,8,0.66801864
2005,9,27,-0.54143256,0.23765226,8,0.59129333
2005,9,28,-0.34670669,0.13984025,8,0.37384599
2005,9,29,-0.29735461,0.0858515128,8,0.30949998
2005,9,30,-0.42013782,0.2152174,8,0.47205329
2005,10,1,-0.51570201,0.30695698,8,0.6001426
2005,10,2,-0.34065527,0.11720036,8,0.36025259
2005,10,3,-0.34598318,-0.30331096,1,0.46011075
2005,10,4,-0.67840803,-0.57468957,1,0.88910377
2005,10,5,-0.89011157,-0.46747631,1,1.0054017
2005,10,6,-0.89187074,-0.37077835,1,0.96587265
2005,10,7,-0.95391417,-0.36195976,1,1.020278
2005,10,8,-0.84002948,-0.70935822,1,1.0994719
2005,10,9,-0.7817328,-0.97415793,2,1.2490356
2005,10,10,-0.59255373,-1.2863936,2,1.416308
2005,10,11,-0.59281445,-1.1613729,2,1.3039234
2005,10,12,-0.45903993,-0.95814157,2,1.0624279
2005,10,13,-0.14071554,-1.1160876,2,1.1249232
2005,10,14,0.43471372,-1.016283,3,1.105354
2005,10,15,0.99097282,-0.63117588,4,1.1749085
2005,10,16,1.1993992,-0.30607405,4,1.2378368
2005,10,17,1.0982648,0.13488844,5,1.1065173
2005,10,18,1.2062764,0.41548902,5,1.2758268
2005,10,19,1.2671374,0.45403248,5,1.3460248
2005,10,20,1.0947195,0.34836361,5,1.1488116
2005,10,21,0.75724691,0.30684361,5,0.8170532
2005,10,22,0.47294286,0.25765285,5,0.53857213
2005,10,23,0.48950377,0.0535533614,5,0.49242452
2005,10,24,0.43923405,-0.17448553,4,0.47262222
2005,10,25,0.68072498,-0.13749909,4,0.69447285
2005,10,26,0.91077358,-0.22139393,4,0.93729597
2005,10,27,0.91442317,-0.50747985,4,1.0458038
2005,10,28,1.0894804,-0.62627792,4,1.2566589
2005,10,29,1.3688617,-0.71778506,4,1.5456382
2005,10,30,1.6188654,-0.61908555,4,1.7332028
2005,10,31,1.5745109,-0.55999404,4,1.6711308
2005,11,1,1.5250118,-0.52503425,4,1.6128614
2005,11,2,1.2955202,-0.68294984,4,1.4645112
2005,11,3,1.1018814,-0.64118314,4,1.2748562
2005,11,4,1.1603472,-0.269885,4,1.1913201
2005,11,5,1.0522767,0.1089084,5,1.0578977
2005,11,6,0.81786084,0.24562351,5,0.85394806
2005,11,7,0.72861719,0.52657443,5,0.89897925
2005,11,8,0.67695749,0.90082842,6,1.1268377
2005,11,9,0.60058761,1.0921109,6,1.2463593
2005,11,10,0.64236289,1.2200941,6,1.3788618
2005,11,11,0.45596609,0.96958417,6,1.0714469
2005,11,12,0.43798444,0.95059162,6,1.0466398
2005,11,13,0.22547404,0.8427251,6,0.87236696
2005,11,14,0.31705108,1.0565449,6,1.1030904
2005,11,15,0.11310859,0.86695027,6,0.87429762
2005,11,16,-0.48563594,0.94828761,7,1.0654068
2005,11,17,-0.75393534,1.0178058,7,1.2666283
2005,11,18,-1.192969,0.84777617,8,1.4635229
2005,11,19,-1.2908305,0.67414004,8,1.4562651
2005,11,20,-1.446754,0.65411484,8,1.5877541
2005,11,21,-1.2811626,0.43931231,8,1.3543903
2005,11,22,-1.2142612,0.0849505216,8,1.2172291
2005,11,23,-0.99298167,-0.0071562361,1,0.99300742
2005,11,24,-0.56300306,0.0318784378,8,0.56390482
2005,11,25,-0.48888579,-0.0680120662,1,0.49359393
2005,11,26,-0.36280218,-0.13856784,1,0.38836381
2005,11,27,-0.26401255,0.18110681,8,0.32015979
2005,11,28,-0.16004267,0.3812992,7,0.41352478
2005,11,29,0.035166122,0.30265221,6,0.30468839
2005,11,30,0.0872652233,0.20594051,6,0.22366652
2005,12,1,-0.0876672864,0.0758255348,8,0.11590973
2005,12,2,-0.28046444,0.0989812165,8,0.29741821
2005,12,3,-0.31334025,-0.0141865704,1,0.31366122
2005,12,4,-0.37583634,-0.256161,1,0.45483121
2005,12,5,-0.37612537,-0.37304583,1,0.5297485
2005,12,6,-0.19088498,-0.16217518,1,0.25047529
2005,12,7,-0.18818794,-0.59837836,2,0.62727296
2005,12,8,-0.0972548425,-0.67338079,2,0.68036771
2005,12,9,0.35786095,-0.79578853,3,0.87255019
2005,12,10,0.73124939,-0.75727522,3,1.0527067
2005,12,11,0.36491644,-0.7409476,3,0.82593429
2005,12,12,-0.0575936101,-0.72927207,2,0.73154271
2005,12,13,-0.00939856656,-0.56604582,2,0.56612384
2005,12,14,-0.200829,-0.50656688,2,0.54492414
2005,12,15,-0.51590848,-0.45287248,1,0.68648022
2005,12,16,-0.46631062,-0.47053778,2,0.6624586
2005,12,17,0.0294602402,-0.40040115,3,0.40148348
2005,12,18,0.42394814,-0.48667732,3,0.64543539
2005,12,19,0.75835288,-0.49995595,4,0.90832543
2005,12,20,0.84865481,-0.4366858,4,0.95441574
2005,12,21,0.66248214,-0.0874449462,4,0.66822839
2005,12,22,0.56335843,-0.15833426,4,0.58518583
2005,12,23,0.21596849,-0.080205828,4,0.23038091
2005,12,24,-0.19718318,0.10243144,8,0.22220127
2005,12,25,-0.6129328,0.0753427148,8,0.61754608
2005,12,26,-0.57333034,-0.13195416,1,0.5883193
2005,12,27,-0.53309435,-0.13827521,1,0.55073553
2005,12,28,-0.69635308,0.18439075,8,0.72035235
2005,12,29,-0.53784168,0.72724336,7,0.90452009
2005,12,30,-0.85649008,0.88707191,7,1.2330742
2005,12,31,-1.3241724,0.75044048,8,1.522036
2006,1,1,-1.4158058,0.60295224,8,1.5388494
2006,1,2,-1.2675513,0.0815202445,8,1.2701701
2006,1,3,-1.2229482,-0.38700795,1,1.2827226
2006,1,4,-1.1791891,-0.3561095,1,1.2317877
2006,1,5,-0.8647666,-0.40159869,1,0.9534688
2006,1,6,-0.50770813,-0.60811859,2,0.79219681
2006,1,7,-0.10995621,-0.67789572,2,0.68675536
2006,1,8,-0.0372510627,-0.83572775,2,0.83655751
2006,1,9,-0.11751767,-0.79200315,2,0.80067432
2006,1,10,-0.20759286,-0.98739123,2,1.0089778
2006,1,11,0.0545898005,-1.0611843,3,1.0625875
2006,1,12,0.41575468,-1.1890489,3,1.2596384
2006,1,13,0.66381299,-1.1979126,3,1.3695409
2006,1,14,0.70700532,-1.0926745,3,1.3014584
2006,1,15,0.92621088,-0.97047251,3,1.3415228
2006,1,16,1.2064801,-0.84721506,4,1.4742346
2006,1,17,1.3977127,-0.39052039,4,1.4512433
2006,1,18,1.7956713,0.2834793,5,1.8179098
2006,1,19,2.1647444,0.83355254,5,2.3196828
2006,1,20,2.1358106,1.2033968,5,2.4514997
2006,1,21,2.1953542,1.4568396,5,2.6347601
2006,1,22,2.1248269,1.6616796,5,2.6974189
2006,1,23,1.8598242,1.7106436,5,2.5269048
2006,1,24,1.4451535,1.8535435,6,2.3503387
2006,1,25,0.9037745,2.0985599,6,2.2848985
2006,1,26,0.41969189,2.3514845,6,2.3886442
2006,1,27,0.49590841,2.5640194,6,2.611536
2006,1,28,0.49316952,2.6313021,6,2.6771193
2006,1,29,0.2116662,2.5113361,6,2.5202403
2006,1,30,-0.2058752,2.3088579,7,2.3180184
2006,1,31,-0.58614868,2.2769704,7,2.3512049
2006,2,1,-0.77027291,2.0182023,7,2.1601994
2006,2,2,-1.2439628,2.0367577,7,2.3865929
2006,2,3,-1.6188495,1.7235173,7,2.3645687
2006,2,4,-1.8325436,1.691853,8,2.4941096
2006,2,5,-1.8184551,1.6240084,8,2.4380693
2006,2,6,-1.6286448,1.643814,7,2.3140028
2006,2,7,-1.6857746,1.3479135,8,2.1584036
2006,2,8,-1.751899,1.0297365,8,2.032119
2006,2,9,-1.6419063,0.97248596,8,1.9082937
2006,2,10,-1.2207767,0.69163483,8,1.4030875
2006,2,11,-1.174145,0.56589031,8,1.3033987
2006,2,12,-1.1504189,0.65170419,8,1.3221883
2006,2,13,-1.1730105,0.18875241,8,1.1880997
2006,2,14,-1.2733823,-0.0302138217,1,1.2737408
2006,2,15,-1.2609088,-0.0869062468,1,1.2639003
2006,2,16,-1.0912714,0.0953912735,8,1.0954326
2006,2,17,-0.98696077,0.11704408,8,0.99387664
2006,2,18,-1.2239337,0.0693517104,8,1.225897
2006,2,19,-1.0180678,-0.51202393,1,1.1395748
2006,2,20,-0.70294881,-0.98390043,2,1.2092134
2006,2,21,-0.63667989,-1.2243557,2,1.380003
2006,2,22,-0.40536612,-1.3078015,2,1.3691845
2006,2,23,-0.21294746,-1.4789042,2,1.4941568
2006,2,24,0.0941931829,-1.939885,3,1.9421705
2006,2,25,0.58025074,-2.0961936,3,2.1750214
2006,2,26,1.0867658,-1.8302869,3,2.1286168
2006,2,27,1.3838307,-1.1013435,4,1.7685997
2006,2,28,1.5791303,-0.49849471,4,1.6559438
2006,3,1,1.8859913,-0.16353291,4,1.893068
2006,3,2,1.8086529,-0.21030353,4,1.8208385
2006,3,3,1.4918849,-0.33286324,4,1.5285674
2006,3,4,0.98161876,-0.0430469252,4,0.98256218
2006,3,5,0.54087806,0.30701816,5,0.6219399
2006,3,6,0.52707416,0.21382147,5,0.56879419
2006,3,7,0.33910969,-0.0668418333,4,0.34563452
2006,3,8,0.0373420753,-0.11237881,3,0.11842056
2006,3,9,0.0178927872,0.0563925207,6,0.0591630638
2006,3,10,0.26908481,-0.10472156,4,0.28874424
2006,3,11,0.45599437,0.0366679505,5,0.45746627
2006,3,12,0.56084323,-0.0883833766,4,0.5677647
2006,3,13,0.53666627,-0.06302955,4,0.54035491
2006,3,14,0.48864344,0.0988825858,5,0.49854806
2006,3,15,0.33600578,0.14977302,5,0.36787477
2006,3,16,0.47741657,-0.17174822,4,0.5073697
2006,3,17,0.58545446,-0.33705997,4,0.67554891
2006,3,18,0.6429891,-0.18870863,4,0.67010891
2006,3,19,0.63304782,-0.37277579,4,0.73465049
2006,3,20,0.78125936,-0.24316381,4,0.81822664
2006,3,21,0.65240014,-0.32119724,4,0.72718197
2006,3,22,0.52480364,-0.19262117,4,0.55903643
2006,3,23,0.46680525,-0.16705804,4,0.49579787
2006,3,24,0.57844114,-0.0428903587,4,0.58002907
2006,3,25,0.65859216,0.0639178902,5,0.6616866
2006,3,26,0.94415206,0.13492481,5,0.95374411
2006,3,27,1.1726139,0.12357938,5,1.1791078
2006,3,28,1.4450818,0.19206016,5,1.4577889
2006,3,29,1.5369884,0.0637530088,5,1.5383101
2006,3,30,1.4219079,0.27520603,5,1.4482957
2006,3,31,1.2630991,0.39624351,5,1.3237931
2006,4,1,1.1792778,0.54865175,5,1.3006593
2006,4,2,1.3055853,0.8009277,5,1.5316782
2006,4,3,1.1755948,0.89158446,5,1.4754477
2006,4,4,1.1372923,1.0124149,5,1.5226351
2006,4,5,0.80047095,0.83002806,6,1.1531264
2006,4,6,0.34156629,0.83976835,6,0.90657508
2006,4,7,0.34240708,0.85825467,6,0.92403662
2006,4,8,0.11809895,0.73867387,6,0.7480551
2006,4,9,-0.14360738,0.72378832,7,0.7378974
2006,4,10,-0.28023496,0.67541152,7,0.73124027
2006,4,11,-0.19183667,0.22531423,7,0.29591858
2006,4,12,-0.212616,-0.14331025,1,0.25640473
2006,4,13,-0.2224973,-0.44122455,2,0.49414992
2006,4,14,-0.22417541,-0.82018512,2,0.8502695
2006,4,15,0.10393938,-1.1404148,3,1.1451416
2006,4,16,0.66076714,-1.3845483,3,1.5341405
2006,4,17,0.77154011,-1.2338569,3,1.455224
2006,4,18,0.80744493,-0.99066377,3,1.2780384
2006,4,19,0.96754354,-0.40935475,4,1.0505769
2006,4,20,1.042292,-0.2521984,4,1.0723696
2006,4,21,1.0495293,0.13073476,5,1.0576406
2006,4,22,0.89396322,0.4390569,5,0.99596244
2006,4,23,0.668926,0.44242904,5,0.80200094
2006,4,24,0.49165136,0.47561049,5,0.68405145
2006,4,25,0.5098021,0.24414545,5,0.56524789
2006,4,26,0.27933064,0.48247173,6,0.55749851
2006,4,27,0.50230044,0.70897245,6,0.86887723
2006,4,28,0.62661111,1.000047,6,1.1801422
2006,4,29,0.72470284,0.84424001,6,1.1126255
2006,4,30,0.52623481,1.1161361,6,1.2339703
2006,5,1,0.27769208,1.0262188,6,1.0631264
2006,5,2,0.21286425,1.0746263,6,1.0955058
2006,5,3,0.0282916371,1.032989,6,1.0333763
2006,5,4,-0.0405337624,1.0439907,7,1.0447773
2006,5,5,-0.26685196,1.1961554,7,1.2255602
2006,5,6,-0.36704358,1.1309346,7,1.1890055
2006,5,7,-0.66896778,1.0158904,7,1.216368
2006,5,8,-0.84118927,0.89019579,7,1.2247645
2006,5,9,-1.0331379,0.84891498,8,1.3371726
2006,5,10,-1.0244941,0.59731722,8,1.1859072
2006,5,11,-1.1234927,0.4398196,8,1.2065145
2006,5,12,-1.2103798,0.55847347,8,1.3330086
2006,5,13,-1.0725625,0.71701342,8,1.2901545
2006,5,14,-1.0409682,0.43773708,8,1.1292602
2006,5,15,-1.1782742,0.18015574,8,1.1919672
2006,5,16,-1.3343649,0.0268058423,8,1.3346341
2006,5,17,-1.6271738,-0.12723112,1,1.6321404
2006,5,18,-1.6801852,-0.30687276,1,1.7079793
2006,5,19,-1.5279174,-0.65412444,1,1.66205
2006,5,20,-1.297978,-0.95549184,1,1.6117418
2006,5,21,-1.0274297,-1.0124974,1,1.442485
2006,5,22,-0.88183886,-0.95970047,2,1.3033283
2006,5,23,-0.61224157,-0.86011064,2,1.0557604
2006,5,24,-0.27131748,-0.8678962,2,0.90931678
2006,5,25,-0.00313243526,-0.83746076,2,0.8374666
2006,5,26,0.0714426935,-0.65256429,3,0.65646338
2006,5,27,0.013234755,-0.36795816,3,0.3681961
2006,5,28,-0.0509298034,0.0862940326,7,0.10020232
2006,5,29,-0.33172613,0.17898905,8,0.37693408
2006,5,30,-0.76884848,0.0242881756,8,0.76923203
2006,5,31,-1.1266127,-0.0531535447,1,1.1278658
2006,6,1,-1.2630835,0.00594823761,8,1.2630975
2006,6,2,-1.1425754,0.1563202,8,1.1532192
2006,6,3,-1.3880028,-0.25212884,1,1.4107164
2006,6,4,-1.7552658,-0.53149074,1,1.8339685
2006,6,5,-1.8204889,-1.0239111,1,2.0886774
2006,6,6,-1.9028672,-0.94479978,1,2.1245117
2006,6,7,-1.6737881,-1.0168598,1,1.9584612
2006,6,8,-1.4236692,-0.87018019,1,1.6685466
2006,6,9,-1.2185836,-1.0077605,1,1.5813055
2006,6,10,-1.1589135,-0.86304301,1,1.444965
2006,6,11,-1.4709191,-0.55112696,1,1.5707781
2006,6,12,-1.3463959,-0.32947183,1,1.3861217
2006,6,13,-1.2283967,-0.27395755,1,1.258575
2006,6,14,-0.9567647,-0.33208346,1,1.0127577
2006,6,15,-0.66880661,-0.47019231,1,0.81754702
2006,6,16,-0.35844404,-0.35890216,2,0.50724047
2006,6,17,-0.38240331,-0.26062429,1,0.46277133
2006,6,18,-0.44729304,-0.42744774,1,0.61869431
2006,6,19,-0.41368404,-0.68673807,2,0.80171293
2006,6,20,-0.45051891,-0.68908691,2,0.823291
2006,6,21,-0.17526886,-0.55016398,2,0.5774076
2006,6,22,-0.12875183,-0.70677048,2,0.71840209
2006,6,23,-0.0521330275,-0.86177546,2,0.86335093
2006,6,24,0.18612507,-0.81446075,3,0.83545727
2006,6,25,0.39094332,-0.60812628,3,0.72294831
2006,6,26,0.49988803,-0.35076377,4,0.61067444
2006,6,27,0.86577141,-0.20901492,4,0.89064431
2006,6,28,0.81506962,0.40378278,5,0.90960377
2006,6,29,0.75460231,0.45623994,5,0.8818047
2006,6,30,0.40059036,0.59537959,6,0.71759981
2006,7,1,-0.0255163796,0.70973653,7,0.71019506
2006,7,2,-0.0241223164,0.86330754,7,0.86364442
2006,7,3,-0.42440864,0.89618355,7,0.99159855
2006,7,4,-0.62782001,1.1243188,7,1.2877309
2006,7,5,-0.77846909,1.2581518,7,1.4795134
2006,7,6,-0.57795566,1.4185407,7,1.5317606
2006,7,7,-0.50062525,1.4406577,7,1.5251625
2006,7,8,-0.51135188,1.2236754,7,1.326221
2006,7,9,-0.48907265,0.99666411,7,1.1101943
2006,7,10,-0.63581795,0.77402025,7,1.0016844
2006,7,11,-0.68411118,0.86355287,7,1.1016949
2006,7,12,-0.80454212,1.0595918,7,1.3304219
2006,7,13,-1.0152212,0.9715488,8,1.405198
2006,7,14,-1.0512174,0.83592063,8,1.3430642
2006,7,15,-1.0109807,0.90573132,8,1.3573618
2006,7,16,-0.72948593,0.68001074,8,0.99727845
2006,7,17,-0.92626238,0.42817634,8,1.0204396
2006,7,18,-1.2106451,0.16464627,8,1.2217896
2006,7,19,-1.0598904,0.22547883,8,1.083609
2006,7,20,-0.9765321,0.33549041,8,1.0325545
2006,7,21,-0.75804865,0.33782136,8,0.8299163
2006,7,22,-0.72587186,0.49841535,8,0.88051564
2006,7,23,-0.62486339,0.57370102,8,0.84828478
2006,7,24,-0.90649563,0.29845384,8,0.95436311
2006,7,25,-1.1596434,-0.0890018195,1,1.1630538
2006,7,26,-1.1813227,-0.41310903,1,1.2514721
2006,7,27,-1.0300901,-0.38464138,1,1.0995611
2006,7,28,-0.83148068,-0.27899691,1,0.87704015
2006,7,29,-0.57993066,-0.53739697,1,0.79064214
2006,7,30,-0.40205255,-0.6403743,2,0.75612533
2006,7,31,-0.43914557,-0.7632907,2,0.88060296
2006,8,1,-0.47206873,-0.96088582,2,1.0705842
2006,8,2,-0.10344008,-0.86656094,2,0.87271285
2006,8,3,0.38144526,-0.75887263,3,0.84934574
2006,8,4,0.4148505,-0.62908411,3,0.75355679
2006,8,5,0.58529586,-0.12802239,4,0.59913349
2006,8,6,0.9461441,0.10925088,5,0.95243084
2006,8,7,1.063696,0.38439515,5,1.1310211
2006,8,8,1.0838512,0.38054612,5,1.1487162
2006,8,9,1.0670217,0.25951329,5,1.0981269
2006,8,10,1.3184996,0.32110122,5,1.3570361
2006,8,11,1.1682842,0.48965865,5,1.2667493
2006,8,12,0.62801087,0.53010726,5,0.82183415
2006,8,13,0.47807056,0.46116143,5,0.66424495
2006,8,14,0.39562923,0.27313748,5,0.48075625
2006,8,15,0.11456646,-0.10493133,4,0.15535784
2006,8,16,-0.0937115774,-0.28477356,2,0.29979631
2006,8,17,-0.40599546,0.0260636285,8,0.4068312
2006,8,18,-0.62276876,0.0865098909,8,0.62874866
2006,8,19,-0.87443072,0.3813183,8,0.95395637
2006,8,20,-0.9782576,0.47411901,8,1.0870956
2006,8,21,-0.93317121,0.23842183,8,0.9631477
2006,8,22,-0.93955082,-0.0383583009,1,0.94033349
2006,8,23,-1.0401022,-0.48328283,1,1.1468979
2006,8,24,-1.1969057,-0.64857507,1,1.361335
2006,8,25,-1.1868628,-0.84916079,1,1.4593551
2006,8,26,-1.0743824,-0.78473002,1,1.3304507
2006,8,27,-0.86298895,-0.8584379,1,1.2172369
2006,8,28,-0.62323731,-0.96292555,2,1.1470181
2006,8,29,-0.77530837,-0.88818216,2,1.1789701
2006,8,30,-0.75326777,-0.79752278,2,1.097021
2006,8,31,-0.51392961,-0.68375736,2,0.85536414
2006,9,1,-0.6271944,-0.66902119,2,0.91703987
2006,9,2,-0.79943854,-0.46946058,1,0.92708963
2006,9,3,-0.93073875,-0.42267758,1,1.0222186
2006,9,4,-0.79562223,-0.37811899,1,0.88090223
2006,9,5,-0.70199525,-0.35533807,1,0.78680521
2006,9,6,-0.90570068,-0.67628902,1,1.1303365
2006,9,7,-0.67631537,-1.1174643,2,1.3061887
2006,9,8,-0.41438869,-1.4788309,2,1.5357926
2006,9,9,-0.16135837,-1.5647573,2,1.573055
2006,9,10,0.12612431,-1.5483077,3,1.5534362
2006,9,11,0.27933308,-1.6253182,3,1.6491472
2006,9,12,0.51324075,-1.7411532,3,1.8152219
2006,9,13,0.88300914,-1.6860123,3,1.9032452
2006,9,14,0.67600453,-1.8116236,3,1.9336396
2006,9,15,0.63865829,-1.431239,3,1.5672681
2006,9,16,0.64914465,-1.0900342,3,1.2686857
2006,9,17,0.57741839,-0.99424148,3,1.1497513
2006,9,18,0.52166927,-0.90362138,3,1.0433937
2006,9,19,0.50504261,-0.93877625,3,1.0660061
2006,9,20,0.80048501,-0.85635334,3,1.1722275
2006,9,21,1.1971674,-0.80315471,4,1.4416196
2006,9,22,1.3742979,-0.62737906,4,1.510728
2006,9,23,1.6457272,-0.48727074,4,1.7163481
2006,9,24,1.687663,-0.51052302,4,1.7631903
2006,9,25,1.8409986,-0.31891072,4,1.8684164
2006,9,26,1.9627689,-0.30657321,4,1.9865671
2006,9,27,2.0983515,-0.25931433,4,2.1143138
2006,9,28,2.0530245,-0.0988793075,4,2.0554042
2006,9,29,2.1520741,-0.00473099668,4,2.1520793
2006,9,30,2.4176526,0.38709089,5,2.4484451
2006,10,1,2.7167225,1.070943,5,2.9201884
2006,10,2,2.578994,1.5445755,5,3.0061476
2006,10,3,2.2960489,1.8743651,5,2.9639645
2006,10,4,2.1289775,1.9324186,5,2.8752019
2006,10,5,1.7326902,1.9598985,6,2.6159925
2006,10,6,1.3759807,1.7252506,6,2.2067652
2006,10,7,1.0866367,1.6091713,6,1.9417032
2006,10,8,0.25304958,1.4551107,6,1.4769499
2006,10,9,-0.6030159,1.6437708,7,1.7508886
2006,10,10,-1.0866897,1.7927736,7,2.0964093
2006,10,11,-1.557686,1.5584633,7,2.2034504
2006,10,12,-1.8753133,1.3098838,8,2.2874868
2006,10,13,-1.9859459,1.021366,8,2.2331972
2006,10,14,-1.8741575,0.87252069,8,2.0673072
2006,10,15,-2.1794384,0.77284622,8,2.3124106
2006,10,16,-2.3443661,0.57275647,8,2.4133177
2006,10,17,-2.4566925,0.0263112914,8,2.4568334
2006,10,18,-2.3844287,-0.2809751,1,2.4009264
2006,10,19,-1.9236335,-0.46404272,1,1.9788132
2006,10,20,-1.6159998,-0.77391624,1,1.7917594
2006,10,21,-1.3312335,-0.85587722,1,1.5826271
2006,10,22,-1.1326312,-0.75935519,1,1.3636252
2006,10,23,-0.8787896,-0.911847,2,1.2663871
2006,10,24,-0.95912832,-0.83743203,1,1.2732712
2006,10,25,-0.81491548,-0.94930077,2,1.2511032
2006,10,26,-0.47684211,-0.61462283,2,0.77790719
2006,10,27,-0.2079857,-0.0484202243,1,0.21354759
2006,10,28,0.0308972262,0.0775948986,6,0.0835200995
2006,10,29,0.0561378486,0.10418638,6,0.11834804
2006,10,30,0.0796497539,-0.0851223543,3,0.11657572
2006,10,31,0.0380663574,-0.16741803,3,0.17169113
2006,11,1,0.24027604,-0.0370770395,4,0.2431199
2006,11,2,0.21030439,0.36123434,6,0.41799304
2006,11,3,0.284906,0.41541046,6,0.50372338
2006,11,4,0.0362597294,0.4399679,6,0.44145954
2006,11,5,-0.0962912366,0.3841202,7,0.39600545
2006,11,6,-0.32288685,0.0384261236,8,0.32516533
2006,11,7,-0.68989742,-0.19462717,1,0.71682507
2006,11,8,-1.0953578,-0.29509807,1,1.1344124
2006,11,9,-1.1883726,0.00192080345,8,1.1883742
2006,11,10,-1.3372681,0.33304101,8,1.3781155
2006,11,11,-1.4328227,0.0783802047,8,1.434965
2006,11,12,-1.4188507,-0.25767648,1,1.442059
2006,11,13,-1.5926762,-0.47054607,1,1.660732
2006,11,14,-1.6665636,-0.488922,1,1.7368014
2006,11,15,-1.420704,-0.33468202,1,1.4595932
2006,11,16,-1.2413206,-0.51100969,1,1.3423889
2006,11,17,-1.3668709,-0.9254384,1,1.6506884
2006,11,18,-1.193537,-1.2437648,2,1.7237985
2006,11,19,-1.223592,-1.5825568,2,2.0004158
2006,11,20,-0.97652853,-1.7620891,2,2.0145884
2006,11,21,-0.189189,-1.7029345,2,1.7134115
2006,11,22,0.24121045,-1.6896418,3,1.7067724
2006,11,23,0.53540933,-1.4731339,3,1.567414
2006,11,24,0.5564819,-1.349211,3,1.4594666
2006,11,25,0.5124979,-0.97326326,3,1.0999525
2006,11,26,0.71016639,-0.67358774,4,0.97880375
2006,11,27,0.98833466,-0.63693267,4,1.1757928
2006,11,28,0.9002291,-0.65554047,4,1.1136183
2006,11,29,0.77106202,-0.28307483,4,0.82138175
2006,11,30,0.81056631,-0.19004127,4,0.83254635
2006,12,1,0.72401255,-0.34625685,4,0.80255091
2006,12,2,0.62108201,-0.44329852,4,0.76305729
2006,12,3,0.65640849,-0.23297516,4,0.69652677
2006,12,4,0.57279128,0.14124195,5,0.58994842
2006,12,5,0.53047949,0.29717749,5,0.6080485
2006,12,6,0.39432806,0.25244096,5,0.46821049
2006,12,7,0.080512464,0.10731824,6,0.13416208
2006,12,8,0.0861583725,0.015295892,5,0.0875056013
2006,12,9,0.0242327563,-0.16498452,3,0.16675468
2006,12,10,-0.15318677,-0.33561102,2,0.36891863
2006,12,11,-0.24172042,-0.65834576,2,0.70131868
2006,12,12,-0.30356157,-0.87795544,2,0.92895395
2006,12,13,-0.18445472,-1.1972731,2,1.2113986
2006,12,14,-0.12329274,-0.99452245,2,1.0021358
2006,12,15,-0.0509755388,-1.0194155,2,1.0206892
2006,12,16,0.11052208,-0.96353519,3,0.96985316
2006,12,17,-0.0318643935,-1.3225031,2,1.3228868
2006,12,18,0.0599436797,-1.8552322,3,1.8562003
2006,12,19,0.0361322574,-2.2767298,3,2.2770166
2006,12,20,0.0343967117,-2.3907044,3,2.3909519
2006,12,21,0.21155035,-2.4519022,3,2.4610114
2006,12,22,0.25550851,-2.3035567,3,2.3176839
2006,12,23,0.52235907,-2.2011802,3,2.2623115
2006,12,24,0.3729209,-2.2618213,3,2.2923582
2006,12,25,0.20438863,-2.2737265,3,2.2828944
2006,12,26,0.53128308,-2.4752419,3,2.5316169
2006,12,27,1.1718836,-2.6211245,3,2.8711679
2006,12,28,1.6515899,-2.2147226,3,2.7627425
2006,12,29,1.7014846,-1.936035,3,2.5774565
2006,12,30,1.7831342,-1.4990178,4,2.3295112
2006,12,31,2.1829662,-0.72887993,4,2.3014362
2007,1,1,2.4175315,-0.42789507,4,2.4551075
2007,1,2,2.574048,0.16268331,5,2.5791838
2007,1,3,2.6041172,0.47394362,5,2.6468942
2007,1,4,2.3487005,0.84480798,5,2.4960158
2007,1,5,1.9420682,0.81027919,5,2.1043243
2007,1,6,1.7335519,1.2267178,5,2.1236851
2007,1,7,1.4801756,1.1497079,5,1.8742326
2007,1,8,1.0677685,0.94331861,5,1.4247735
2007,1,9,0.73687398,1.1864223,6,1.3966321
2007,1,10,0.62096882,1.4841585,6,1.6088284
2007,1,11,0.55149019,1.4617392,6,1.5623133
2007,1,12,0.87993401,1.2062469,6,1.4930892
2007,1,13,1.0153152,1.1627684,6,1.5436629
2007,1,14,1.0582408,1.0523459,5,1.492416
2007,1,15,0.69651562,0.89456522,6,1.1337464
2007,1,16,0.28544265,0.73947656,6,0.79265571
2007,1,17,-0.000541056565,0.56690586,7,0.56690609
2007,1,18,-0.16203727,0.63249505,7,0.6529212
2007,1,19,-0.22646214,0.56281132,7,0.60666442
2007,1,20,-0.0870541036,0.33730352,7,0.34835625
2007,1,21,-0.0409768373,0.26075977,7,0.26395977
2007,1,22,-0.0776393265,0.1697031,7,0.18661995
2007,1,23,-0.0478763357,0.0567873232,7,0.0742761269
2007,1,24,0.00343286362,0.48483616,6,0.48484832
2007,1,25,-0.0338323079,0.96185869,7,0.96245354
2007,1,26,0.18090692,1.0520787,6,1.0675191
2007,1,27,0.18682434,1.0397173,6,1.0563689
2007,1,28,0.13557188,1.0991126,6,1.1074423
2007,1,29,0.21814348,1.2830449,6,1.3014573
2007,1,30,0.25275186,1.0886739,6,1.1176289
2007,1,31,0.20323017,0.82424259,6,0.84892774
2007,2,1,0.24308102,0.69362301,6,0.73498386
2007,2,2,0.31752422,0.63332444,6,0.70846415
2007,2,3,0.30447483,0.58003801,6,0.65509462
2007,2,4,0.37980166,0.52785337,6,0.65029109
2007,2,5,0.58131146,0.46417415,5,0.74389559
2007,2,6,0.41274884,0.33860636,5,0.53386879
2007,2,7,0.12128868,0.30249101,6,0.32590145
2007,2,8,-0.0661521181,0.35538998,7,0.3614943
2007,2,9,-0.13396466,0.724464,7,0.73674601
2007,2,10,-0.25511166,0.38634241,7,0.4629713
2007,2,11,-0.292391,0.2117867,8,0.36103478
2007,2,12,-0.62608761,0.0986253545,8,0.63380808
2007,2,13,-1.0448784,-0.054138314,1,1.0462799
2007,2,14,-1.1276811,-0.27463454,1,1.1606416
2007,2,15,-0.74717474,-0.67289996,1,1.005517
2007,2,16,-0.32396445,-0.80278009,2,0.86568403
2007,2,17,-0.17683509,-1.1887279,2,1.2018088
2007,2,18,-0.17151804,-1.5413655,2,1.5508791
2007,2,19,0.0825050026,-1.6462462,3,1.6483123
2007,2,20,0.41249186,-1.6653309,3,1.7156563
2007,2,21,0.48787221,-1.5945216,3,1.6674887
2007,2,22,0.78761566,-1.4810079,3,1.6774155
2007,2,23,1.1518333,-1.3754243,3,1.7940212
2007,2,24,1.3667204,-1.1247654,4,1.7700344
2007,2,25,1.5708115,-0.83743733,4,1.7800983
2007,2,26,1.7881697,-0.74874949,4,1.9386017
2007,2,27,1.7855731,-0.37847814,4,1.8252443
2007,2,28,1.7670143,0.00287734414,5,1.7670166
2007,3,1,2.2057869,0.5232451,5,2.2669983
2007,3,2,2.4122381,0.79781723,5,2.5407488
2007,3,3,2.1505477,1.161327,5,2.4440818
2007,3,4,1.8549924,1.3737662,5,2.308296
2007,3,5,1.6547734,1.7924542,6,2.4395015
2007,3,6,1.47197,2.089993,6,2.5563188
2007,3,7,0.94258791,1.6290293,6,1.8820755
2007,3,8,0.40796626,1.3303449,6,1.3914934
2007,3,9,-0.0573084541,1.4775246,7,1.4786355
2007,3,10,0.0823087096,1.3425189,6,1.3450397
2007,3,11,0.28328961,1.2008944,6,1.2338558
2007,3,12,0.24747081,0.96842027,6,0.99953973
2007,3,13,0.0644638762,0.90144253,6,0.90374458
2007,3,14,0.0598670952,0.5762682,6,0.57936954
2007,3,15,0.17425925,0.366245,6,0.40558806
2007,3,16,0.3923558,0.2850025,5,0.48494279
2007,3,17,0.73924172,0.442193,5,0.86140174
2007,3,18,0.79611033,0.24937907,5,0.83425516
2007,3,19,0.69866663,0.14633276,5,0.71382654
2007,3,20,0.92788923,0.25799826,5,0.96308959
2007,3,21,0.70832437,0.21393056,5,0.73992544
2007,3,22,0.64808428,0.15502252,5,0.66636717
2007,3,23,0.50031894,0.4450275,5,0.66960323
2007,3,24,0.73048276,0.64755738,5,0.97618419
2007,3,25,0.74838209,0.86950397,6,1.1472197
2007,3,26,0.65604049,1.1469665,6,1.3213332
2007,3,27,0.56836128,1.3818597,6,1.4941789
2007,3,28,0.69098538,1.2954619,6,1.4682242
2007,3,29,0.51208311,1.169543,6,1.276738
2007,3,30,0.1041826,1.2656442,6,1.2699249
2007,3,31,-0.13338235,1.2862686,7,1.2931658
2007,4,1,-0.27569154,1.1311156,7,1.1642286
2007,4,2,-0.3700856,1.0402234,7,1.1040961
2007,4,3,-0.7993288,0.89556664,7,1.2004025
2007,4,4,-1.1332973,0.57359529,8,1.2701868
2007,4,5,-1.3839717,0.45046768,8,1.4554377
2007,4,6,-1.2380568,0.34412822,8,1.2849936
2007,4,7,-1.1489877,0.0622428991,8,1.1506723
2007,4,8,-1.3100978,-0.23931469,1,1.3317761
2007,4,9,-1.3386589,-0.25143605,1,1.3620675
2007,4,10,-1.026489,-0.0153269293,1,1.0266035
2007,4,11,-0.53186804,0.0719502643,8,0.53671265
2007,4,12,-0.46685857,0.11393007,8,0.48055902
2007,4,13,-0.45605615,0.16226496,8,0.48406315
2007,4,14,-0.27130783,0.20357595,8,0.33919185
2007,4,15,-0.22034277,0.38277215,7,0.44166216
2007,4,16,0.0300836712,0.46815288,6,0.46911848
2007,4,17,-0.18763277,0.38244626,7,0.42599437
2007,4,18,-0.38104635,0.50455278,7,0.63227355
2007,4,19,-0.52859282,0.34715375,8,0.63239712
2007,4,20,-0.53377396,0.0344497934,8,0.53488451
2007,4,21,-0.11297788,-0.12661193,2,0.16968967
2007,4,22,-0.0890075862,-0.1855296,2,0.20577557
2007,4,23,-0.0564011671,-0.37368768,2,0.37792006
2007,4,24,-0.21019204,-0.48076436,2,0.52470475
2007,4,25,-0.38120934,-0.58186948,2,0.69562393
2007,4,26,-0.29089227,-0.91113412,2,0.95644325
2007,4,27,-0.15629297,-1.127799,2,1.1385772
2007,4,28,0.1967794,-1.0524803,3,1.0707181
2007,4,29,0.45513356,-0.80509955,3,0.92484146
2007,4,30,0.49768236,-0.63977987,3,0.81055909
2007,5,1,0.56663692,-0.50941259,4,0.76195705
2007,5,2,0.83907139,-0.30174008,4,0.89167702
2007,5,3,1.0005896,-0.3504034,4,1.0601708
2007,5,4,0.86382544,-0.17839997,4,0.88205492
2007,5,5,0.75941151,0.0397906154,5,0.76045322
2007,5,6,0.60387838,0.2066575,5,0.63826048
2007,5,7,0.68042833,0.32941186,5,0.7559728
2007,5,8,0.47388551,0.22376902,5,0.52406114
2007,5,9,0.22709841,0.36496398,6,0.42985159
2007,5,10,0.0929695144,0.15724327,6,0.18267122
2007,5,11,-0.051692538,-0.0796180964,2,0.0949271247
2007,5,12,-0.28111681,-0.0332777798,1,0.28307962
2007,5,13,-0.45864442,0.24215321,8,0.51864523
2007,5,14,-0.36247605,0.40707737,7,0.54506958
2007,5,15,-0.30548432,0.62264401,7,0.69354612
2007,5,16,-0.4492262,0.84176087,7,0.95413077
2007,5,17,-0.32380357,0.96599162,7,1.0188172
2007,5,18,-0.52670062,1.1443249,7,1.2597195
2007,5,19,-0.76900715,1.3571446,7,1.5598761
2007,5,20,-1.127769,1.5064107,7,1.8817908
2007,5,21,-1.4140277,1.189253,8,1.8476464
2007,5,22,-1.8443661,0.99289775,8,2.0946436
2007,5,23,-2.0786052,0.76296794,8,2.2142086
2007,5,24,-2.2792668,0.35896134,8,2.3073602
2007,5,25,-2.1313753,-0.28897431,1,2.1508758
2007,5,26,-1.9730363,-0.77464551,1,2.1196575
2007,5,27,-1.8268524,-0.89340448,1,2.033608
2007,5,28,-1.6164423,-1.0807644,1,1.9444633
2007,5,29,-1.6679726,-1.141807,1,2.0213499
2007,5,30,-1.7300329,-1.1020075,1,2.0512033
2007,5,31,-1.562157,-0.83735669,1,1.7724279
2007,6,1,-1.3714452,-0.67893738,1,1.5302999
2007,6,2,-1.5324203,-0.72077394,1,1.6934659
2007,6,3,-1.5613625,-0.71507704,1,1.71732
2007,6,4,-1.4174269,-0.83135468,1,1.6432437
2007,6,5,-1.2905104,-0.94705564,1,1.6007284
2007,6,6,-1.2528673,-1.1588935,1,1.7066666
2007,6,7,-1.2411294,-1.2707549,2,1.776294
2007,6,8,-1.1292012,-1.3130723,2,1.7318355
2007,6,9,-0.76523113,-1.226862,2,1.4459491
2007,6,10,-0.63712162,-1.2940031,2,1.4423481
2007,6,11,-0.33198804,-1.3104769,2,1.3518748
2007,6,12,-0.25837365,-1.1977174,2,1.225269
2007,6,13,-0.25544426,-1.2749448,2,1.3002831
2007,6,14,-0.17759104,-1.1770277,2,1.1903498
2007,6,15,0.2691828,-1.3212699,3,1.3484114
2007,6,16,0.7787897,-1.2169776,3,1.4448348
2007,6,17,1.2791301,-0.99445742,4,1.6202221
2007,6,18,1.4708508,-0.64836884,4,1.6074153
2007,6,19,1.5065513,-0.54837561,4,1.6032506
2007,6,20,1.5871669,-0.41576767,4,1.6407198
2007,6,21,1.4923465,-0.19586168,4,1.5051445
2007,6,22,1.2621522,-0.39106637,4,1.3213482
2007,6,23,0.72928369,-0.15312155,4,0.74518514
2007,6,24,0.75326186,-0.00142779516,4,0.75326324
2007,6,25,1.005211,0.1354775,5,1.0142994
2007,6,26,0.95931363,0.28534222,5,1.000851
2007,6,27,0.59797651,0.61654687,6,0.8588981
2007,6,28,0.27298459,0.7121259,6,0.76265579
2007,6,29,0.0867246091,0.94769478,6,0.95165467
2007,6,30,0.27971321,1.0179325,6,1.0556638
2007,7,1,0.38332734,0.99465454,6,1.0659631
2007,7,2,0.2445339,0.58699697,6,0.63589483
2007,7,3,0.2153371,0.52562672,6,0.56802595
2007,7,4,0.13039927,0.60006183,6,0.6140669
2007,7,5,0.17652069,0.64259547,6,0.66639966
2007,7,6,0.00362804951,0.70097202,6,0.70098144
2007,7,7,-0.27785721,0.83648539,7,0.88142639
2007,7,8,-0.36151779,1.0279213,7,1.089641
2007,7,9,-0.21192914,1.4067221,7,1.4225965
2007,7,10,-0.24001825,1.5123087,7,1.5312369
2007,7,11,-0.60814023,1.3495477,7,1.4802411
2007,7,12,-0.80185866,1.0747653,7,1.3409317
2007,7,13,-0.90092236,0.68972898,8,1.1346308
2007,7,14,-1.0147302,0.0459033847,8,1.0157679
2007,7,15,-1.266481,-0.43226409,1,1.3382176
2007,7,16,-1.5707488,-0.70653987,1,1.7223387
2007,7,17,-1.9051139,-0.81888962,1,2.0736537
2007,7,18,-2.1470895,-0.97252047,1,2.3570721
2007,7,19,-2.1097167,-1.0331547,1,2.3491089
2007,7,20,-2.0285687,-1.4769189,1,2.509259
2007,7,21,-1.9645495,-1.6626546,1,2.5736892
2007,7,22,-1.7949635,-1.8910909,2,2.6073203
2007,7,23,-1.6180192,-2.0227091,2,2.590239
2007,7,24,-1.2418562,-1.7317709,2,2.1310179
2007,7,25,-0.92112577,-1.5575836,2,1.8095688
2007,7,26,-0.43229857,-1.281574,2,1.3525213
2007,7,27,0.081523031,-0.85075694,3,0.85465395
2007,7,28,0.26023388,-0.62105173,3,0.67336982
2007,7,29,0.33387214,-0.29864296,4,0.4479489
2007,7,30,0.50238615,-0.10528743,4,0.51330042
2007,7,31,0.65209228,0.29181239,5,0.71440804
2007,8,1,0.60811937,0.45714816,5,0.76078486
2007,8,2,0.46064278,0.42532787,5,0.62697333
2007,8,3,0.39605686,0.29688919,5,0.49497902
2007,8,4,0.43688217,0.41112167,5,0.59990591
2007,8,5,0.39560285,0.085591048,5,0.40475604
2007,8,6,0.33376569,-0.10078647,4,0.3486509
2007,8,7,0.49249876,-0.24947619,4,0.55208099
2007,8,8,0.50073832,-0.13855456,4,0.5195539
2007,8,9,0.32734743,-0.0971002281,4,0.34144515
2007,8,10,-0.10664868,-0.26958734,2,0.28991598
2007,8,11,-0.15509675,-0.42968521,2,0.45681986
2007,8,12,-0.0595293976,-0.71348643,2,0.71596551
2007,8,13,-0.18871105,-0.66590685,2,0.69212991
2007,8,14,-0.2584455,-0.82859486,2,0.86796516
2007,8,15,-0.33334976,-0.83315289,2,0.89736605
2007,8,16,-0.26094386,-1.0850061,2,1.1159436
2007,8,17,-0.2312808,-1.2145901,2,1.2364141
2007,8,18,-0.20450142,-1.077873,2,1.0971012
2007,8,19,-0.24162114,-0.69480515,2,0.73561877
2007,8,20,-0.34199306,-0.62795991,2,0.71504748
2007,8,21,-0.34880069,-0.16744465,1,0.38691035
2007,8,22,-0.45353734,-0.22169489,1,0.50482148
2007,8,23,-0.68539095,-0.50911117,1,0.85378855
2007,8,24,-0.92463559,-0.45784837,1,1.031783
2007,8,25,-0.98097575,-0.70781654,1,1.2096766
2007,8,26,-0.94037819,-0.80942363,1,1.240757
2007,8,27,-0.88412303,-0.99976522,2,1.3346175
2007,8,28,-1.0475765,-1.4567622,2,1.7943168
2007,8,29,-0.9508903,-1.5955383,2,1.8573999
2007,8,30,-0.75610447,-1.6006138,2,1.7702143
2007,8,31,-0.56569713,-1.6139905,2,1.7102569
2007,9,1,-0.56794202,-1.6849773,2,1.7781188
2007,9,2,-0.35637459,-1.4907379,2,1.5327435
2007,9,3,-0.33203828,-1.0391479,2,1.0909069
2007,9,4,-0.27851185,-0.84721875,2,0.89182311
2007,9,5,-0.0189053174,-0.69981074,2,0.70006603
2007,9,6,0.47646534,-0.65998393,3,0.81400126
2007,9,7,0.78644574,-0.33935443,4,0.85653859
2007,9,8,1.091197,-0.2451496,4,1.1183958
2007,9,9,1.2835709,0.0536600761,5,1.284692
2007,9,10,1.5189432,0.3102887,5,1.5503122
2007,9,11,1.4867308,0.70581621,5,1.6457658
2007,9,12,1.2435158,0.52145904,5,1.3484254
2007,9,13,1.0051377,0.54863131,5,1.1451192
2007,9,14,1.0084279,0.5632782,5,1.1550797
2007,9,15,1.3664755,0.43828753,5,1.4350439
2007,9,16,1.3989049,0.323991,5,1.4359336
2007,9,17,1.4280695,0.36535817,5,1.4740654
2007,9,18,1.3981881,0.33025107,5,1.4366614
2007,9,19,1.3175633,0.45780852,5,1.3948339
2007,9,20,1.2616578,0.60065365,5,1.3973422
2007,9,21,1.1323936,0.66292512,5,1.312168
2007,9,22,1.148645,0.85943055,5,1.4345753
2007,9,23,1.2702978,0.6736002,5,1.4378433
2007,9,24,0.95499426,0.40401667,5,1.0369395
2007,9,25,0.58590144,0.55334932,5,0.80590069
2007,9,26,0.52069032,0.74289131,6,0.90719676
2007,9,27,0.71537155,0.7972948,6,1.0711842
2007,9,28,0.53614473,0.58184797,6,0.79120052
2007,9,29,0.29130045,0.45497838,6,0.54024184
2007,9,30,0.082802251,0.45323125,6,0.46073288
2007,10,1,0.16692373,0.6708762,6,0.69133091
2007,10,2,0.27067861,0.94836271,6,0.98623461
2007,10,3,0.10989479,1.0232679,6,1.029152
2007,10,4,-0.0753591806,0.90809774,7,0.91121924
2007,10,5,-0.0883404687,0.9220705,7,0.92629266
2007,10,6,-0.11323935,0.76468456,7,0.77302372
2007,10,7,-0.62191397,0.62698919,7,0.88311517
2007,10,8,-1.0081954,0.64491439,8,1.1968176
2007,10,9,-1.2622745,0.87235934,8,1.5343884
2007,10,10,-1.3453528,0.88796508,8,1.6119728
2007,10,11,-1.5479224,0.66010457,8,1.6827958
2007,10,12,-1.5244014,0.77517205,8,1.7101729
2007,10,13,-1.5586599,0.777345,8,1.741748
2007,10,14,-1.6422373,0.48414031,8,1.7121142
2007,10,15,-1.5834994,0.34627765,8,1.620919
2007,10,16,-1.6435169,0.26773819,8,1.6651821
2007,10,17,-1.819818,0.0529400967,8,1.8205879
2007,10,18,-1.8826022,-0.0708323792,1,1.8839343
2007,10,19,-2.0032961,-0.27512649,1,2.0221004
2007,10,20,-1.5581378,-0.38482612,1,1.6049562
2007,10,21,-1.0616678,-0.46804386,1,1.1602601
2007,10,22,-0.64533216,-0.39920694,1,0.75882792
2007,10,23,-0.0768131092,-0.36181533,2,0.36987916
2007,10,24,0.50228679,-0.17283002,4,0.53118944
2007,10,25,0.66515565,-0.0643869564,4,0.66826469
2007,10,26,0.71186018,0.13726082,5,0.72497272
2007,10,27,0.93649608,0.40497088,5,1.0203069
2007,10,28,1.2101625,0.15191448,5,1.2196603
2007,10,29,1.0537105,-0.2505042,4,1.0830781
2007,10,30,0.82750857,-0.26843366,4,0.8699581
2007,10,31,0.72620207,-0.36856806,4,0.8143782
2007,11,1,0.71501184,-0.39350834,4,0.81614381
2007,11,2,0.81629771,-0.35754049,4,0.89116621
2007,11,3,0.66556042,-0.33042538,4,0.74306905
2007,11,4,0.59419721,-0.32230058,4,0.67597926
2007,11,5,0.882375,-0.19883288,4,0.90449995
2007,11,6,0.91757202,-0.0149496729,4,0.91769379
2007,11,7,0.85939318,0.19528015,5,0.88130075
2007,11,8,0.52246499,0.31586421,5,0.61052424
2007,11,9,0.18314302,0.29518819,6,0.34738657
2007,11,10,0.32909003,0.33505523,6,0.46964055
2007,11,11,0.56041723,0.45365813,5,0.72102231
2007,11,12,0.6360119,0.43473804,5,0.77039492
2007,11,13,0.97589588,0.27572805,5,1.0141
2007,11,14,1.2344797,0.54830146,5,1.3507681
2007,11,15,1.3398995,1.1088973,5,1.739248
2007,11,16,1.5889151,1.4910395,5,2.1789563
2007,11,17,1.6336354,1.6914532,6,2.3515482
2007,11,18,1.3620058,1.6393353,6,2.1313095
2007,11,19,0.91402858,1.5818893,6,1.8269707
2007,11,20,0.61324251,1.6254572,6,1.7372903
2007,11,21,0.34980887,1.8076496,6,1.8411853
2007,11,22,0.79356074,1.7031082,6,1.8789135
2007,11,23,1.0038686,1.6466918,6,1.9285606
2007,11,24,0.69596028,1.8143765,6,1.9432763
2007,11,25,0.10554127,2.0215886,6,2.0243416
2007,11,26,-0.18659554,2.4535,7,2.4605854
2007,11,27,-0.42337301,2.8082631,7,2.8399975
2007,11,28,-1.0993735,2.8218095,7,3.028404
2007,11,29,-2.0857568,2.4457176,7,3.2143297
2007,11,30,-2.779037,2.0094476,8,3.4294207
2007,12,1,-2.8930147,1.4453663,8,3.2339785
2007,12,2,-2.8328934,1.194355,8,3.074373
2007,12,3,-2.6350143,0.66489315,8,2.7176061
2007,12,4,-2.4713745,-0.23406668,1,2.482434
2007,12,5,-2.4612381,-0.86993712,1,2.6104567
2007,12,6,-2.1216259,-1.0556072,1,2.3697264
2007,12,7,-1.3286835,-1.4763291,2,1.9861891
2007,12,8,-0.59719598,-1.6157413,2,1.7225745
2007,12,9,-0.31383979,-1.747728,2,1.7756826
2007,12,10,-0.32896808,-1.8567781,2,1.8856949
2007,12,11,0.0256625563,-2.0625064,3,2.0626662
2007,12,12,0.20237601,-1.9308101,3,1.9413871
2007,12,13,0.0544589423,-1.8863649,3,1.8871509
2007,12,14,-0.19347812,-2.0076287,2,2.0169299
2007,12,15,-0.39917153,-2.3562431,2,2.3898158
2007,12,16,-0.63465923,-2.5911708,2,2.6677628
2007,12,17,-0.20731089,-2.629185,2,2.6373456
2007,12,18,0.36971602,-2.4629157,3,2.4905107
2007,12,19,0.78527123,-2.2554696,3,2.3882618
2007,12,20,0.91649425,-2.1765542,3,2.3616414
2007,12,21,1.1963898,-1.8868446,3,2.2341735
2007,12,22,1.6435845,-1.3341459,4,2.1169116
2007,12,23,1.8621957,-0.8631826,4,2.0525246
2007,12,24,1.73457,-0.75174963,4,1.8904657
2007,12,25,1.2964653,-0.63358682,4,1.4430019
2007,12,26,1.1266773,-0.41673389,4,1.201278
2007,12,27,1.1142429,-0.0248296708,4,1.1145195
2007,12,28,1.2327342,0.29350027,5,1.2671922
2007,12,29,1.4196017,0.42326504,5,1.4813583
2007,12,30,1.2496617,0.55709016,5,1.3682119
2007,12,31,1.2748345,0.70887434,5,1.4586657
2008,1,1,1.3457007,0.74316329,5,1.537271
2008,1,2,1.4720769,0.83734727,5,1.6935645
2008,1,3,1.825171,0.98635197,5,2.0746419
2008,1,4,1.6953635,1.4618734,5,2.2386003
2008,1,5,1.159752,1.7131518,6,2.0687952
2008,1,6,0.74360704,2.0092909,6,2.1424756
2008,1,7,0.24321932,2.1812594,6,2.1947775
2008,1,8,-0.19068646,2.0981112,7,2.1067586
2008,1,9,-0.52852052,1.9094813,7,1.9812756
2008,1,10,-0.68237382,1.8901058,7,2.009511
2008,1,11,-0.75820315,1.7749137,7,1.9300753
2008,1,12,-0.55797404,1.6680042,7,1.7588556
2008,1,13,-0.54493606,1.6630156,7,1.7500218
2008,1,14,-0.67888856,1.8290561,7,1.9509833
2008,1,15,-0.81280833,2.0197093,7,2.1771274
2008,1,16,-0.80485469,2.2656403,7,2.4043536
2008,1,17,-0.56396109,2.4580462,7,2.5219126
2008,1,18,-0.58658767,2.3763683,7,2.447695
2008,1,19,-0.67101157,2.1218369,7,2.2254097
2008,1,20,-1.0068338,1.7522674,7,2.0209293
2008,1,21,-0.82402712,1.0691565,7,1.3498579
2008,1,22,-0.86726069,0.23968153,8,0.89977127
2008,1,23,-1.1396514,-0.18085308,1,1.1539121
2008,1,24,-1.2276955,-0.92685443,1,1.5382768
2008,1,25,-1.2318995,-1.2480283,2,1.7536108
2008,1,26,-0.95689797,-1.3616705,2,1.6642717
2008,1,27,-0.53876585,-1.2993714,2,1.4066395
2008,1,28,-0.21752149,-1.2460021,2,1.2648466
2008,1,29,0.013764116,-1.3592447,3,1.3593144
2008,1,30,-0.0699570775,-1.4501389,2,1.4518254
2008,1,31,-0.0540788211,-1.2943747,2,1.295504
2008,2,1,-0.0180429667,-1.228793,2,1.2289255
2008,2,2,0.56459254,-1.2343663,3,1.3573595
2008,2,3,0.75162548,-1.0911233,3,1.3249494
2008,2,4,0.94529659,-0.99711728,3,1.3739827
2008,2,5,1.0751213,-0.64333701,4,1.2529039
2008,2,6,1.5362799,-0.40059075,4,1.5876489
2008,2,7,1.8531349,-0.2687737,4,1.8725245
2008,2,8,1.9232103,-0.38118514,4,1.9606223
2008,2,9,1.9195256,-0.00938058179,4,1.9195485
2008,2,10,1.8178186,0.27688605,5,1.8387851
2008,2,11,1.6706306,0.6227318,5,1.7829194
2008,2,12,1.3828007,0.6550256,5,1.5300968
2008,2,13,0.80390781,0.76827025,5,1.1119833
2008,2,14,0.17231545,1.0271783,6,1.0415314
2008,2,15,-0.28749955,1.2139715,7,1.2475507
2008,2,16,-0.60406369,1.4487028,7,1.5695964
2008,2,17,-0.79829365,1.2596421,7,1.4912984
2008,2,18,-1.1972494,0.69938707,8,1.38656
2008,2,19,-1.2129695,0.26722056,8,1.2420555
2008,2,20,-1.1253897,-0.12342203,1,1.1321374
2008,2,21,-1.0506462,-0.0275578182,1,1.0510075
2008,2,22,-0.99467921,-0.0105444975,1,0.99473506
2008,2,23,-0.80750155,-0.0569124892,1,0.80950469
2008,2,24,-0.54167396,-0.00294740289,1,0.54168195
2008,2,25,-0.45343015,-0.19853003,1,0.49498793
2008,2,26,-0.6863243,-0.35094082,1,0.77084404
2008,2,27,-0.80317271,-0.22313903,1,0.83359307
2008,2,28,-0.66709977,-0.0481116772,1,0.66883248
2008,2,29,-0.47937086,-0.0595897697,1,0.48306042
2008,3,1,-0.69373906,-0.1333428,1,0.70643771
2008,3,2,-1.2756062,-0.33302134,1,1.3183604
2008,3,3,-1.6452321,-0.54743284,1,1.7339178
2008,3,4,-1.7948731,-0.84266847,1,1.9828414
2008,3,5,-1.8022914,-0.93400633,1,2.0299315
2008,3,6,-1.8648918,-1.0140994,1,2.1227856
2008,3,7,-2.047303,-1.1575131,1,2.3518686
2008,3,8,-1.9187444,-1.3767092,1,2.3615479
2008,3,9,-1.9875317,-1.7206656,1,2.6288729
2008,3,10,-1.7159021,-2.0203085,2,2.6506541
2008,3,11,-1.6299586,-2.194947,2,2.7339637
2008,3,12,-1.3953093,-2.3791447,2,2.7581184
2008,3,13,-1.2322416,-2.510206,2,2.7963464
2008,3,14,-0.88177586,-2.7090299,2,2.8489246
2008,3,15,-0.87042403,-2.4221001,2,2.5737534
2008,3,16,-0.63213152,-2.1332114,2,2.2249002
2008,3,17,-0.1048478,-2.1891742,2,2.1916835
2008,3,18,0.26480976,-2.0052016,3,2.0226116
2008,3,19,0.61949426,-1.8465095,3,1.9476576
2008,3,20,0.83034331,-1.5494621,3,1.7579256
2008,3,21,1.1852139,-1.1927266,3,1.6814662
2008,3,22,1.364415,-0.98708022,4,1.6840296
2008,3,23,1.4095376,-0.58552009,4,1.5263125
2008,3,24,1.6273642,-0.20759928,4,1.6405522
2008,3,25,1.5303953,0.10204303,5,1.5337934
2008,3,26,1.2263281,0.26564652,5,1.2547704
2008,3,27,0.80300397,0.59668154,5,1.000422
2008,3,28,0.32478169,0.50122672,6,0.5972532
2008,3,29,0.26959279,0.63867134,6,0.69323975
2008,3,30,0.19950947,0.69409293,6,0.72219735
2008,3,31,-0.3121424,0.95076215,7,1.0006906
2008,4,1,-0.84801263,1.081616,7,1.3744158
2008,4,2,-1.192896,1.0684744,8,1.6014489
2008,4,3,-1.2607956,0.99345249,8,1.6051645
2008,4,4,-1.2885668,0.49607861,8,1.3807601
2008,4,5,-1.4651576,0.28025138,8,1.4917197
2008,4,6,-1.5219157,0.14194041,8,1.5285203
2008,4,7,-1.3720247,0.3016766,8,1.4047991
2008,4,8,-1.1887281,0.12428249,8,1.1952074
2008,4,9,-1.2066129,0.14160745,8,1.2148941
2008,4,10,-1.2141268,-0.22316685,1,1.2344664
2008,4,11,-0.99273837,-0.38655588,1,1.0653427
2008,4,12,-0.8504529,-0.41870487,1,0.94793665
2008,4,13,-0.54176259,-0.60531431,2,0.81234974
2008,4,14,-0.22927855,-0.80408692,2,0.83613664
2008,4,15,0.0112638418,-0.51242328,3,0.51254708
2008,4,16,0.24387105,-0.29996204,3,0.38658804
2008,4,17,0.28929484,-0.39580593,3,0.49025893
2008,4,18,0.29803395,-0.53310865,3,0.61076105
2008,4,19,0.20377399,-0.31025308,3,0.37118837
2008,4,20,0.26007003,-0.10478912,4,0.28038755
2008,4,21,0.35751209,-0.1315887,4,0.38095993
2008,4,22,0.20008878,-0.48443827,3,0.5241335
2008,4,23,0.20568952,-0.3217485,3,0.3818773
2008,4,24,0.20212181,0.0507718064,5,0.20840107
2008,4,25,0.31796291,0.74163222,6,0.80691928
2008,4,26,0.0866166651,1.0380005,6,1.0416081
2008,4,27,0.26053616,0.9052254,6,0.94197243
2008,4,28,0.12465233,0.51902443,6,0.53378326
2008,4,29,-0.0391951092,0.42028013,7,0.42210382
2008,4,30,0.0987442806,0.24491481,6,0.2640714
2008,5,1,0.34383571,0.0997057855,5,0.35800034
2008,5,2,0.83061415,0.30923361,5,0.88630992
2008,5,3,1.1891806,0.43155423,5,1.265065
2008,5,4,1.1422485,0.76479852,5,1.3746449
2008,5,5,1.2566946,0.99482864,5,1.6027992
2008,5,6,1.1973993,1.0544176,5,1.5954815
2008,5,7,0.91376126,1.0028076,6,1.3566808
2008,5,8,0.74083298,1.0813755,6,1.3108038
2008,5,9,0.44453412,1.2687541,6,1.3443763
2008,5,10,0.45901728,1.444243,6,1.5154321
2008,5,11,0.45180967,1.3732898,6,1.4457029
2008,5,12,0.41924089,1.3892608,6,1.4511404
2008,5,13,0.1442083,1.375761,6,1.3832984
2008,5,14,-0.34611809,1.5432943,7,1.5816305
2008,5,15,-0.75444955,1.5561749,7,1.7294145
2008,5,16,-0.77588373,1.9602975,7,2.1082604
2008,5,17,-0.83249259,2.2308803,7,2.3811491
2008,5,18,-1.1926969,1.9069515,7,2.2492199
2008,5,19,-1.7584262,1.9380559,7,2.6168919
2008,5,20,-2.22242,1.9734796,8,2.9721663
2008,5,21,-2.6763244,1.5529464,8,3.0942454
2008,5,22,-2.680089,0.84449112,8,2.8099897
2008,5,23,-2.5499966,0.20320344,8,2.5580802
2008,5,24,-2.298466,-0.0700441524,1,2.2995329
2008,5,25,-1.9994384,-0.49581841,1,2.0599976
2008,5,26,-1.6874236,-0.38439426,1,1.7306522
2008,5,27,-1.5965117,-0.35556549,1,1.6356272
2008,5,28,-1.1007904,-0.29526451,1,1.139702
2008,5,29,-1.0965495,-0.27904558,1,1.1314977
2008,5,30,-1.2394855,-0.28780159,1,1.2724599
2008,5,31,-1.0449076,-0.53690672,1,1.1747768
2008,6,1,-0.76069546,-0.81585783,2,1.1154736
2008,6,2,-0.58092636,-0.99391931,2,1.1512389
2008,6,3,-0.52904475,-1.4583364,2,1.5513328
2008,6,4,-0.24695803,-1.415265,2,1.43665
2008,6,5,0.27416801,-1.5050944,3,1.5298618
2008,6,6,0.40076765,-1.5849662,3,1.6348494
2008,6,7,0.5469799,-1.4536349,3,1.5531392
2008,6,8,0.60141516,-1.2092761,3,1.3505735
2008,6,9,0.61721748,-0.89622158,3,1.0881959
2008,6,10,0.98455882,-0.60957676,4,1.1579896
2008,6,11,1.1096419,-0.34863758,4,1.1631222
2008,6,12,0.93765491,-0.41566813,4,1.0256592
2008,6,13,0.97180235,-0.18664233,4,0.98956311
2008,6,14,0.97179818,0.12341605,5,0.97960365
2008,6,15,0.84166265,0.34428692,5,0.90935665
2008,6,16,0.67500645,0.60452056,5,0.90613395
2008,6,17,0.49202958,0.41732064,5,0.64517409
2008,6,18,0.2503522,0.47566935,6,0.53752911
2008,6,19,0.13076697,0.56015939,6,0.57522047
2008,6,20,0.0769286752,0.4550243,6,0.46148148
2008,6,21,-0.00562534854,0.30695087,7,0.3070024
2008,6,22,-0.17168023,0.18208516,7,0.25025809
2008,6,23,-0.36359528,0.42382851,7,0.55841929
2008,6,24,-0.42356065,0.37313968,8,0.56447923
2008,6,25,-0.471688,0.39060789,8,0.61242473
2008,6,26,-0.58516741,0.44839668,8,0.73721129
2008,6,27,-0.80250645,0.47488877,8,0.93248916
2008,6,28,-0.80692798,0.0736819282,8,0.81028503
2008,6,29,-0.85481924,-0.29522169,1,0.90436262
2008,6,30,-1.1066825,-0.32857016,1,1.1544282
2008,7,1,-1.4669362,-0.32519403,1,1.5025489
2008,7,2,-1.7104055,-0.32188025,1,1.7404292
2008,7,3,-1.6522501,-0.4425191,1,1.7104833
2008,7,4,-1.4971758,-0.19705917,1,1.5100887
2008,7,5,-1.4100603,-0.00643148599,1,1.4100749
2008,7,6,-1.2385366,-0.21194823,1,1.2565408
2008,7,7,-1.057849,-0.39350942,1,1.1286693
2008,7,8,-1.0084709,-0.38282555,1,1.0786885
2008,7,9,-1.3023444,-0.47246781,1,1.3853978
2008,7,10,-1.3825792,-0.46916473,1,1.460014
2008,7,11,-1.3386167,-0.29534379,1,1.370811
2008,7,12,-1.0929302,-0.46930081,1,1.1894282
2008,7,13,-1.0299698,-0.81344342,1,1.3124511
2008,7,14,-0.98215938,-0.80587018,1,1.2704581
2008,7,15,-0.75608653,-0.96138477,2,1.2230812
2008,7,16,-0.25626406,-1.3856157,2,1.409114
2008,7,17,-0.13613635,-1.5739812,2,1.5798575
2008,7,18,-0.0728952289,-1.5061544,2,1.5079173
2008,7,19,0.11233862,-1.6315845,3,1.6354474
2008,7,20,0.26287401,-1.5909983,3,1.6125689
2008,7,21,0.389267,-1.123548,3,1.1890707
2008,7,22,0.50278026,-0.65483147,3,0.82558596
2008,7,23,0.59959441,-0.64120942,3,0.87787414
2008,7,24,0.6897527,-0.20452993,4,0.7194382
2008,7,25,0.87276208,-0.11836969,4,0.88075256
2008,7,26,0.95251584,0.0442064442,5,0.9535411
2008,7,27,0.89290839,0.39965633,5,0.97826916
2008,7,28,0.79671752,0.50872093,5,0.94528079
2008,7,29,0.83349985,0.2750062,5,0.8776961
2008,7,30,0.79266119,0.0552313738,5,0.79458308
2008,7,31,0.77836984,-0.29737291,4,0.83324081
2008,8,1,0.99172527,-0.27744403,4,1.029803
2008,8,2,1.0589253,-0.16255562,4,1.0713296
2008,8,3,0.88981366,-0.16539653,4,0.90505493
2008,8,4,0.57258743,-0.0947816223,4,0.58037913
2008,8,5,0.38425717,-0.13946426,4,0.40878338
2008,8,6,0.00791064743,-0.4664793,3,0.46654639
2008,8,7,-0.22301967,-0.76942182,2,0.80109155
2008,8,8,-0.47972867,-0.90439981,2,1.0237571
2008,8,9,-0.46852592,-0.89245951,2,1.0079685
2008,8,10,-0.3293888,-0.89534485,2,0.95401227
2008,8,11,-0.13146444,-0.99029142,2,0.99897945
2008,8,12,-0.20325756,-1.0591935,2,1.0785196
2008,8,13,-0.4070518,-0.95072961,2,1.034204
2008,8,14,-0.61763775,-1.0332322,2,1.2037629
2008,8,15,-0.58262712,-0.90283513,2,1.0745071
2008,8,16,-0.50229591,-1.0077728,2,1.1260139
2008,8,17,-0.52666593,-1.1251535,2,1.2423154
2008,8,18,-0.48214355,-1.1565466,2,1.2530214
2008,8,19,-0.34148026,-1.2737585,2,1.3187379
2008,8,20,-0.22630167,-1.4139955,2,1.4319901
2008,8,21,-0.28015244,-1.6300956,2,1.6539943
2008,8,22,-0.10713214,-1.721415,2,1.7247455
2008,8,23,-0.10041349,-1.8936017,2,1.8962622
2008,8,24,-0.25644803,-1.7657204,2,1.7842461
2008,8,25,-0.41683787,-1.5678822,2,1.6223465
2008,8,26,-0.17194189,-1.4448793,2,1.455074
2008,8,27,-0.2222532,-1.5286413,2,1.5447139
2008,8,28,-0.0938685313,-1.4995047,2,1.5024399
2008,8,29,-0.12683035,-1.5433165,2,1.5485191
2008,8,30,-0.27463311,-1.4487528,2,1.4745535
2008,8,31,-0.30760449,-1.3092979,2,1.3449466
2008,9,1,-0.19713511,-1.3217765,2,1.3363963
2008,9,2,-0.0288856812,-1.4562808,2,1.4565673
2008,9,3,0.0997973755,-1.2508894,3,1.2548641
2008,9,4,0.34449434,-1.150202,3,1.2006836
2008,9,5,0.76948738,-1.0101737,3,1.2698668
2008,9,6,1.1384164,-1.0899045,4,1.5760342
2008,9,7,1.4562846,-0.9231621,4,1.7242371
2008,9,8,1.6283327,-0.75470889,4,1.7947292
2008,9,9,1.6917392,-0.53735059,4,1.7750288
2008,9,10,2.110673,-0.25938177,4,2.1265509
2008,9,11,2.2614698,0.17490476,5,2.2682233
2008,9,12,2.2766762,0.45138571,5,2.320992
2008,9,13,2.0458214,0.50858718,5,2.1080906
2008,9,14,1.8220923,0.53425109,5,1.8988008
2008,9,15,1.8851948,0.53606057,5,1.9599286
2008,9,16,1.627036,0.52410865,5,1.7093672
2008,9,17,1.3711959,0.63830286,5,1.5124843
2008,9,18,0.99933231,0.45457095,5,1.0978614
2008,9,19,0.93558621,0.48818326,5,1.0552936
2008,9,20,0.88190353,0.54870576,5,1.0386684
2008,9,21,1.0523964,0.63511056,5,1.2291882
2008,9,22,1.068735,0.6861822,5,1.2700553
2008,9,23,0.96429485,0.72163588,5,1.2044181
2008,9,24,0.82600528,0.83007103,6,1.1710263
2008,9,25,0.69076282,0.92843425,6,1.1572137
2008,9,26,0.4456504,0.82247359,6,0.9354502
2008,9,27,-0.0327494219,1.0790015,7,1.0794984
2008,9,28,-0.50011545,0.89447898,7,1.0247966
2008,9,29,-0.59578472,0.76066899,7,0.96621776
2008,9,30,-0.72514385,0.48962951,8,0.87496895
2008,10,1,-0.56432551,0.21997382,8,0.60568291
2008,10,2,-0.7695744,-0.000234017105,1,0.7695744
2008,10,3,-0.96432209,0.0799488202,8,0.96763057
2008,10,4,-0.85298938,-0.0888027176,1,0.85759944
2008,10,5,-0.78883255,-0.21968484,1,0.81885171
2008,10,6,-0.66833591,-0.26176503,1,0.71777004
2008,10,7,-0.25553471,-0.34477416,2,0.42914706
2008,10,8,-0.41829261,-0.51076472,2,0.66018885
2008,10,9,-0.70685107,-0.60629696,1,0.93125427
2008,10,10,-0.55286378,-0.69163156,2,0.88544482
2008,10,11,-0.40934744,-0.74919778,2,0.85373455
2008,10,12,-0.27026084,-0.75714654,2,0.80393517
2008,10,13,-0.0287004206,-0.68496412,2,0.68556511
2008,10,14,0.0642289445,-0.88092405,3,0.88326246
2008,10,15,0.26226836,-1.0283971,3,1.061313
2008,10,16,0.48074564,-0.90185577,3,1.0219884
2008,10,17,0.56778598,-1.1043499,3,1.2417606
2008,10,18,0.67846996,-1.2522892,3,1.4242716
2008,10,19,1.0617164,-1.4846588,3,1.825227
2008,10,20,1.4948853,-1.4747533,4,2.0998998
2008,10,21,1.5466224,-1.4746886,4,2.1369951
2008,10,22,1.6186359,-1.3033043,4,2.0781205
2008,10,23,1.8370639,-1.0366722,4,2.1093822
2008,10,24,2.1718249,-0.79331189,4,2.3121781
2008,10,25,2.3884819,-0.46100056,4,2.4325638
2008,10,26,2.1962402,-0.31858766,4,2.2192271
2008,10,27,2.0460544,-0.24342002,4,2.0604835
2008,10,28,2.1153688,0.19995019,5,2.1247976
2008,10,29,1.9879838,0.43240747,5,2.034467
2008,10,30,1.8452342,0.65910178,5,1.9594142
2008,10,31,1.3351507,0.83068484,5,1.5724709
2008,11,1,0.7628724,0.85699004,6,1.1473475
2008,11,2,0.44345397,0.67714626,6,0.80943096
2008,11,3,0.11874529,0.68359232,6,0.69382912
2008,11,4,-0.0792899206,0.31270954,7,0.32260525
2008,11,5,0.0073930705,-0.10666854,3,0.10692444
2008,11,6,0.0978629962,-0.29413778,3,0.30999064
2008,11,7,0.41834846,-0.26826304,4,0.49697131
2008,11,8,0.75437444,-0.102993,4,0.76137269
2008,11,9,1.1581552,-0.0292004775,4,1.1585233
2008,11,10,1.2772323,-0.0277210642,4,1.2775331
2008,11,11,1.2825233,-0.039413292,4,1.2831287
2008,11,12,1.3448063,-0.20244186,4,1.3599583
2008,11,13,1.1983329,-0.0684908926,4,1.2002887
2008,11,14,0.99187493,0.0570646189,5,0.99351513
2008,11,15,1.030044,0.0282201655,5,1.0304306
2008,11,16,1.1284437,0.21559493,5,1.1488544
2008,11,17,1.2173209,0.1311897,5,1.2243696
2008,11,18,1.1897302,0.18911833,5,1.2046674
2008,11,19,1.3742505,0.22687639,5,1.3928522
2008,11,20,1.600345,0.19762492,5,1.612501
2008,11,21,1.7232207,0.63547128,5,1.8366582
2008,11,22,1.9281765,0.88306773,5,2.1207719
2008,11,23,1.8603573,1.0465784,5,2.1345387
2008,11,24,1.4565951,1.0521219,5,1.7968388
2008,11,25,1.2303948,1.4140064,6,1.8743761
2008,11,26,0.87399316,1.4720911,6,1.7119918
2008,11,27,0.59282601,1.2329801,6,1.3680946
2008,11,28,0.35949844,1.4015824,6,1.4469527
2008,11,29,0.12487105,1.4802681,6,1.4855257
2008,11,30,-0.00541074155,1.5186912,7,1.5187008
2008,12,1,0.15553592,1.4901489,6,1.498244
2008,12,2,0.53238076,1.3928739,6,1.4911495
2008,12,3,0.48440114,1.1832446,6,1.2785586
2008,12,4,0.27543849,0.90574962,6,0.94670415
2008,12,5,-0.0738143846,0.65324587,7,0.65740299
2008,12,6,0.0626956597,0.41324696,6,0.41797581
2008,12,7,0.11845019,0.63089812,6,0.64192122
2008,12,8,0.20041063,0.62749088,6,0.65871787
2008,12,9,0.23077837,0.72070217,6,0.75674981
2008,12,10,0.40149462,0.38624331,5,0.55711925
2008,12,11,0.64536005,0.31355548,5,0.71750027
2008,12,12,0.36670527,0.51094097,6,0.62891448
2008,12,13,0.26709887,1.0911818,6,1.1233964
2008,12,14,-0.0711298957,1.1388854,7,1.1411045
2008,12,15,-0.0442344695,0.87873179,7,0.87984443
2008,12,16,-0.25571421,0.99551898,7,1.0278364
2008,12,17,-0.57110041,1.2291234,7,1.3553228
2008,12,18,-0.7665233,1.2427334,7,1.4601178
2008,12,19,-0.62600642,1.0418794,7,1.2154821
2008,12,20,-0.33562168,0.65200824,7,0.73331892
2008,12,21,-0.16945733,0.39856222,7,0.43309081
2008,12,22,0.0160172004,0.22195534,6,0.22253253
2008,12,23,0.12426306,0.0268134177,5,0.12712304
2008,12,24,0.50632536,0.0159068219,5,0.50657517
2008,12,25,0.87130469,-0.0735118464,4,0.87440026
2008,12,26,1.0479821,-0.0473856218,4,1.0490528
2008,12,27,1.1937152,0.15247247,5,1.2034134
2008,12,28,1.011035,0.39506829,5,1.0854818
2008,12,29,0.78633195,0.29323581,5,0.83922893
2008,12,30,0.9476437,0.67719287,5,1.1647397
2008,12,31,0.89489108,0.76940304,5,1.1801741
2009,1,1,0.70836031,0.86085081,6,1.1148266
2009,1,2,0.14055797,0.87535805,6,0.88657105
2009,1,3,-0.0566947237,1.1622564,7,1.1636384
2009,1,4,-0.0673573539,1.1677076,7,1.1696486
2009,1,5,-0.0693988726,1.0471894,7,1.0494864
2009,1,6,0.0217555761,1.1102775,6,1.1104907
2009,1,7,-0.0336177535,1.2319527,7,1.2324113
2009,1,8,-0.0761518776,1.1732639,7,1.1757326
2009,1,9,0.0399432182,1.2209857,6,1.2216388
2009,1,10,0.27365392,1.1337531,6,1.1663115
2009,1,11,0.1258727,1.2348861,6,1.2412846
2009,1,12,-0.1862343,1.7218862,7,1.7319281
2009,1,13,-0.60757428,2.1070232,7,2.1928732
2009,1,14,-0.77792269,2.1261322,7,2.2639792
2009,1,15,-1.1651986,1.9549862,7,2.2758863
2009,1,16,-1.7762725,1.601848,8,2.3918741
2009,1,17,-2.1282358,1.3014168,8,2.4946089
2009,1,18,-2.0941327,0.88188291,8,2.2722476
2009,1,19,-1.9967878,0.35526511,8,2.0281456
2009,1,20,-1.5953922,0.1419052,8,1.6016908
2009,1,21,-1.5634671,-0.3352026,1,1.5989966
2009,1,22,-1.2255541,-0.62176114,1,1.3742524
2009,1,23,-0.9101274,-0.75817782,1,1.1845529
2009,1,24,-0.57431602,-0.87573051,2,1.0472549
2009,1,25,-0.34723848,-0.81585526,2,0.88667601
2009,1,26,-0.20124556,-0.68025345,2,0.70939732
2009,1,27,-0.00995176751,-0.80280077,2,0.80286247
2009,1,28,0.135399,-0.7160058,3,0.72869557
2009,1,29,0.3785421,-0.60357964,3,0.71246231
2009,1,30,0.36616716,-0.55938381,3,0.66857207
2009,1,31,0.65436292,-0.45909932,4,0.79935157
2009,2,1,0.98983872,-0.12481917,4,0.99767756
2009,2,2,1.2254105,-0.12149275,4,1.2314184
2009,2,3,1.4020182,0.10893505,5,1.4062438
2009,2,4,1.8872509,0.52267075,5,1.9582903
2009,2,5,2.1456349,0.69152647,5,2.2543199
2009,2,6,2.0307992,0.52498251,5,2.0975585
2009,2,7,1.8102524,0.35930538,5,1.845566
2009,2,8,1.5023204,0.62723053,5,1.6280003
2009,2,9,0.99303621,0.74175298,5,1.2394831
2009,2,10,0.70998609,0.68216991,5,0.98459941
2009,2,11,0.70598328,0.79333556,6,1.0619763
2009,2,12,0.68791002,0.75411648,6,1.0207409
2009,2,13,0.15877563,0.51772767,6,0.54152715
2009,2,14,-0.0416550227,0.45792103,7,0.45981172
2009,2,15,-0.14575991,0.22974442,7,0.2720817
2009,2,16,-0.18395688,0.18386024,8,0.26008597
2009,2,17,-0.20906304,0.17157803,8,0.27045587
2009,2,18,0.0022377912,0.14067458,6,0.14069237
2009,2,19,-0.0705334395,0.29272816,7,0.30110586
2009,2,20,-0.0875003189,0.46143392,7,0.46965685
2009,2,21,0.11907277,0.22575532,6,0.25523281
2009,2,22,0.10113344,-0.27681401,3,0.29470998
2009,2,23,0.15858604,-0.63952869,3,0.65889794
2009,2,24,0.26717806,-1.1285679,3,1.1597627
2009,2,25,0.49926606,-1.2429516,3,1.3394758
2009,2,26,0.56403089,-1.0018588,3,1.1497182
2009,2,27,0.99926388,-0.84142452,4,1.3063397
2009,2,28,1.0651423,-0.39201292,4,1.13499
2009,3,1,1.0737542,-0.20731649,4,1.093585
2009,3,2,1.0802997,-0.15637469,4,1.0915588
2009,3,3,0.95961887,0.1309666,5,0.96851468
2009,3,4,0.83956552,0.0926131681,5,0.8446582
2009,3,5,0.70708293,0.0177323613,5,0.70730525
2009,3,6,0.75880063,-0.13299823,4,0.77036804
2009,3,7,0.41155088,0.17068383,5,0.44554135
2009,3,8,0.29111731,0.23701559,5,0.37540069
2009,3,9,-0.0902745575,0.20359442,7,0.22271098
2009,3,10,-0.61728632,0.33731604,8,0.70343763
2009,3,11,-1.0436738,0.266689,8,1.0772084
2009,3,12,-1.2824363,0.31087786,8,1.3195786
2009,3,13,-1.2994802,0.21515377,8,1.3171712
2009,3,14,-1.0387182,0.23488845,8,1.0649451
2009,3,15,-0.55933601,0.20141579,8,0.59449565
2009,3,16,-0.19692579,0.2885755,7,0.34936455
2009,3,17,0.12298918,0.31492954,6,0.33809313
2009,3,18,0.32075942,0.40639737,6,0.51773101
2009,3,19,0.69619143,0.41872042,5,0.81240952
2009,3,20,0.74138594,0.76945561,6,1.0685107
2009,3,21,0.76880288,1.0724339,6,1.3195349
2009,3,22,0.54710299,0.99806648,6,1.138182
2009,3,23,0.11342824,1.2021539,6,1.2074933
2009,3,24,-0.26307213,1.0508603,7,1.0832887
2009,3,25,-0.81270057,0.7187081,8,1.0849072
2009,3,26,-1.4773635,0.67866361,8,1.6257881
2009,3,27,-1.9098699,0.66579247,8,2.022593
2009,3,28,-2.2286344,0.37540308,8,2.2600307
2009,3,29,-2.3899913,0.0242274664,8,2.3901141
2009,3,30,-2.5007281,-0.15299037,1,2.5054035
2009,3,31,-2.7564623,-0.43721086,1,2.7909207
2009,4,1,-2.7531929,-0.77923876,1,2.8613431
2009,4,2,-2.3579867,-1.1560115,1,2.6261117
2009,4,3,-1.9170365,-1.3605728,1,2.3507845
2009,4,4,-1.4827135,-1.4046944,1,2.0424509
2009,4,5,-1.1405494,-1.3492041,2,1.7666931
2009,4,6,-0.89936596,-1.6752656,2,1.9014137
2009,4,7,-0.89000696,-1.9130805,2,2.1099737
2009,4,8,-0.60681176,-2.1584947,2,2.2421687
2009,4,9,-0.44460252,-2.3704073,2,2.4117427
2009,4,10,-0.47358412,-2.5024385,2,2.5468569
2009,4,11,-0.38768867,-2.2773719,2,2.3101354
2009,4,12,0.32280192,-2.3886452,3,2.4103582
2009,4,13,1.0232922,-2.2708027,3,2.4907172
2009,4,14,1.4836774,-1.9375606,3,2.440377
2009,4,15,2.0195794,-1.2097597,4,2.354192
2009,4,16,2.2402096,-0.39745981,4,2.2751951
2009,4,17,2.1839607,0.0709605962,5,2.1851132
2009,4,18,2.0164161,0.75171202,5,2.1519771
2009,4,19,1.7655311,1.1594028,5,2.1121826
2009,4,20,1.8629884,1.2801772,5,2.2604377
2009,4,21,1.7292783,1.1753218,5,2.0908813
2009,4,22,1.6806488,1.3710737,5,2.1689682
2009,4,23,1.3709154,1.6241696,6,2.1254025
2009,4,24,1.243013,1.8359494,6,2.2171583
2009,4,25,0.96972722,1.9451059,6,2.1734324
2009,4,26,0.51935983,2.1749094,6,2.2360604
2009,4,27,-0.0572496541,2.1605644,7,2.1613228
2009,4,28,-0.69093442,2.0433664,7,2.1570203
2009,4,29,-0.88781416,1.8418903,7,2.0446939
2009,4,30,-1.010986,1.8382429,7,2.0979106
2009,5,1,-1.500982,1.7554766,7,2.309685
2009,5,2,-1.4438238,1.286134,8,1.9335893
2009,5,3,-1.3715194,1.349057,8,1.9238036
2009,5,4,-1.3224121,1.1536156,8,1.7548797
2009,5,5,-1.2310975,1.0387855,8,1.6107998
2009,5,6,-0.73982471,1.0651919,7,1.2969096
2009,5,7,-0.61951739,1.1087967,7,1.2701308
2009,5,8,-0.55779088,0.91711575,7,1.0734206
2009,5,9,-0.65973026,0.75805926,7,1.0049368
2009,5,10,-0.86683518,0.72457093,8,1.1297815
2009,5,11,-0.74896032,0.55625337,8,0.93293053
2009,5,12,-0.77812046,0.47161138,8,0.90988392
2009,5,13,-0.51602179,0.30165944,8,0.5977264
2009,5,14,-0.44930261,0.20801523,8,0.49511936
2009,5,15,-0.46252269,0.16724062,8,0.4918299
2009,5,16,-0.614281,0.33655518,8,0.70043594
2009,5,17,-0.17636596,0.58822531,7,0.61409605
2009,5,18,0.12904981,0.80055857,6,0.81089324
2009,5,19,-0.1131525,1.0946592,7,1.1004918
2009,5,20,-0.0923320875,1.437012,7,1.4399751
2009,5,21,-0.39883599,1.3083428,7,1.3677832
2009,5,22,-0.59950054,1.4291553,7,1.5498019
2009,5,23,-0.5777846,1.0743775,7,1.2198861
2009,5,24,-0.68265659,0.72467047,7,0.99557388
2009,5,25,-0.46716893,0.55901647,7,0.72852331
2009,5,26,-0.3745999,0.58643967,7,0.69587111
2009,5,27,-0.33880016,0.45423561,7,0.5666706
2009,5,28,-0.0303449724,0.28805834,7,0.28965226
2009,5,29,0.37407461,0.46225113,6,0.59464943
2009,5,30,0.68561846,0.77603626,6,1.0355216
2009,5,31,0.64775282,0.83960718,6,1.0604357
2009,6,1,0.56672847,1.1171947,6,1.252719
2009,6,2,0.72055972,1.2046616,6,1.403715
2009,6,3,0.59328252,1.3208896,6,1.4480102
2009,6,4,0.36681834,1.3832448,6,1.4310561
2009,6,5,0.41892239,1.373531,6,1.4359956
2009,6,6,0.2315128,1.5843881,6,1.6012133
2009,6,7,-0.00473898184,1.6028723,7,1.6028793
2009,6,8,-0.30390221,1.7509401,7,1.7771177
2009,6,9,-0.825481,1.818296,7,1.9969023
2009,6,10,-1.1619523,1.6681244,7,2.032922
2009,6,11,-1.4839313,1.3773646,8,2.0246446
2009,6,12,-1.7397377,1.2826153,8,2.1614323
2009,6,13,-1.7277029,1.1422312,8,2.071147
2009,6,14,-1.4721669,0.9914121,8,1.7748728
2009,6,15,-1.1247553,0.79676479,8,1.3783717
2009,6,16,-1.0659437,0.60681683,8,1.2265654
2009,6,17,-1.0596627,0.85011065,8,1.3585187
2009,6,18,-1.245962,0.7025708,8,1.4303941
2009,6,19,-1.4962643,0.79787451,8,1.6957035
2009,6,20,-1.4791063,0.81638247,8,1.6894484
2009,6,21,-1.19791,0.48236179,8,1.2913796
2009,6,22,-1.1065979,0.12470265,8,1.1136022
2009,6,23,-1.1020328,0.0105487322,8,1.1020832
2009,6,24,-1.1695101,-0.27535915,1,1.2014893
2009,6,25,-1.1528819,-0.36245552,1,1.2085159
2009,6,26,-1.0936944,-0.55469787,1,1.2263186
2009,6,27,-1.0438591,-0.41202673,1,1.1222335
2009,6,28,-0.77613139,-0.29827774,1,0.8314743
2009,6,29,-0.81789142,-0.48229012,1,0.94949996
2009,6,30,-0.60568488,-0.68433911,2,0.91387868
2009,7,1,-0.35595721,-0.47244292,2,0.59153008
2009,7,2,-0.32071075,-0.36776742,2,0.48796338
2009,7,3,-0.30932868,-0.20264371,1,0.36979547
2009,7,4,-0.30687293,-0.32327557,2,0.44573319
2009,7,5,-0.40369576,-0.39269423,1,0.56318647
2009,7,6,-0.35528016,-0.36150086,2,0.50685984
2009,7,7,-0.58038998,-0.27179793,1,0.64087957
2009,7,8,-0.45007351,-0.1603533,1,0.47778586
2009,7,9,-0.29353884,-0.18500486,1,0.34697527
2009,7,10,-0.17999865,-0.30130947,2,0.35097992
2009,7,11,0.20143068,-0.3595559,3,0.41213441
2009,7,12,0.73227948,-0.47710139,4,0.87399024
2009,7,13,1.0823485,-0.52971601,4,1.2050216
2009,7,14,0.96513069,-0.54291385,4,1.1073539
2009,7,15,0.71451378,-0.31098798,4,0.77925831
2009,7,16,0.83569866,0.0515413359,5,0.83728659
2009,7,17,0.62247413,0.0485628955,5,0.62436563
2009,7,18,0.16782203,0.11025971,5,0.20080198
2009,7,19,0.20395572,-0.11531596,4,0.23429833
2009,7,20,0.55007201,-0.0330931209,4,0.55106658
2009,7,21,0.33565775,0.17847189,5,0.38015568
2009,7,22,0.30499765,0.20768456,5,0.36899382
2009,7,23,0.27328572,0.23162431,5,0.35823861
2009,7,24,0.27053168,0.39142868,6,0.47581908
2009,7,25,0.36375821,0.56375915,6,0.670928
2009,7,26,0.36278343,0.44355246,6,0.57301885
2009,7,27,0.59060949,0.60333282,6,0.84429264
2009,7,28,0.74286503,0.72422528,5,1.0374732
2009,7,29,0.58662593,0.71747589,6,0.92676944
2009,7,30,0.45837969,0.80004102,6,0.92205071
2009,7,31,0.31258732,0.84616578,6,0.90205729
2009,8,1,0.30376053,0.73732013,6,0.79744053
2009,8,2,0.10399101,0.92675894,6,0.93257505
2009,8,3,0.0142164016,0.91735387,6,0.91746402
2009,8,4,-0.0103944149,0.90709794,7,0.90715748
2009,8,5,-0.20430948,0.74819857,7,0.77559233
2009,8,6,-0.3225258,0.67277682,7,0.74609083
2009,8,7,-0.38355777,0.5750705,7,0.69124717
2009,8,8,-0.13814934,0.38258636,7,0.40676475
2009,8,9,-0.1619955,-0.0743291676,1,0.17823403
2009,8,10,-0.51158708,-0.67688465,2,0.8484658
2009,8,11,-0.74093443,-0.73140705,1,1.0411245
2009,8,12,-1.0756485,-1.0313094,1,1.4901741
2009,8,13,-1.4068662,-1.312309,1,1.9239094
2009,8,14,-1.8065205,-1.6926311,1,2.475584
2009,8,15,-1.5078584,-1.7414905,2,2.3035681
2009,8,16,-1.4072188,-1.8469732,2,2.3219764
2009,8,17,-1.2413564,-1.5158156,2,1.9592506
2009,8,18,-1.2345697,-1.4941467,2,1.9382045
2009,8,19,-1.2338727,-1.140546,1,1.680264
2009,8,20,-1.2000524,-0.72651803,1,1.4028379
2009,8,21,-0.99868059,-0.43628153,1,1.0898185
2009,8,22,-1.0338181,-0.55938745,1,1.175455
2009,8,23,-0.90495348,-0.44119582,1,1.0067744
2009,8,24,-0.65699315,-0.28779075,1,0.71726114
2009,8,25,-0.60820925,-0.42399386,1,0.74141032
2009,8,26,-0.56368589,-0.39200094,1,0.68659049
2009,8,27,-0.32947224,-0.39885104,2,0.51733363
2009,8,28,0.00808075722,-0.65353835,3,0.65358829
2009,8,29,0.18037729,-0.86508751,3,0.88369244
2009,8,30,0.31155396,-0.81149793,3,0.86924952
2009,8,31,0.64522666,-0.64481109,4,0.91219449
2009,9,1,1.1739939,-0.65406513,4,1.3438984
2009,9,2,1.5066246,-0.68287855,4,1.6541587
2009,9,3,1.7702657,-0.9455905,4,2.0069833
2009,9,4,1.8761494,-0.83100873,4,2.0519533
2009,9,5,2.019033,-0.55819106,4,2.0947723
2009,9,6,2.0662727,-0.38820508,4,2.1024239
2009,9,7,2.045651,-0.21523729,4,2.0569429
2009,9,8,1.92624,-0.16679801,4,1.9334482
2009,9,9,1.547809,0.0494619086,5,1.548599
2009,9,10,1.2751338,-0.1394648,4,1.282738
2009,9,11,0.97353619,-0.28018698,4,1.0130535
2009,9,12,0.51314718,-0.58299339,3,0.77666038
2009,9,13,0.3598192,-1.0046201,3,1.0671135
2009,9,14,0.48047629,-1.0780253,3,1.1802526
2009,9,15,0.65922362,-1.3768109,3,1.526494
2009,9,16,0.92560315,-1.2027162,3,1.5176519
2009,9,17,1.2702113,-1.0918269,4,1.6749696
2009,9,18,1.4839423,-0.75464308,4,1.6648036
2009,9,19,1.6208177,-0.29971561,4,1.6482959
2009,9,20,1.8625681,-0.010858818,4,1.8625998
2009,9,21,1.7718669,-0.0869044513,4,1.7739968
2009,9,22,1.716989,-0.00933695864,4,1.7170144
2009,9,23,2.0182097,-0.0494747199,4,2.018816
2009,9,24,2.0327575,-0.0150015429,4,2.0328128
2009,9,25,1.8402855,0.28531742,5,1.862272
2009,9,26,1.6842091,0.11559926,5,1.6881716
2009,9,27,1.6620449,0.20270951,5,1.6743609
2009,9,28,1.9343729,0.16107446,5,1.9410677
2009,9,29,1.9103992,0.19988611,5,1.9208279
2009,9,30,1.7998563,-0.0788023621,4,1.8015805
2009,10,1,1.7989695,-0.24838233,4,1.8160355
2009,10,2,1.4871812,-0.1798138,4,1.4980123
2009,10,3,1.4947343,-0.20096441,4,1.5081834
2009,10,4,1.2594621,-0.0593876205,4,1.2608615
2009,10,5,1.0261198,-0.22696945,4,1.0509219
2009,10,6,1.0447683,-0.15366711,4,1.0560087
2009,10,7,1.0808939,0.0818319172,5,1.0839871
2009,10,8,1.1813456,0.32424942,5,1.2250367
2009,10,9,0.82467151,0.27286637,5,0.86864209
2009,10,10,0.29915756,0.12171853,5,0.32297158
2009,10,11,0.0557440743,0.16834128,6,0.17733073
2009,10,12,0.14249988,0.21563722,6,0.25846785
2009,10,13,0.0368478671,0.33517838,6,0.33719772
2009,10,14,-0.00460128998,0.44328681,7,0.44331068
2009,10,15,-0.16440125,0.5384956,7,0.56303221
2009,10,16,-0.40244988,0.38326913,8,0.55575275
2009,10,17,-0.34938079,0.28360257,8,0.44999707
2009,10,18,-0.34325638,0.1978865,8,0.39621207
2009,10,19,-0.66622508,0.026990097,8,0.66677153
2009,10,20,-0.74504226,-0.22327675,1,0.77777922
2009,10,21,-0.86416572,-0.23501961,1,0.89555383
2009,10,22,-0.8222999,-0.0968865156,1,0.82798803
2009,10,23,-0.84710079,0.11706983,8,0.85515213
2009,10,24,-0.75439155,0.28906041,8,0.80787534
2009,10,25,-0.82641888,0.47051245,8,0.95097321
2009,10,26,-0.9201923,0.61876136,8,1.1088821
2009,10,27,-1.0599215,0.32360592,8,1.1082213
2009,10,28,-1.5622803,0.24861686,8,1.5819387
2009,10,29,-1.8504426,-0.0342545211,1,1.8507596
2009,10,30,-1.7091552,-0.26103917,1,1.7289746
2009,10,31,-1.8968903,-0.49581671,1,1.960619
2009,11,1,-1.9416342,-0.62569612,1,2.0399606
2009,11,2,-1.8349068,-0.92639124,1,2.055501
2009,11,3,-1.636049,-1.1060357,1,1.9748346
2009,11,4,-1.4136983,-1.6410075,2,2.1659753
2009,11,5,-0.9553538,-1.8790865,2,2.1080008
2009,11,6,-0.24588552,-2.2874229,2,2.3006005
2009,11,7,0.0733949244,-2.3923855,3,2.3935111
2009,11,8,0.2985464,-2.4257698,3,2.4440722
2009,11,9,0.5718897,-2.2855518,3,2.3560145
2009,11,10,0.95571524,-2.0900857,3,2.2982275
2009,11,11,0.87125689,-2.0666633,3,2.2428076
2009,11,12,0.44728968,-1.9855297,3,2.0352876
2009,11,13,0.53533208,-1.6316161,3,1.7171929
2009,11,14,0.85901457,-1.4361328,3,1.6734346
2009,11,15,1.0204589,-1.2893876,3,1.6443408
2009,11,16,1.1307713,-0.99244255,4,1.5045218
2009,11,17,1.4978191,-0.87904394,4,1.7367153
2009,11,18,1.6333076,-0.67268318,4,1.7664077
2009,11,19,1.5254556,-0.29784399,4,1.5542605
2009,11,20,1.3729625,-0.0980184674,4,1.376457
2009,11,21,1.2805088,0.0892914534,5,1.2836182
2009,11,22,1.1271296,0.2439543,5,1.1532279
2009,11,23,0.93877196,0.62719971,5,1.1290139
2009,11,24,0.6911692,1.0740557,6,1.2772276
2009,11,25,0.75266856,1.2327762,6,1.4443846
2009,11,26,0.81074011,1.6012831,6,1.7948278
2009,11,27,0.64910495,1.471642,6,1.6084363
2009,11,28,0.5950706,1.4713037,6,1.5870866
2009,11,29,0.57778102,1.2852433,6,1.409142
2009,11,30,0.35105723,1.3095015,6,1.3557416
2009,12,1,0.0103238039,1.2861323,6,1.2861738
2009,12,2,-0.38122028,1.2641368,7,1.3203676
2009,12,3,-0.64307898,1.0944456,7,1.2693943
2009,12,4,-0.77019423,0.96461576,7,1.2343755
2009,12,5,-0.69334406,0.70618707,7,0.98965961
2009,12,6,-0.60379845,0.48402348,8,0.77385479
2009,12,7,-0.58982116,0.54530114,8,0.8032698
2009,12,8,-0.60640925,0.36409876,8,0.7073189
2009,12,9,-0.59156811,0.19583614,8,0.62314093
2009,12,10,-0.32768491,-0.0333749354,1,0.32938015
2009,12,11,-0.0838697776,-0.0846916065,2,0.11919232
2009,12,12,0.32016936,-0.27068856,4,0.41926211
2009,12,13,0.61837816,-0.25669116,4,0.66953856
2009,12,14,0.51357454,0.0877018496,5,0.52100903
2009,12,15,0.23802434,0.44353825,6,0.5033704
2009,12,16,0.0567415692,0.94999111,6,0.95168412
2009,12,17,-0.0331148729,1.038659,7,1.0391867
2009,12,18,-0.54712236,1.0994142,7,1.2280287
2009,12,19,-1.2069972,1.2100962,7,1.7091445
2009,12,20,-1.6372862,0.8924166,8,1.864702
2009,12,21,-1.708051,0.65611738,8,1.8297344
2009,12,22,-1.81025,0.22834453,8,1.8245949
2009,12,23,-1.7560909,-0.23883733,1,1.772258
2009,12,24,-1.4727676,-0.56465775,1,1.5773025
2009,12,25,-1.1882054,-1.0440059,1,1.5817018
2009,12,26,-0.44901985,-1.3764805,2,1.4478664
2009,12,27,-0.0744729191,-2.0376503,2,2.0390108
2009,12,28,0.34577912,-2.1287985,3,2.156698
2009,12,29,0.37352285,-2.1141438,3,2.1468868
2009,12,30,0.50528938,-2.080745,3,2.1412187
2009,12,31,0.77911174,-1.9640583,3,2.1129458
2010,1,1,0.68411344,-1.6668307,3,1.801759
2010,1,2,0.78969616,-1.4129505,3,1.6186566
2010,1,3,0.86973959,-1.1816008,3,1.4671835
2010,1,4,1.1231714,-0.87460935,4,1.4235363
2010,1,5,0.98323834,-0.79374611,4,1.2636418
2010,1,6,0.76813811,-0.73656672,4,1.0642211
2010,1,7,0.48260143,-0.77470136,3,0.91272467
2010,1,8,0.51991785,-0.50910455,4,0.72766888
2010,1,9,0.42763057,-0.40111947,4,0.5863145
2010,1,10,0.3419005,-0.0481538288,4,0.3452749
2010,1,11,0.718261,0.0523573309,5,0.72016674
2010,1,12,0.88463455,-0.20493874,4,0.90806288
2010,1,13,0.801633,-0.31324291,4,0.86066055
2010,1,14,0.24208479,-0.52005106,3,0.57363588
2010,1,15,0.30341661,-0.42274708,3,0.52036214
2010,1,16,0.60849077,-0.45481756,4,0.75968421
2010,1,17,0.86737096,-0.33559385,4,0.93002987
2010,1,18,1.1485876,-0.00876607094,4,1.1486211
2010,1,19,1.0031447,0.51636928,5,1.1282449
2010,1,20,0.66448939,0.92720222,6,1.1407235
2010,1,21,0.20287114,1.2804323,6,1.2964041
2010,1,22,-0.45398319,1.2968247,7,1.3739923
2010,1,23,-0.68092251,1.265028,7,1.4366459
2010,1,24,-0.81785953,1.4916247,7,1.7011286
2010,1,25,-0.85688651,1.6803211,7,1.8861955
2010,1,26,-0.65046787,1.7610866,7,1.8773743
2010,1,27,-0.48359758,2.1198816,7,2.1743424
2010,1,28,-0.41043746,2.229424,7,2.26689
2010,1,29,-0.63852876,2.066632,7,2.1630273
2010,1,30,-0.52709526,1.9170421,7,1.988185
2010,1,31,-0.26311606,1.9037766,7,1.921873
2010,2,1,-0.071177572,1.7279849,7,1.7294502
2010,2,2,-0.21376091,1.7727269,7,1.7855684
2010,2,3,-0.61806124,1.6943597,7,1.8035672
2010,2,4,-1.0547633,1.5852784,7,1.9041096
2010,2,5,-1.1536101,1.2664517,7,1.7131014
2010,2,6,-1.2673019,1.4378414,7,1.9166225
2010,2,7,-1.6799506,1.3834214,8,2.1762557
2010,2,8,-1.9692975,1.0319381,8,2.2232924
2010,2,9,-2.0904961,0.55797076,8,2.1636786
2010,2,10,-2.0968428,0.19166939,8,2.1055846
2010,2,11,-2.1605544,0.0750555918,8,2.1618576
2010,2,12,-2.0360956,0.16566531,8,2.042824
2010,2,13,-1.8118125,0.18991041,8,1.8217384
2010,2,14,-1.5356824,0.20218064,8,1.5489343
2010,2,15,-1.2120397,0.48180926,8,1.304293
2010,2,16,-0.83894354,0.43816724,8,0.94647598
2010,2,17,-0.22079219,0.15597509,8,0.27032834
2010,2,18,0.27928039,0.0680793077,5,0.28745839
2010,2,19,0.1561297,0.15974496,6,0.22337174
2010,2,20,0.19178796,0.2117456,6,0.28569007
2010,2,21,0.00767932506,0.21511599,6,0.21525301
2010,2,22,-0.33254117,0.4372133,7,0.54930782
2010,2,23,-0.69792289,0.37945542,8,0.79440719
2010,2,24,-0.6845414,0.55315012,8,0.88009775
2010,2,25,-0.54447001,0.84859574,7,1.0082471
2010,2,26,-0.55883342,0.76100528,7,0.94415241
2010,2,27,-0.69137794,0.32398888,8,0.7635262
2010,2,28,-0.85496509,-0.059572082,1,0.85703802
2010,3,1,-0.72375846,-0.00789917447,1,0.72380155
2010,3,2,-0.48396271,-0.0732647181,1,0.48947689
2010,3,3,-0.54414725,-0.27261201,1,0.60861611
2010,3,4,-0.73867065,0.00278066797,8,0.73867589
2010,3,5,-0.56583655,-0.16311578,1,0.58887839
2010,3,6,-0.69729221,-0.37357098,1,0.79105735
2010,3,7,-0.39493862,-0.50217396,2,0.63887024
2010,3,8,-0.17563041,-0.6106087,2,0.63536525
2010,3,9,-0.55625689,-0.42454821,1,0.69975919
2010,3,10,-1.1002417,-0.23487984,1,1.1250334
2010,3,11,-1.5086951,-0.27477226,1,1.5335126
2010,3,12,-1.4302114,-0.0843746141,1,1.4326981
2010,3,13,-1.0936497,-0.38993976,1,1.1610869
2010,3,14,-0.82230878,-0.71880305,1,1.0921856
2010,3,15,-0.78951079,-0.86826098,2,1.1735436
2010,3,16,-0.56086731,-0.98352492,2,1.1322073
2010,3,17,-0.68404508,-1.2028736,2,1.3837712
2010,3,18,-0.57786679,-1.2158322,2,1.3461716
2010,3,19,-0.22589087,-1.4063613,2,1.4243872
2010,3,20,0.0144143254,-1.3764424,3,1.3765179
2010,3,21,0.44247085,-1.2976906,3,1.3710512
2010,3,22,0.8751303,-1.0833462,3,1.3926564
2010,3,23,0.96811861,-1.3133912,3,1.6316403
2010,3,24,1.0829811,-1.4080888,3,1.7763902
2010,3,25,1.0706713,-1.4336387,3,1.7893174
2010,3,26,1.273828,-1.2987088,3,1.8191433
2010,3,27,1.262225,-0.9719314,4,1.593067
2010,3,28,1.430115,-0.53229308,4,1.5259635
2010,3,29,1.5455093,-0.084154278,4,1.5477988
2010,3,30,1.7118996,0.0204888694,5,1.7120223
2010,3,31,1.8397774,0.28106532,5,1.8611228
2010,4,1,1.7462168,0.41761717,5,1.7954601
2010,4,2,1.2695029,0.84325916,5,1.5240484
2010,4,3,1.2508562,0.67377198,5,1.4207779
2010,4,4,0.93879092,0.85855734,5,1.2721828
2010,4,5,0.86362523,0.85522115,5,1.2154225
2010,4,6,0.77378649,1.0731922,6,1.3230598
2010,4,7,0.42904064,1.0340483,6,1.119523
2010,4,8,0.13057847,0.89458448,6,0.90406424
2010,4,9,0.016113298,0.90350389,6,0.90364754
2010,4,10,0.0741323605,0.4025363,6,0.4093056
2010,4,11,0.19115877,0.12509178,5,0.22845049
2010,4,12,0.30631259,-0.0882052854,4,0.31875944
2010,4,13,0.49246362,-0.0351682045,4,0.49371776
2010,4,14,0.42291954,-0.0130276699,4,0.42312014
2010,4,15,0.74589735,-0.17933534,4,0.7671532
2010,4,16,0.85774046,-0.16046815,4,0.87262177
2010,4,17,0.90797526,-0.32027599,4,0.96280622
2010,4,18,0.85954112,-0.23706825,4,0.89163464
2010,4,19,1.0285342,-0.12908325,4,1.0366026
2010,4,20,1.1783134,-0.15127958,4,1.1879848
2010,4,21,1.0565829,0.23158891,5,1.0816658
2010,4,22,0.59909904,0.47945216,5,0.76732916
2010,4,23,0.33783409,0.30555987,5,0.45552027
2010,4,24,0.1452896,0.066442959,5,0.15976149
2010,4,25,-0.34391624,0.0226915106,8,0.34466401
2010,4,26,-0.96478564,-0.11788455,1,0.97196096
2010,4,27,-1.330577,-0.12668502,1,1.3365943
2010,4,28,-1.49606,-0.0979936272,1,1.4992659
2010,4,29,-1.6223091,-0.33361045,1,1.6562556
2010,4,30,-1.5672491,-0.82943988,1,1.7732005
2010,5,1,-1.6243471,-1.4108671,1,2.1515226
2010,5,2,-1.4654664,-1.7235122,2,2.2623186
2010,5,3,-1.0158172,-1.9302363,2,2.1812146
2010,5,4,-0.44316253,-1.9616088,2,2.011045
2010,5,5,-0.00745897042,-1.8770944,2,1.8771092
2010,5,6,0.39037964,-1.7523342,3,1.7952915
2010,5,7,0.97996938,-1.4817795,3,1.7765163
2010,5,8,1.2857708,-1.1748546,4,1.7416917
2010,5,9,1.2263486,-0.94919801,4,1.5507765
2010,5,10,1.2213318,-0.66620225,4,1.3912141
2010,5,11,1.345719,-0.68444216,4,1.509775
2010,5,12,1.3276954,-0.77490872,4,1.5372893
2010,5,13,1.022166,-0.5334577,4,1.1529963
2010,5,14,0.9380492,-0.53207403,4,1.0784429
2010,5,15,0.87200832,-0.26379806,4,0.91103673
2010,5,16,0.94767457,-0.35781914,4,1.0129766
2010,5,17,0.84237003,-0.16711433,4,0.85878664
2010,5,18,0.69431806,0.25638011,5,0.74014074
2010,5,19,0.40768874,0.29971206,5,0.50600141
2010,5,20,0.12068192,0.4167091,6,0.43383244
2010,5,21,0.0997786969,0.71890938,6,0.72580057
2010,5,22,0.10084179,0.94280696,6,0.94818461
2010,5,23,-0.0220423676,1.0651362,7,1.0653642
2010,5,24,-0.2828708,0.75495172,7,0.80620593
2010,5,25,-0.73803115,0.51433361,8,0.8995716
2010,5,26,-0.79431927,0.55693716,8,0.97011447
2010,5,27,-1.1182501,0.20396277,8,1.1366988
2010,5,28,-1.2246925,-0.0542228036,1,1.2258922
2010,5,29,-1.4677546,-0.27723825,1,1.4937084
2010,5,30,-1.346718,-0.41695157,1,1.4097865
2010,5,31,-1.322482,-0.52371621,1,1.4224055
2010,6,1,-1.2461529,-0.59620237,1,1.3814319
2010,6,2,-0.89378828,-0.47110075,1,1.0103432
2010,6,3,-0.74855554,-0.40996569,1,0.85346776
2010,6,4,-0.59415483,-0.62767875,2,0.86429197
2010,6,5,-0.40385735,-0.73842674,2,0.84165007
2010,6,6,-0.35501897,-0.81692356,2,0.89073151
2010,6,7,-0.29048496,-0.96746647,2,1.0101351
2010,6,8,-0.23743959,-1.1314358,2,1.1560814
2010,6,9,-0.3297208,-0.92312741,2,0.98024487
2010,6,10,-0.46238264,-0.74845022,2,0.87975872
2010,6,11,-0.54992688,-0.69591582,2,0.88697147
2010,6,12,-0.65103382,-0.65366352,2,0.92256218
2010,6,13,-0.54724503,-0.64266378,2,0.84409356
2010,6,14,-0.56099617,-0.78970408,2,0.96868432
2010,6,15,-0.56529683,-0.81197703,2,0.98937714
2010,6,16,-0.79521114,-0.85548633,2,1.1679972
2010,6,17,-1.27931,-0.8207559,1,1.5199586
2010,6,18,-1.6675452,-0.70217687,1,1.8093534
2010,6,19,-1.6771164,-0.90048724,1,1.9035747
2010,6,20,-1.2538145,-1.5606775,2,2.0019403
2010,6,21,-0.76600367,-1.9333105,2,2.0795314
2010,6,22,-0.89298445,-1.913705,2,2.1117973
2010,6,23,-0.90058744,-1.5873302,2,1.8250138
2010,6,24,-1.0062225,-1.2741947,2,1.6235936
2010,6,25,-0.93268859,-1.0903977,2,1.4348781
2010,6,26,-0.81964505,-0.85406786,2,1.183744
2010,6,27,-0.70529497,-1.0625331,2,1.2753108
2010,6,28,-0.64341152,-1.2815695,2,1.4340149
2010,6,29,-0.86196882,-1.0081683,2,1.3264214
2010,6,30,-1.1286277,-0.81265473,1,1.3907582
2010,7,1,-1.3009593,-1.0285331,1,1.6584256
2010,7,2,-1.3323224,-1.101449,1,1.7286621
2010,7,3,-1.365751,-1.2111026,1,1.8253891
2010,7,4,-1.3304013,-0.97443563,1,1.6490884
2010,7,5,-1.3129207,-0.95612776,1,1.6241739
2010,7,6,-1.0102698,-0.54068685,1,1.1458566
2010,7,7,-0.86379147,-0.25602168,1,0.9009344
2010,7,8,-0.74150449,-0.0271598026,1,0.74200171
2010,7,9,-0.82103318,0.0423146822,8,0.82212287
2010,7,10,-1.3110588,0.0966510177,8,1.3146164
2010,7,11,-1.9514372,0.0225211196,8,1.9515672
2010,7,12,-2.1197617,-0.19946682,1,2.1291258
2010,7,13,-2.1272633,-0.40098423,1,2.1647258
2010,7,14,-2.2855623,-0.45098042,1,2.3296306
2010,7,15,-2.1324217,-1.0212966,1,2.3643751
2010,7,16,-1.7512444,-1.5626384,1,2.3470612
2010,7,17,-1.3049572,-1.8610923,2,2.2730107
2010,7,18,-1.0753322,-1.826368,2,2.1194243
2010,7,19,-0.72981292,-1.8097049,2,1.9513223
2010,7,20,-0.46434602,-1.7088678,2,1.7708321
2010,7,21,-0.17609783,-1.7864187,2,1.7950772
2010,7,22,0.0947327018,-1.821444,3,1.8239059
2010,7,23,0.0212983601,-1.6158137,3,1.615954
2010,7,24,0.13737538,-1.6867458,3,1.6923307
2010,7,25,0.16034837,-2.0238445,3,2.0301867
2010,7,26,-0.18585633,-1.991086,2,1.9997414
2010,7,27,-0.10728538,-1.8266104,2,1.8297584
2010,7,28,0.028037779,-1.4003592,3,1.4006398
2010,7,29,0.0963014662,-1.1855043,3,1.1894094
2010,7,30,0.21855089,-0.7857424,3,0.81557071
2010,7,31,0.10969798,-0.55602103,3,0.56673896
2010,8,1,-0.0928107277,-0.32244354,2,0.3355349
2010,8,2,-0.25723445,-0.17449355,1,0.31083366
2010,8,3,-0.21277252,-0.0129718063,1,0.21316756
2010,8,4,-0.17965353,0.0587657169,8,0.18902063
2010,8,5,-0.71388066,-0.0753735155,1,0.71784872
2010,8,6,-0.51910466,-0.0558248572,1,0.52209777
2010,8,7,-0.30934793,-0.23014477,1,0.38556811
2010,8,8,-0.13600893,-0.30235544,2,0.33153769
2010,8,9,-0.0550501235,-0.14092506,2,0.15129571
2010,8,10,-0.40472439,-0.16818638,1,0.438279
2010,8,11,-0.58848023,-0.18462352,1,0.61676157
2010,8,12,-0.6999566,-0.2386104,1,0.7395094
2010,8,13,-0.75574309,-0.32509246,1,0.82269847
2010,8,14,-0.55356842,-0.6121037,2,0.82529324
2010,8,15,-0.79563385,-0.85305089,2,1.1665028
2010,8,16,-0.81137162,-0.84710526,2,1.1729925
2010,8,17,-0.63924682,-1.1476269,2,1.3136529
2010,8,18,-0.51975679,-1.0674412,2,1.1872565
2010,8,19,-0.29081842,-0.90687919,2,0.9523682
2010,8,20,0.26687753,-0.57169318,3,0.63091737
2010,8,21,0.74789947,-0.35639232,4,0.82847399
2010,8,22,0.94765764,-0.2493245,4,0.97990698
2010,8,23,1.0299977,0.0511440262,5,1.0312667
2010,8,24,1.0973345,0.13250574,5,1.1053058
2010,8,25,1.1399428,0.23895323,5,1.164718
2010,8,26,1.1800202,0.68851197,5,1.3661978
2010,8,27,1.0042176,0.84613055,5,1.3131603
2010,8,28,0.5759021,0.60748345,6,0.83707786
2010,8,29,0.00649303058,0.43953207,6,0.43958002
2010,8,30,-0.46844041,0.19983524,8,0.50928432
2010,8,31,-0.58643681,-0.0326450467,1,0.58734471
2010,9,1,-0.60925734,-0.67436242,2,0.90882295
2010,9,2,-0.47350684,-1.0693253,2,1.1694723
2010,9,3,-0.50963527,-1.2463434,2,1.346514
2010,9,4,-0.37113345,-1.2878723,2,1.3402817
2010,9,5,-0.27689266,-1.1819118,2,1.2139132
2010,9,6,-0.27436414,-1.0420458,2,1.0775598
2010,9,7,0.26412132,-1.0707704,3,1.1028641
2010,9,8,0.31674153,-0.92797482,3,0.98054194
2010,9,9,0.60157937,-0.65430099,3,0.88882369
2010,9,10,0.63753659,-0.580787,4,0.86241895
2010,9,11,0.52253944,-0.31267428,4,0.60894388
2010,9,12,0.32073662,-0.28026709,4,0.42593616
2010,9,13,0.43129629,-0.41011402,4,0.59515542
2010,9,14,0.32381091,-0.4034251,3,0.51730579
2010,9,15,0.11606048,-0.41884461,3,0.43462723
2010,9,16,-0.1246884,-0.21452461,2,0.24812901
2010,9,17,-0.51030821,-0.43432325,1,0.67011279
2010,9,18,-0.50351554,-0.48895133,1,0.7018556
2010,9,19,-0.81383717,-0.35315254,1,0.88715702
2010,9,20,-0.96593547,-0.53959519,1,1.1064332
2010,9,21,-1.1375755,-0.45953092,1,1.226885
2010,9,22,-1.2222127,-0.36697635,1,1.2761173
2010,9,23,-0.96257514,-0.25085989,1,0.9947269
2010,9,24,-0.78661597,-0.19198065,1,0.80970442
2010,9,25,-0.67029124,-0.10849808,1,0.67901558
2010,9,26,-0.56436867,-0.14976338,1,0.58390158
2010,9,27,-0.33069697,-0.17238756,1,0.37293157
2010,9,28,-0.17925934,-0.0163010824,1,0.17999899
2010,9,29,-0.53119034,0.0358664617,8,0.53239983
2010,9,30,-0.52206844,-0.1007054,1,0.53169262
2010,10,1,-0.34124798,-0.52251118,2,0.6240738
2010,10,2,-0.00644972967,-0.82798779,2,0.82801294
2010,10,3,0.0916739777,-1.1073247,3,1.1111131
2010,10,4,0.54899216,-1.0867258,3,1.2175243
2010,10,5,0.91012347,-0.80724227,4,1.2165381
2010,10,6,1.7543095,-0.6017344,4,1.8546392
2010,10,7,2.2477636,-0.2564365,4,2.2623441
2010,10,8,2.6423073,0.12988125,5,2.6454976
2010,10,9,2.7903783,0.5686782,5,2.8477371
2010,10,10,2.7315373,0.91537857,5,2.8808358
2010,10,11,2.3945448,1.589896,5,2.8743024
2010,10,12,1.9631357,2.0001872,6,2.8026149
2010,10,13,1.6746461,2.292567,6,2.8390675
2010,10,14,1.487188,2.3731198,6,2.8006117
2010,10,15,1.2094821,2.3120899,6,2.6093307
2010,10,16,0.85188866,1.7695057,6,1.9638902
2010,10,17,0.69404739,1.5007186,6,1.6534382
2010,10,18,0.63160467,1.3305562,6,1.4728558
2010,10,19,0.19533125,1.0291359,6,1.047509
2010,10,20,0.0483823828,0.8132022,6,0.81464022
2010,10,21,0.30642506,0.61483169,6,0.68696022
2010,10,22,0.32108784,0.35362998,6,0.47765213
2010,10,23,0.33458036,0.13913614,5,0.36235738
2010,10,24,0.23505782,0.24435112,6,0.339057
2010,10,25,0.0271158777,0.17750895,6,0.1795681
2010,10,26,-0.050926175,0.18003136,7,0.1870956
2010,10,27,0.18356584,0.23897758,6,0.3013415
2010,10,28,0.27494207,0.21603137,5,0.34966084
2010,10,29,0.22443996,0.22349313,5,0.31673723
2010,10,30,0.37405646,-0.0940969288,4,0.38571033
2010,10,31,0.57164282,-0.16411048,4,0.59473336
2010,11,1,0.51940632,-0.3708868,4,0.63823187
2010,11,2,0.211391,-0.26289898,3,0.33734557
2010,11,3,-0.0602465533,-0.044095736,1,0.0746597722
2010,11,4,0.16777898,0.17220487,6,0.24042524
2010,11,5,0.50213856,0.42957199,5,0.66081405
2010,11,6,0.68056172,0.78750408,6,1.0408299
2010,11,7,0.61213082,1.0228164,6,1.1919973
2010,11,8,0.27413136,1.0260748,6,1.0620627
2010,11,9,-0.10986277,0.94612944,7,0.95248663
2010,11,10,-0.56618398,1.1670938,7,1.2971785
2010,11,11,-0.49258465,1.0291393,7,1.1409502
2010,11,12,-0.75419718,0.84189808,7,1.1303122
2010,11,13,-1.287392,0.7507475,8,1.490302
2010,11,14,-1.530035,0.6104793,8,1.6473289
2010,11,15,-1.1013098,0.41986015,8,1.1786288
2010,11,16,-0.73203182,0.0593192279,8,0.73443133
2010,11,17,-0.62827331,-0.0593951792,1,0.63107461
2010,11,18,-0.81242824,0.16778862,8,0.82957381
2010,11,19,-0.56292617,0.12138303,8,0.57586432
2010,11,20,-0.45814928,-0.092887342,1,0.46747068
2010,11,21,-0.37100703,-0.00273180427,1,0.3710171
2010,11,22,-0.26311967,-0.25931463,1,0.36942664
2010,11,23,-0.27182069,-0.31069681,2,0.41281837
2010,11,24,-0.2590878,-0.32703871,2,0.41722992
2010,11,25,-0.1337101,-0.31690529,2,0.34395835
2010,11,26,-0.11360325,-0.4093982,2,0.42486775
2010,11,27,-0.0211081617,-0.45702857,2,0.45751575
2010,11,28,-0.24281499,-0.46342704,2,0.52318615
2010,11,29,-0.2054756,-0.3316136,2,0.39011255
2010,11,30,-0.0947072878,-0.50128198,2,0.51015007
2010,12,1,0.0140047241,-0.72440273,3,0.72453809
2010,12,2,0.5241431,-0.76863015,3,0.93033236
2010,12,3,0.85704136,-0.84656602,4,1.2046551
2010,12,4,0.97118503,-0.72257543,4,1.2105021
2010,12,5,1.1282489,-0.6047554,4,1.2801073
2010,12,6,1.1015093,-0.27515692,4,1.1353564
2010,12,7,0.97478092,-0.27268529,4,1.0122031
2010,12,8,1.1684738,-0.21570095,4,1.1882163
2010,12,9,1.1625733,0.10029729,5,1.1668918
2010,12,10,1.3484225,0.62614703,5,1.4867089
2010,12,11,1.2396513,0.74241072,5,1.4449599
2010,12,12,1.0485125,0.60453302,5,1.2103051
2010,12,13,0.84588796,0.60952336,5,1.0426146
2010,12,14,0.73731703,0.91457474,6,1.1747695
2010,12,15,0.23663235,0.76666933,6,0.80235696
2010,12,16,-0.19540761,0.80288768,7,0.82632488
2010,12,17,-0.454469,0.89833659,7,1.0067526
2010,12,18,-0.74666446,0.8135097,7,1.1042218
2010,12,19,-0.81553048,0.82584012,7,1.1606472
2010,12,20,-0.69794989,0.80029756,7,1.0618899
2010,12,21,0.0610167757,0.78728801,6,0.78964889
2010,12,22,0.56207544,0.2165489,5,0.60234725
2010,12,23,0.7775771,0.0843630731,5,0.7821402
2010,12,24,0.91450763,0.20681094,5,0.93760061
2010,12,25,1.0960644,0.18497519,5,1.1115633
2010,12,26,1.0394166,0.26825577,5,1.0734746
2010,12,27,0.81053114,0.24021639,5,0.8453784
2010,12,28,0.64425695,0.33126169,5,0.72443169
2010,12,29,0.3873781,0.33057624,5,0.50925672
2010,12,30,0.24724092,0.23418522,5,0.34054485
2010,12,31,0.32423645,0.44053182,6,0.54698956
2011,1,1,0.16159786,0.60083371,6,0.62218571
2011,1,2,0.0533037856,0.83474928,6,0.83644944
2011,1,3,-0.0674064085,0.82008326,7,0.8228488
2011,1,4,-0.15206835,0.5579583,7,0.57830983
2011,1,5,-0.3783268,0.37105632,8,0.52991885
2011,1,6,-0.16058068,0.44753334,7,0.47547057
2011,1,7,0.030996751,0.7061702,6,0.70685017
2011,1,8,0.37403998,0.948228,6,1.0193342
2011,1,9,0.69606191,0.89961231,6,1.1374553
2011,1,10,1.0553831,0.93380171,5,1.4091909
2011,1,11,1.3672717,1.3987799,6,1.9560207
2011,1,12,1.4657416,1.852668,6,2.3623669
2011,1,13,1.3604592,1.930384,6,2.3616164
2011,1,14,1.2471293,2.0074754,6,2.3633215
2011,1,15,0.87853563,2.0698664,6,2.2485933
2011,1,16,0.57025725,1.9728818,6,2.0536444
2011,1,17,0.14856394,1.9677187,6,1.9733191
2011,1,18,-0.63322502,2.2937093,7,2.3795116
2011,1,19,-0.91642559,2.3862352,7,2.5561602
2011,1,20,-1.0274776,2.2152045,7,2.4418929
2011,1,21,-1.3003935,2.2444751,7,2.5939722
2011,1,22,-1.4350598,2.1180463,7,2.5584209
2011,1,23,-1.5273917,1.9626671,7,2.4869635
2011,1,24,-1.644546,1.4072716,8,2.1644733
2011,1,25,-1.7104604,1.0911959,8,2.0288873
2011,1,26,-1.7334293,0.40722212,8,1.7806199
2011,1,27,-1.55155,0.19649455,8,1.5639429
2011,1,28,-0.93890691,-0.21708526,1,0.96367639
2011,1,29,-0.84930468,-0.33502206,1,0.91299409
2011,1,30,-0.65157992,-0.46385291,1,0.79982245
2011,1,31,-0.48525873,-0.60550576,2,0.77595955
2011,2,1,-0.0749692544,-0.32049215,2,0.32914376
2011,2,2,0.00671714824,-0.0115111507,3,0.0133276656
2011,2,3,0.0731571987,0.26648632,6,0.27634567
2011,2,4,0.17282914,0.49136692,6,0.52087557
2011,2,5,-0.0591341257,0.56697363,7,0.57004905
2011,2,6,-0.21918753,0.60782564,7,0.64613867
2011,2,7,-0.0217172876,0.28317988,7,0.28401142
2011,2,8,0.20604491,0.11907817,5,0.23797925
2011,2,9,0.0863184035,-0.0348570235,4,0.0930907056
2011,2,10,-0.36252394,-0.245643,1,0.43790877
2011,2,11,-0.36442566,-0.1575695,1,0.39703175
2011,2,12,-0.23446487,0.19071604,8,0.30223563
2011,2,13,0.027006641,0.22100817,6,0.22265212
2011,2,14,0.10841048,0.35559624,6,0.37175465
2011,2,15,0.0332946815,0.4010416,6,0.4024213
2011,2,16,-0.25004211,0.44711092,7,0.5122785
2011,2,17,-0.18887386,0.68938196,7,0.71478724
2011,2,18,-0.12781882,0.75000763,7,0.76082134
2011,2,19,-0.20702384,0.90997422,7,0.93322664
2011,2,20,-0.10958185,1.128451,7,1.1337591
2011,2,21,-0.00119494426,1.0961185,7,1.096119
2011,2,22,0.14918508,1.1923031,6,1.2016001
2011,2,23,0.0745983794,0.9554373,6,0.95834512
2011,2,24,0.14720294,0.67132992,6,0.68727911
2011,2,25,-0.13463771,0.24564666,7,0.28012425
2011,2,26,-0.27573442,0.0453826487,8,0.27944419
2011,2,27,-0.29028162,-0.097830452,1,0.30632371
2011,2,28,-0.36871368,0.0925593004,8,0.38015392
2011,3,1,-0.239226,0.20372836,8,0.31422019
2011,3,2,-0.091559954,0.35970819,7,0.37117815
2011,3,3,-0.11715475,0.39149231,7,0.40864587
2011,3,4,-0.34699047,0.80061579,7,0.87257552
2011,3,5,-0.43319574,0.83372027,7,0.9395467
2011,3,6,-0.65116215,0.8210721,7,1.0479368
2011,3,7,-0.71209782,0.69773406,8,0.99695343
2011,3,8,-1.1309639,0.13723901,8,1.1392603
2011,3,9,-1.2927865,0.20715261,8,1.3092781
2011,3,10,-1.0638231,-0.16455138,1,1.0764742
2011,3,11,-0.75017905,-0.75165683,2,1.0619588
2011,3,12,-0.47507641,-1.1478177,2,1.2422493
2011,3,13,-0.19585863,-1.1833472,2,1.1994462
2011,3,14,0.13469626,-1.1835115,3,1.1911517
2011,3,15,0.12660971,-0.91120118,3,0.91995519
2011,3,16,0.0951127857,-0.98805672,3,0.99262404
2011,3,17,-0.00587852532,-1.091598,2,1.0916139
2011,3,18,0.13723144,-0.89245379,3,0.90294307
2011,3,19,0.31646279,-0.86579579,3,0.92181945
2011,3,20,0.36889216,-0.89688104,3,0.96978194
2011,3,21,0.92043865,-0.62641239,4,1.1133732
2011,3,22,1.4396306,-0.48926225,4,1.5204978
2011,3,23,1.6806641,-0.39685959,4,1.7268842
2011,3,24,1.7926341,-0.41669661,4,1.8404274
2011,3,25,1.5596961,-0.27289158,4,1.5833893
2011,3,26,1.3610926,-0.0405470245,4,1.3616964
2011,3,27,1.3871325,0.13025799,5,1.393235
2011,3,28,1.2663589,0.11822955,5,1.271866
2011,3,29,1.2260238,0.18423025,5,1.2397884
2011,3,30,1.142083,0.55274254,5,1.2688097
2011,3,31,0.90780652,1.0180265,6,1.3639981
2011,4,1,0.81500989,1.272222,6,1.5108905
2011,4,2,0.78677034,1.5281743,6,1.7188147
2011,4,3,0.75310284,1.6971265,6,1.8567182
2011,4,4,0.37520555,1.6985409,6,1.7394886
2011,4,5,0.12312903,1.8028685,6,1.8070682
2011,4,6,-0.24674861,1.6797521,7,1.6977786
2011,4,7,-0.73060846,1.2468438,7,1.4451326
2011,4,8,-0.91398168,0.89334422,8,1.2780557
2011,4,9,-0.84527665,0.57837129,8,1.02421
2011,4,10,-0.56584668,0.61338907,7,0.83452302
2011,4,11,-0.27198797,0.46311575,7,0.5370788
2011,4,12,-0.3993789,0.50795931,7,0.64616269
2011,4,13,-0.13033892,0.62332439,7,0.63680571
2011,4,14,0.0398239456,0.60733998,6,0.60864425
2011,4,15,-0.014241986,0.43973508,7,0.43996567
2011,4,16,-0.22876601,0.1775573,8,0.28958675
2011,4,17,-0.20117986,0.11141424,8,0.22997059
2011,4,18,-0.23407151,0.16709584,8,0.28759432
2011,4,19,-0.41138068,0.21491095,8,0.46413445
2011,4,20,-0.41881359,0.23195171,8,0.47875506
2011,4,21,-0.10024067,0.38382393,7,0.39669761
2011,4,22,-0.0216892138,0.0721241683,7,0.07531479
2011,4,23,-0.29923159,-0.27459547,1,0.40613076
2011,4,24,-0.37102309,-0.52245975,2,0.64079815
2011,4,25,-0.24222875,-0.73531443,2,0.77418476
2011,4,26,-0.10450757,-0.86336344,2,0.86966562
2011,4,27,0.34615573,-0.84910083,3,0.91694933
2011,4,28,0.65274,-1.1867849,3,1.3544475
2011,4,29,1.2268804,-1.0544891,4,1.6177709
2011,4,30,1.4374878,-0.82668459,4,1.6582457
2011,5,1,1.6096646,-0.15965614,4,1.617563
2011,5,2,1.8194689,0.24322744,5,1.8356543
2011,5,3,1.9784831,0.34301195,5,2.007997
2011,5,4,2.0584543,0.60686386,5,2.1460471
2011,5,5,1.8787194,0.89047033,5,2.0790682
2011,5,6,1.8037363,1.2315792,5,2.1840906
2011,5,7,1.8097796,1.6585623,5,2.454818
2011,5,8,1.2885021,2.1024187,6,2.465847
2011,5,9,0.71123075,2.1560042,6,2.270287
2011,5,10,0.0220536552,2.2337315,6,2.2338402
2011,5,11,-0.74221414,1.9721379,7,2.1071806
2011,5,12,-1.0516341,1.7802529,7,2.0676641
2011,5,13,-1.1732429,1.5972281,7,1.9818265
2011,5,14,-1.3299228,1.2125746,8,1.799731
2011,5,15,-1.459744,1.1349161,8,1.8490232
2011,5,16,-1.5447726,1.1595275,8,1.9315348
2011,5,17,-1.6296811,0.95913231,8,1.8909773
2011,5,18,-1.637586,0.64536613,8,1.7601663
2011,5,19,-1.580146,0.43443406,8,1.6387782
2011,5,20,-1.1557572,0.22032064,8,1.1765696
2011,5,21,-0.68702996,0.0756344348,8,0.69118065
2011,5,22,-0.40117902,0.0458670259,8,0.4037925
2011,5,23,0.13731357,0.10373358,5,0.17209205
2011,5,24,0.60471463,-0.12753741,4,0.61801744
2011,5,25,1.0315548,-0.30109841,4,1.0746002
2011,5,26,1.112276,-0.0311390292,4,1.1127118
2011,5,27,1.1310709,0.0310449339,5,1.1314969
2011,5,28,1.0512581,0.3397764,5,1.1048038
2011,5,29,0.5948965,0.66933495,6,0.89549488
2011,5,30,0.2286543,0.69959021,6,0.736009
2011,5,31,0.0498654544,0.41105616,6,0.41406971
2011,6,1,-0.14413868,0.24379516,7,0.28321731
2011,6,2,-0.31874034,0.0843766183,8,0.32971931
2011,6,3,-0.50675052,0.00133801985,8,0.50675231
2011,6,4,-0.51542395,-0.24638343,1,0.57128507
2011,6,5,-0.31801826,-0.36547235,2,0.48446429
2011,6,6,-0.12933885,-0.53824419,2,0.55356604
2011,6,7,0.24662682,-0.56854892,3,0.61973596
2011,6,8,0.61152667,-0.76177031,3,0.97686177
2011,6,9,1.4656,-0.49970633,4,1.5484476
2011,6,10,1.489895,-0.15079232,4,1.4975064
2011,6,11,1.0623572,0.14472555,5,1.0721699
2011,6,12,0.72846705,0.4138079,5,0.8377955
2011,6,13,0.78039265,0.31159341,5,0.84029943
2011,6,14,0.80877525,0.10178424,5,0.81515485
2011,6,15,0.48448244,0.23899017,5,0.54022175
2011,6,16,0.0825269073,0.63808465,6,0.64339936
2011,6,17,0.0580146126,0.6849525,6,0.68740499
2011,6,18,0.3737224,0.36942351,5,0.52549231
2011,6,19,0.36940756,0.0387684926,5,0.3714363
2011,6,20,0.30450678,-0.11062921,4,0.32398024
2011,6,21,-0.0760839656,-0.0995846838,2,0.1253231
2011,6,22,-0.0904069319,-0.26913846,2,0.2839171
2011,6,23,-0.22565545,-0.50043511,2,0.54895872
2011,6,24,-0.38049856,-0.64637458,2,0.75005287
2011,6,25,-0.16470672,-0.75545865,2,0.77320504
2011,6,26,0.036700584,-0.84508157,3,0.84587812
2011,6,27,-0.1638806,-0.77424353,2,0.79139739
2011,6,28,-0.37179205,-0.72071844,2,0.81096506
2011,6,29,-0.57123828,-0.43805057,1,0.7198621
2011,6,30,-0.4933359,-0.48994115,1,0.69528604
2011,7,1,-0.62209165,-0.44787717,1,0.76654547
2011,7,2,-0.62791258,-0.47579414,1,0.78781617
2011,7,3,-0.56995827,-0.3453472,1,0.66642112
2011,7,4,-0.58801746,-0.0851755068,1,0.59415436
2011,7,5,-0.45567217,-0.13806809,1,0.47613016
2011,7,6,-0.32637402,-0.0581488796,1,0.33151364
2011,7,7,-0.65854192,0.0935127214,8,0.6651482
2011,7,8,-0.94103003,0.03167741,8,0.94156301
2011,7,9,-1.078214,0.25828698,8,1.108719
2011,7,10,-1.3365217,-0.0211706702,1,1.3366895
2011,7,11,-1.7450416,-0.34487244,1,1.7787938
2011,7,12,-2.0633774,-0.55072224,1,2.135608
2011,7,13,-1.7822969,-0.73803872,1,1.9290628
2011,7,14,-1.4581373,-0.89394039,1,1.710349
2011,7,15,-0.90797669,-0.89392036,1,1.2741724
2011,7,16,-0.24022536,-0.96768278,2,0.99705476
2011,7,17,0.1374128,-1.0412287,3,1.0502568
2011,7,18,0.36943883,-0.83702958,3,0.91493362
2011,7,19,0.71581346,-0.74214548,3,1.0311007
2011,7,20,1.0208542,-0.38871416,4,1.0923562
2011,7,21,1.1812208,0.29554054,5,1.2176316
2011,7,22,1.008801,0.55697519,5,1.1523458
2011,7,23,1.2229624,0.76039928,5,1.4400847
2011,7,24,1.076076,0.68385106,5,1.2749871
2011,7,25,0.60237551,0.62132859,6,0.86539322
2011,7,26,0.14129832,0.61757284,6,0.63353091
2011,7,27,-0.28740534,0.44025245,7,0.52576047
2011,7,28,-0.56389296,0.45349535,8,0.72362512
2011,7,29,-0.81247401,0.31287771,8,0.87063569
2011,7,30,-0.71879721,0.1350442,8,0.73137295
2011,7,31,-0.292656,-0.12181156,1,0.31699464
2011,8,1,-0.00389018422,-0.35738149,2,0.35740268
2011,8,2,-0.0681113675,-0.15812081,2,0.17216663
2011,8,3,0.0547388121,-0.0319052413,4,0.063358359
2011,8,4,0.0364436023,0.26117995,6,0.26371026
2011,8,5,-0.0241210982,0.43373546,7,0.43440565
2011,8,6,0.19234052,0.29901868,6,0.35553771
2011,8,7,0.13742644,0.0847240239,5,0.16144407
2011,8,8,0.20426591,0.28375223,6,0.34962821
2011,8,9,0.18954062,0.0311101526,5,0.19207679
2011,8,10,-0.30182755,-0.19219598,1,0.35782561
2011,8,11,-0.37386307,-0.35195562,1,0.51346505
2011,8,12,-0.48588142,-0.92279416,2,1.042895
2011,8,13,-0.7269215,-1.2073495,2,1.4092933
2011,8,14,-0.76953703,-1.2359909,2,1.4559741
2011,8,15,-1.0257914,-1.1134679,2,1.5139548
2011,8,16,-1.1469067,-1.1225138,1,1.6048154
2011,8,17,-1.0143512,-1.0598736,2,1.4670516
2011,8,18,-0.8441267,-0.94570148,2,1.2676361
2011,8,19,-0.63352966,-1.0117043,2,1.193694
2011,8,20,-0.67067111,-0.76451874,2,1.0169998
2011,8,21,-0.86896229,-0.57152343,1,1.0400647
2011,8,22,-1.1114302,-0.77226067,1,1.3533896
2011,8,23,-1.0316919,-0.95248818,1,1.4041445
2011,8,24,-1.0112584,-1.3311759,2,1.6717274
2011,8,25,-0.85548615,-1.6165304,2,1.8289416
2011,8,26,-0.53366536,-1.8451298,2,1.9207557
2011,8,27,0.24830864,-1.7015913,3,1.7196133
2011,8,28,0.59306496,-1.5392406,3,1.6495416
2011,8,29,0.64590526,-1.262004,3,1.417691
2011,8,30,0.66154522,-1.0336217,3,1.2271984
2011,8,31,0.48261923,-0.79669678,3,0.93147576
2011,9,1,0.32714874,-0.61689264,3,0.69827127
2011,9,2,0.34380704,-0.65364534,3,0.73854959
2011,9,3,0.18213306,-0.68453658,3,0.70835215
2011,9,4,0.13206401,-0.62050378,3,0.63440198
2011,9,5,0.0132103227,-0.5545671,3,0.55472445
2011,9,6,0.0286792833,-0.73396128,3,0.73452139
2011,9,7,0.14026393,-0.92753309,3,0.93807864
2011,9,8,0.33218405,-0.80654675,3,0.87227511
2011,9,9,0.34190845,-0.90887189,3,0.97105587
2011,9,10,0.27534503,-1.0616747,3,1.096799
2011,9,11,0.18363681,-0.9125042,3,0.93079877
2011,9,12,0.21043959,-1.050696,3,1.0715628
2011,9,13,0.049224291,-0.82238984,3,0.82386166
2011,9,14,-0.0359811448,-0.63134229,2,0.63236678
2011,9,15,-0.022091737,-0.51784503,2,0.51831603
2011,9,16,0.16308458,-0.6683284,3,0.68793851
2011,9,17,0.32329556,-0.79631132,3,0.85943687
2011,9,18,0.36970738,-0.89002669,3,0.96375883
2011,9,19,0.70517045,-0.7692154,3,1.0435313
2011,9,20,0.85948235,-0.44031754,4,0.96570671
2011,9,21,0.64335054,0.0845566615,5,0.64888346
2011,9,22,0.51290351,0.42461798,5,0.66586071
2011,9,23,0.67681974,0.32902446,5,0.75255704
2011,9,24,0.69899541,0.18016863,5,0.72184163
2011,9,25,0.9993915,0.35437134,5,1.0603596
2011,9,26,1.1581764,0.46283236,5,1.2472315
2011,9,27,1.0527087,0.549137,5,1.1873277
2011,9,28,1.0391221,0.89000225,5,1.3681662
2011,9,29,0.95755023,1.2259169,6,1.5555625
2011,9,30,0.94947112,1.2234533,6,1.5486553
2011,10,1,1.0560795,1.2991457,6,1.6742412
2011,10,2,1.0572344,1.0523126,5,1.491679
2011,10,3,0.7662285,1.0731202,6,1.3185952
2011,10,4,0.41537941,1.0483857,6,1.1276758
2011,10,5,0.00212710933,1.327306,6,1.3273077
2011,10,6,-0.23996846,1.447252,7,1.4670117
2011,10,7,-0.36904025,1.3654672,7,1.414458
2011,10,8,-0.57636702,1.3932295,7,1.5077424
2011,10,9,-1.0123669,1.1795182,7,1.554397
2011,10,10,-1.3987981,1.0509849,8,1.7496301
2011,10,11,-1.5887917,0.87900221,8,1.8157378
2011,10,12,-1.9218707,0.69941252,8,2.045181
2011,10,13,-2.0284824,0.46471095,8,2.0810328
2011,10,14,-2.2698224,0.24301498,8,2.2827942
2011,10,15,-2.6287715,-0.29341537,1,2.6450958
2011,10,16,-2.8550093,-1.0623426,1,3.0462518
2011,10,17,-2.9342356,-1.5779366,1,3.3316097
2011,10,18,-3.0829144,-1.8351351,1,3.5877683
2011,10,19,-2.7555597,-2.162101,1,3.5025406
2011,10,20,-2.1213214,-2.2947927,2,3.1250725
2011,10,21,-1.5107039,-1.9819535,2,2.4920607
2011,10,22,-1.3329573,-1.6294217,2,2.1051817
2011,10,23,-1.0354648,-1.5666229,2,1.8778963
2011,10,24,-0.65364903,-1.4496347,2,1.5901879
2011,10,25,-0.44665438,-1.0547258,2,1.1454023
2011,10,26,-0.59860229,-0.86295927,2,1.0502492
2011,10,27,-0.56771952,-0.71669179,2,0.91430444
2011,10,28,-0.21081279,-0.8083806,2,0.83541685
2011,10,29,-0.00373464869,-0.8421942,2,0.84220248
2011,10,30,0.20015475,-0.88565361,3,0.90798914
2011,10,31,0.35666838,-0.77500665,3,0.85313988
2011,11,1,0.75610346,-0.77614903,3,1.0835588
2011,11,2,1.0732783,-1.0358702,4,1.4916277
2011,11,3,1.1349972,-1.0714738,4,1.5608572
2011,11,4,1.117731,-0.68980348,4,1.3134502
2011,11,5,1.3686655,-0.23022571,4,1.3878938
2011,11,6,1.3933734,0.20411579,5,1.4082445
2011,11,7,1.3122542,0.64818412,5,1.4636098
2011,11,8,1.0421621,0.86497545,5,1.3543575
2011,11,9,0.54540664,1.0687231,6,1.1998489
2011,11,10,-0.00921370368,1.1195258,7,1.1195637
2011,11,11,-0.60239184,0.89281893,7,1.0770336
2011,11,12,-0.62141937,0.87769556,7,1.0754123
2011,11,13,-0.83607757,0.90161413,7,1.2296072
2011,11,14,-0.80927157,0.63149279,8,1.0265006
2011,11,15,-0.97782964,0.45514905,8,1.0785692
2011,11,16,-0.95425957,0.2543509,8,0.98757571
2011,11,17,-1.002169,-0.13914227,1,1.0117822
2011,11,18,-1.0117365,-0.39671576,1,1.0867356
2011,11,19,-1.0395066,-0.44475558,1,1.1306553
2011,11,20,-0.91264158,-0.71641523,1,1.1602436
2011,11,21,-0.64003938,-0.79977673,2,1.0243502
2011,11,22,-0.38427192,-1.3000356,2,1.3556391
2011,11,23,-0.4407118,-1.780931,2,1.8346504
2011,11,24,-0.35580054,-1.8179584,2,1.8524488
2011,11,25,-0.16193806,-1.9336412,2,1.9404104
2011,11,26,0.10799909,-2.0358949,3,2.0387573
2011,11,27,0.54160452,-2.1703398,3,2.2368975
2011,11,28,0.77005774,-2.1666136,3,2.299392
2011,11,29,1.0126779,-1.8192977,3,2.0821528
2011,11,30,1.1550148,-1.5364738,3,1.9221891
2011,12,1,1.4443804,-1.3831354,4,1.9998246
2011,12,2,1.6189284,-1.090032,4,1.9516913
2011,12,3,1.8766637,-0.70012313,4,2.0030077
2011,12,4,2.1380467,-0.27485153,4,2.1556408
2011,12,5,2.2286026,-0.074233003,4,2.2298386
2011,12,6,2.0009398,0.16844249,5,2.0080173
2011,12,7,1.7296979,0.18314813,5,1.7393672
2011,12,8,1.6265533,0.53299779,5,1.7116549
2011,12,9,1.2115992,0.51491582,5,1.3164767
2011,12,10,1.088006,0.30283472,5,1.1293653
2011,12,11,0.64301723,0.25977951,5,0.69351029
2011,12,12,0.46209866,0.21217528,5,0.50848162
2011,12,13,0.51449209,-0.0522587001,4,0.51713932
2011,12,14,0.59999365,-0.0938751474,4,0.60729313
2011,12,15,0.72959596,-0.25493395,4,0.77285284
2011,12,16,0.71091443,-0.27218461,4,0.76123834
2011,12,17,0.70404768,-0.5459103,4,0.89089906
2011,12,18,0.68660301,-0.37473515,4,0.7822085
2011,12,19,0.79339808,-0.28661582,4,0.84358114
2011,12,20,0.8856914,-0.39747083,4,0.97078955
2011,12,21,1.2633102,-0.29555392,4,1.2974224
2011,12,22,1.4436585,-0.11014068,4,1.4478539
2011,12,23,1.7340996,-0.0370530114,4,1.7344954
2011,12,24,1.8422118,-0.23418154,4,1.8570367
2011,12,25,1.6242893,-0.0436095633,4,1.6248746
2011,12,26,1.5306512,0.33585769,5,1.5670652
2011,12,27,1.4301558,0.67258978,5,1.5804185
2011,12,28,1.3541183,0.87811959,5,1.6139178
2011,12,29,1.1472518,1.0195138,5,1.5347948
2011,12,30,0.97863722,1.2967056,6,1.6245542
2011,12,31,0.79520482,1.3485366,6,1.5655355
2012,1,1,0.59518021,1.2646128,6,1.3976712
2012,1,2,0.4710691,1.1115505,6,1.2072492
2012,1,3,0.24136327,0.98243994,6,1.0116543
2012,1,4,0.1064629,1.0265385,6,1.0320444
2012,1,5,0.19713846,0.75090408,6,0.7763508
2012,1,6,0.35294831,0.808429,6,0.88211679
2012,1,7,0.15093064,0.93382639,6,0.94594491
2012,1,8,-0.33453825,0.78759545,7,0.85569996
2012,1,9,-0.44870445,0.45272964,7,0.63741654
2012,1,10,-0.0492591113,0.38119304,7,0.38436258
2012,1,11,0.37100211,0.77117914,6,0.85578024
2012,1,12,0.32847813,0.58329934,6,0.6694296
2012,1,13,0.27284089,0.50662237,6,0.5754202
2012,1,14,0.1798252,0.68805683,6,0.71116757
2012,1,15,0.26829603,0.83404005,6,0.876131
2012,1,16,0.27952561,0.73765761,6,0.78884304
2012,1,17,0.23910838,0.36616325,6,0.43731949
2012,1,18,0.41436604,0.33748853,5,0.53441346
2012,1,19,0.63187027,0.37186885,5,0.73317564
2012,1,20,1.3597691,0.30999997,5,1.3946583
2012,1,21,1.4213177,-0.13173184,4,1.4274093
2012,1,22,1.2659643,0.0859517753,5,1.2688787
2012,1,23,1.322884,0.40494564,5,1.3834749
2012,1,24,1.3628072,0.47899139,5,1.4445332
2012,1,25,1.2046256,0.65911764,5,1.3731565
2012,1,26,0.94638681,0.83283365,5,1.2606585
2012,1,27,0.76998627,1.1352102,6,1.3717073
2012,1,28,1.0200869,1.4775927,6,1.7955103
2012,1,29,1.110266,1.579722,6,1.9308579
2012,1,30,1.163137,1.3801624,6,1.8049198
2012,1,31,1.0463898,1.5032388,6,1.8315727
2012,2,1,1.0991713,1.6166724,6,1.9549443
2012,2,2,0.95075887,2.030261,6,2.2418525
2012,2,3,0.544101,2.3547835,6,2.4168267
2012,2,4,-0.0486744978,2.7824605,7,2.7828863
2012,2,5,-0.41272739,3.1920347,7,3.2186069
2012,2,6,-0.8759582,3.288456,7,3.4031229
2012,2,7,-1.1991462,2.7072196,7,2.9609103
2012,2,8,-1.4236697,2.0519631,7,2.4974763
2012,2,9,-1.5387534,1.5263026,8,2.1673398
2012,2,10,-1.6376079,0.98601252,8,1.9115387
2012,2,11,-1.4875056,0.49452761,8,1.5675555
2012,2,12,-1.5835758,0.21358205,8,1.5979142
2012,2,13,-1.7339118,-0.0762495175,1,1.7355875
2012,2,14,-1.6359028,-0.34447646,1,1.6717781
2012,2,15,-1.1976753,-0.63270837,1,1.354528
2012,2,16,-0.85344332,-0.92392278,2,1.2577753
2012,2,17,-0.92568505,-1.1939191,2,1.51074
2012,2,18,-0.8907454,-1.2264047,2,1.5157492
2012,2,19,-0.94421548,-1.124263,2,1.4681656
2012,2,20,-0.83748657,-1.214922,2,1.4756081
2012,2,21,-0.89124984,-1.2811934,2,1.5606995
2012,2,22,-1.0485803,-1.3848532,2,1.737049
2012,2,23,-0.95811737,-1.5768169,2,1.8450854
2012,2,24,-0.85027111,-1.5156151,2,1.7378291
2012,2,25,-0.69642228,-1.5102152,2,1.6630555
2012,2,26,-0.37619913,-1.7190695,2,1.7597516
2012,2,27,-0.17514463,-1.888135,2,1.8962408
2012,2,28,0.2310521,-1.9760015,3,1.989464
2012,2,29,0.38976303,-1.9726728,3,2.0108089
2012,3,1,0.50244266,-1.89755,3,1.9629428
2012,3,2,1.039497,-1.9521859,3,2.2116923
2012,3,3,1.5440843,-2.2649546,3,2.7412069
2012,3,4,1.5633451,-2.27514,3,2.7604909
2012,3,5,1.7706101,-2.0175321,3,2.6843054
2012,3,6,1.9840826,-1.6951079,4,2.6095929
2012,3,7,2.0256791,-1.0617654,4,2.287077
2012,3,8,2.0535452,-0.85959125,4,2.2261951
2012,3,9,2.125752,-0.7342512,4,2.2489879
2012,3,10,2.0197949,-0.45164773,4,2.0696757
2012,3,11,1.9453743,-0.15526031,4,1.9515601
2012,3,12,1.9548857,0.11699709,5,1.9583837
2012,3,13,1.8220305,0.4828099,5,1.884914
2012,3,14,1.7314241,0.71181041,5,1.8720319
2012,3,15,1.55322,0.98677397,5,1.8401673
2012,3,16,1.4996234,1.4040546,5,2.0543222
2012,3,17,1.4479251,1.6888592,6,2.2245746
2012,3,18,1.4858876,2.1454837,6,2.6097822
2012,3,19,1.4127605,2.9190524,6,3.2429552
2012,3,20,0.87013769,3.2660966,6,3.3800187
2012,3,21,0.36032364,3.2806582,6,3.3003867
2012,3,22,-0.2242689,3.2044053,7,3.2122438
2012,3,23,-0.52937448,3.2006223,7,3.2441056
2012,3,24,-0.56909633,2.7466192,7,2.8049576
2012,3,25,-0.33208254,2.1816049,7,2.2067349
2012,3,26,-0.0777590871,1.7407939,7,1.7425297
2012,3,27,0.12718512,1.5773138,6,1.5824332
2012,3,28,0.12812702,1.5236399,6,1.5290177
2012,3,29,0.10249287,1.5153726,6,1.5188347
2012,3,30,0.0217504706,1.2428535,6,1.2430439
2012,3,31,-0.1958019,1.3304656,7,1.3447963
2012,4,1,-0.41438994,1.3761687,7,1.4372054
2012,4,2,-0.73870683,1.4446459,7,1.6225564
2012,4,3,-1.0371567,1.6743641,7,1.9695657
2012,4,4,-1.3579494,1.8663853,7,2.3081205
2012,4,5,-1.7533888,1.7548645,7,2.4807098
2012,4,6,-2.2354946,1.7519431,8,2.8402009
2012,4,7,-2.3457882,1.3774574,8,2.7203145
2012,4,8,-2.320291,0.98941928,8,2.5224395
2012,4,9,-2.0850098,0.68355334,8,2.1941993
2012,4,10,-1.8780519,0.30342695,8,1.9024055
2012,4,11,-1.6329924,-0.0896750465,1,1.6354527
2012,4,12,-1.3338587,-0.65380895,1,1.4854782
2012,4,13,-1.0317301,-0.81613237,1,1.3154995
2012,4,14,-0.85155511,-0.83347076,1,1.1915618
2012,4,15,-0.51840425,-0.79419094,2,0.94841039
2012,4,16,-0.1242635,-0.97534031,2,0.98322433
2012,4,17,0.0236588698,-1.1239654,3,1.1242143
2012,4,18,0.32535359,-1.4047706,3,1.4419553
2012,4,19,0.59951264,-1.4567667,3,1.5753046
2012,4,20,0.58601046,-1.2032384,3,1.3383538
2012,4,21,0.64066565,-0.85280347,3,1.0666425
2012,4,22,0.81685466,-0.45579672,4,0.93541551
2012,4,23,1.0740902,-0.20276272,4,1.0930611
2012,4,24,0.96971828,-0.13611728,4,0.97922492
2012,4,25,0.88955557,-0.1019082,4,0.89537388
2012,4,26,0.6061489,-0.0513615236,4,0.60832107
2012,4,27,0.52019572,-0.00978662353,4,0.52028781
2012,4,28,0.10164377,-0.034207575,4,0.10724558
2012,4,29,-0.22887389,0.017340498,8,0.22952986
2012,4,30,-0.30826753,0.0385375209,8,0.31066704
2012,5,1,-0.24189241,0.0286973361,8,0.24358875
2012,5,2,-0.39023787,0.21252401,8,0.44435576
2012,5,3,-0.33770317,0.18453646,8,0.3848339
2012,5,4,-0.36017114,0.10226786,8,0.37440881
2012,5,5,-0.21320091,-0.16720277,1,0.27094537
2012,5,6,0.0959700122,0.0523457639,5,0.10931753
2012,5,7,0.37991011,0.22927992,5,0.44373527
2012,5,8,0.29319885,0.56964183,6,0.64066947
2012,5,9,-0.073976092,0.72208482,7,0.72586429
2012,5,10,0.0307091102,0.81039447,6,0.81097609
2012,5,11,0.21715571,0.63590491,6,0.67196107
2012,5,12,0.2175716,0.70160878,6,0.73456943
2012,5,13,0.0814343467,0.46114123,6,0.46827641
2012,5,14,-0.0867682323,0.71208918,7,0.71735609
2012,5,15,-0.12532671,0.77339423,7,0.78348285
2012,5,16,-0.0452230349,0.72897595,7,0.73037732
2012,5,17,-0.34118557,0.71425712,7,0.79156226
2012,5,18,-0.79681492,0.48804224,8,0.93439782
2012,5,19,-0.92530364,0.28597465,8,0.96848762
2012,5,20,-0.63096452,0.17350297,8,0.65438485
2012,5,21,-0.38801208,0.30446836,8,0.49320823
2012,5,22,-0.40199628,-0.016295664,1,0.40232643
2012,5,23,-0.36615178,0.0769623891,8,0.37415284
2012,5,24,-0.36625683,0.0927185193,8,0.37781051
2012,5,25,-0.28926015,-0.17948176,1,0.34041905
2012,5,26,-0.11776026,-0.2037165,2,0.23530382
2012,5,27,0.27295876,0.0135480184,5,0.27329478
2012,5,28,0.24107994,-0.0632275566,4,0.24923335
2012,5,29,0.15108709,-0.0389136449,4,0.15601788
2012,5,30,0.25284296,-0.20611189,4,0.32620803
2012,5,31,0.56492335,-0.27020654,4,0.6262188
2012,6,1,0.61631095,-0.24049036,4,0.66156995
2012,6,2,0.77173716,0.0537562072,5,0.77360713
2012,6,3,1.1313136,0.25228736,5,1.1591028
2012,6,4,1.4953762,0.0945877656,5,1.4983648
2012,6,5,1.8480281,0.32484743,5,1.8763617
2012,6,6,1.7998214,0.49359486,5,1.8662778
2012,6,7,1.7534562,0.64772838,5,1.8692675
2012,6,8,1.1610185,0.79606926,5,1.4077252
2012,6,9,0.49791288,1.2895103,6,1.3823003
2012,6,10,-0.12431429,1.8824971,7,1.8865973
2012,6,11,-0.59044921,1.9310859,7,2.0193372
2012,6,12,-0.7595579,1.7224803,7,1.882516
2012,6,13,-1.0702012,1.646997,7,1.9641613
2012,6,14,-1.3167492,1.4198436,7,1.9364359
2012,6,15,-1.5330102,0.94243366,8,1.7995281
2012,6,16,-1.6054206,0.29921716,8,1.6330665
2012,6,17,-1.5060033,-0.26898691,1,1.5298365
2012,6,18,-1.668852,-0.54700172,1,1.7562112
2012,6,19,-1.8006321,-0.45615095,1,1.8575116
2012,6,20,-1.7228441,-0.14049527,1,1.7285632
2012,6,21,-1.8812369,-0.0701648146,1,1.8825449
2012,6,22,-2.0147824,0.0238946211,8,2.014924
2012,6,23,-1.8788761,-0.22691618,1,1.8925291
2012,6,24,-1.8312463,-0.3799074,1,1.8702387
2012,6,25,-1.7248957,-0.56835836,1,1.8161212
2012,6,26,-1.4560459,-0.45203876,1,1.5246011
2012,6,27,-1.1219108,-0.35536635,1,1.1768471
2012,6,28,-0.71437413,-0.38435182,1,0.81120694
2012,6,29,-0.6481151,-0.60939604,1,0.88961607
2012,6,30,-0.54704332,-1.0547372,2,1.1881611
2012,7,1,-0.5128119,-1.2241985,2,1.3272671
2012,7,2,-0.35780582,-1.1436144,2,1.1982816
2012,7,3,-0.23274261,-1.1291542,2,1.1528913
2012,7,4,-0.10039783,-1.3523684,2,1.3560899
2012,7,5,-0.043267969,-1.3792262,2,1.3799047
2012,7,6,0.0956064165,-1.3458767,3,1.3492682
2012,7,7,0.11689317,-1.2642498,3,1.2696422
2012,7,8,-0.0323839486,-1.1340804,2,1.1345427
2012,7,9,-0.3616052,-0.97337854,2,1.0383757
2012,7,10,-0.57285577,-0.86975801,2,1.0414618
2012,7,11,-0.68949091,-0.83082074,2,1.0796578
2012,7,12,-0.88748139,-0.73398089,1,1.1516732
2012,7,13,-1.0278471,-0.72154701,1,1.2558262
2012,7,14,-0.61612064,-0.9876675,2,1.1640841
2012,7,15,-0.55680472,-0.92467952,2,1.0793812
2012,7,16,-0.38730678,-0.8201704,2,0.90702039
2012,7,17,0.33353093,-0.60694635,3,0.6925509
2012,7,18,0.74222785,-0.58829004,4,0.94709414
2012,7,19,0.69572181,-0.54294503,4,0.88250673
2012,7,20,0.43373108,-0.49996793,3,0.66188413
2012,7,21,0.54693389,-0.46332934,4,0.71680593
2012,7,22,0.58425254,-0.11624441,4,0.59570444
2012,7,23,0.63866353,-0.1455846,4,0.65504652
2012,7,24,0.81779408,-0.0571709722,4,0.81979007
2012,7,25,0.80421698,0.30203307,5,0.85906279
2012,7,26,0.77384919,0.36461121,5,0.85544366
2012,7,27,0.71948838,0.52602702,5,0.8912732
2012,7,28,0.51118827,0.68584275,6,0.85539097
2012,7,29,0.38501942,0.65062946,6,0.756015
2012,7,30,0.44185248,0.75043768,6,0.87085611
2012,7,31,0.36879236,1.0109169,6,1.0760859
2012,8,1,0.32782412,1.1593524,6,1.2048098
2012,8,2,0.1580077,1.1254234,6,1.1364614
2012,8,3,0.0228749737,0.82493478,6,0.82525188
2012,8,4,-0.15817535,0.59390926,7,0.6146118
2012,8,5,-0.28442198,0.36883557,7,0.46576339
2012,8,6,-0.5197742,0.27421084,8,0.58767062
2012,8,7,-1.0326829,0.10275757,8,1.0377827
2012,8,8,-1.4436257,0.037994992,8,1.4441257
2012,8,9,-1.6809981,-0.19449557,1,1.6922125
2012,8,10,-1.6533167,-0.30642745,1,1.6814737
2012,8,11,-1.5273354,-0.24416347,1,1.5467286
2012,8,12,-1.4576747,-0.31028765,1,1.4903336
2012,8,13,-1.4495455,-0.30732006,1,1.4817652
2012,8,14,-1.4981518,-0.61214012,1,1.6183863
2012,8,15,-1.361442,-0.7994563,1,1.5788143
2012,8,16,-1.2476025,-1.0827433,1,1.6519216
2012,8,17,-0.72692198,-1.4543314,2,1.625883
2012,8,18,-0.63912958,-1.4107717,2,1.5487942
2012,8,19,-0.5274359,-1.4626287,2,1.554822
2012,8,20,-0.25961599,-1.5028782,2,1.5251372
2012,8,21,-0.0223114751,-1.4637902,2,1.4639602
2012,8,22,0.28854427,-1.4536221,3,1.4819835
2012,8,23,0.51643205,-1.6798437,3,1.7574347
2012,8,24,0.59099108,-1.7573676,3,1.8540797
2012,8,25,0.48326266,-1.8233174,3,1.8862739
2012,8,26,0.56058967,-1.8857493,3,1.9673107
2012,8,27,0.60356468,-1.8972774,3,1.9909675
2012,8,28,0.60444671,-1.736957,3,1.8391235
2012,8,29,0.4275209,-1.428604,3,1.491202
2012,8,30,0.22755112,-1.1823568,3,1.2040545
2012,8,31,0.22149009,-0.860412,3,0.88846308
2012,9,1,0.17124531,-0.83673412,3,0.85407782
2012,9,2,0.0844938233,-0.72379977,3,0.72871482
2012,9,3,0.50527722,-0.84808266,3,0.98719263
2012,9,4,0.91644412,-0.95509613,3,1.3236611
2012,9,5,0.8469367,-0.72758484,4,1.1165489
2012,9,6,1.2598627,-1.0639049,4,1.6489838
2012,9,7,1.4482557,-1.2919056,4,1.9407382
2012,9,8,1.4835534,-1.0313658,4,1.8068331
2012,9,9,1.4763796,-0.75727719,4,1.6592666
2012,9,10,1.4360551,-0.63915473,4,1.5718693
2012,9,11,1.2543821,-0.24770916,4,1.2786064
2012,9,12,1.1153167,0.21099435,5,1.1350992
2012,9,13,1.0394604,0.64779079,5,1.2247901
2012,9,14,1.0783693,0.64200717,5,1.2550113
2012,9,15,0.86743122,0.35211638,5,0.93617457
2012,9,16,0.68092388,-0.0114949998,4,0.68102092
2012,9,17,0.68952566,0.1097253,5,0.69820142
2012,9,18,0.89290488,0.0347757004,5,0.89358181
2012,9,19,0.90821224,-0.0236706752,4,0.90852064
2012,9,20,1.0297762,-0.15274011,4,1.0410421
2012,9,21,0.96477532,-0.12379457,4,0.97268522
2012,9,22,0.86967194,0.0460228175,5,0.87088889
2012,9,23,0.99168253,0.35071322,5,1.0518717
2012,9,24,1.1094182,0.20868874,5,1.1288754
2012,9,25,0.89739823,0.19484514,5,0.91830724
2012,9,26,0.76700091,0.32110071,5,0.83150232
2012,9,27,0.98732942,0.71092898,5,1.2166508
2012,9,28,1.1009362,0.95323455,5,1.4562681
2012,9,29,1.4120504,1.0132686,5,1.7379872
2012,9,30,1.4458948,1.0893645,5,1.810339
2012,10,1,1.2366515,1.490458,6,1.936691
2012,10,2,1.1133027,1.5276085,6,1.8902463
2012,10,3,1.0040897,1.4070383,6,1.7285696
2012,10,4,0.94678217,1.1365721,6,1.4792541
2012,10,5,0.99238145,0.66583729,5,1.1950566
2012,10,6,0.79894173,0.53651303,5,0.96236902
2012,10,7,0.58790278,0.83884072,6,1.0243454
2012,10,8,0.50145793,0.99009103,6,1.1098379
2012,10,9,0.35231486,0.56804967,6,0.66843563
2012,10,10,0.20378096,0.27044734,6,0.33862731
2012,10,11,0.1299032,0.0621584952,5,0.14400876
2012,10,12,-0.031907741,-0.11820637,2,0.12243713
2012,10,13,-0.20861362,-0.25843686,2,0.33212838
2012,10,14,-0.476495,-0.33084318,1,0.58009022
2012,10,15,-0.70703214,-0.30635771,1,0.77055138
2012,10,16,-0.75227022,-0.17819987,1,0.7730884
2012,10,17,-1.0630953,-0.43520531,1,1.1487277
2012,10,18,-1.3474743,-0.39618441,1,1.4045103
2012,10,19,-1.3282195,-0.46184096,1,1.4062234
2012,10,20,-1.1265509,-0.55013311,1,1.2536999
2012,10,21,-1.0124558,-0.76924372,1,1.2715355
2012,10,22,-0.87532377,-0.89300644,2,1.2504609
2012,10,23,-0.70117062,-1.31229,2,1.4878659
2012,10,24,-0.53828579,-1.2105451,2,1.3248286
2012,10,25,-0.46025741,-0.85621756,2,0.97208303
2012,10,26,-0.40879613,-0.52177525,2,0.66284513
2012,10,27,-0.51140451,-0.67700404,2,0.84845096
2012,10,28,-0.68909132,-1.0344502,2,1.2429538
2012,10,29,-0.55333358,-1.0618217,2,1.1973485
2012,10,30,-0.33176231,-1.2664591,2,1.3091925
2012,10,31,-0.41948268,-0.91048443,2,1.0024707
2012,11,1,-0.33562872,-0.90045601,2,0.96097225
2012,11,2,0.0384613872,-1.0409764,3,1.0416867
2012,11,3,0.44406256,-1.1183532,3,1.2032895
2012,11,4,0.63817579,-1.0649785,3,1.2415504
2012,11,5,0.52827102,-0.98246974,3,1.1154896
2012,11,6,0.87234336,-0.65907675,4,1.0933275
2012,11,7,0.73247313,-0.0789421871,4,0.73671484
2012,11,8,0.69981992,0.28578019,5,0.75592208
2012,11,9,0.8126896,0.0828845426,5,0.81690532
2012,11,10,0.63068879,-0.0260945093,4,0.63122839
2012,11,11,0.60336792,-0.13871542,4,0.61910808
2012,11,12,0.38202494,-0.0867978856,4,0.39176133
2012,11,13,0.3756817,-0.0845066756,4,0.38506898
2012,11,14,0.32770714,0.19833721,5,0.38305303
2012,11,15,0.38266954,0.15937901,5,0.41453305
2012,11,16,0.28373435,0.51088023,6,0.58438325
2012,11,17,0.41840893,0.54705048,6,0.68871635
2012,11,18,0.53911132,0.51650339,5,0.74660349
2012,11,19,0.71239805,0.78685021,6,1.061435
2012,11,20,0.45637149,0.74177557,6,0.87092245
2012,11,21,0.48475361,0.61404276,6,0.7823264
2012,11,22,0.55558592,0.71167058,6,0.90285701
2012,11,23,0.24799322,0.59921384,6,0.64850432
2012,11,24,0.18118414,0.63587129,6,0.66118079
2012,11,25,-0.0916081518,0.26157013,7,0.27714795
2012,11,26,-0.41988125,0.105386,8,0.43290469
2012,11,27,-0.68524009,0.0619011484,8,0.6880303
2012,11,28,-0.55607176,-0.24363382,1,0.60710233
2012,11,29,-0.65681261,-0.54484022,1,0.85337782
2012,11,30,-0.65948898,-0.79419214,2,1.0323114
2012,12,1,-0.66785049,-0.56907386,1,0.87742198
2012,12,2,-0.41615373,-0.82311291,2,0.9223333
2012,12,3,-0.2286036,-0.66408628,2,0.70233196
2012,12,4,-0.19240814,-0.41599715,2,0.45833886
2012,12,5,0.066191338,-0.16696315,3,0.17960508
2012,12,6,0.36833015,-0.36371592,4,0.517645
2012,12,7,0.28739551,-0.32925823,3,0.43704367
2012,12,8,0.11336572,-0.0448904894,4,0.12193007
2012,12,9,0.0133364713,0.32865322,6,0.3289237
2012,12,10,-0.23935932,0.0634732321,8,0.24763227
2012,12,11,-0.82628393,-0.0513088778,1,0.82787544
2012,12,12,-1.037961,-0.0792291239,1,1.0409805
2012,12,13,-1.3204874,-0.48603967,1,1.4070969
2012,12,14,-1.5023059,-0.57584912,1,1.6088895
2012,12,15,-1.4838821,-0.66018629,1,1.6241157
2012,12,16,-1.4970343,-0.38863394,1,1.5466571
2012,12,17,-1.3074741,-0.50381327,1,1.401184
2012,12,18,-1.0845495,-0.55621362,1,1.2188606
2012,12,19,-0.64170557,-0.64109069,1,0.90707403
2012,12,20,-0.35850066,-0.76671463,2,0.84638882
2012,12,21,-0.22741379,-0.74005163,2,0.77420503
2012,12,22,0.20303257,-0.9801259,3,1.0009341
2012,12,23,-0.0223300103,-1.0759473,2,1.0761789
2012,12,24,-0.0584914871,-1.0704433,2,1.0720401
2012,12,25,0.0239653345,-0.88534349,3,0.8856678
2012,12,26,0.24954358,-0.84148562,3,0.8777073
2012,12,27,0.34711188,-0.7637096,3,0.83889157
2012,12,28,0.24497011,-0.6723097,3,0.71554923
2012,12,29,0.24860667,-0.6748212,3,0.71915847
2012,12,30,0.51449901,-0.84140354,3,0.98623991
2012,12,31,0.63224012,-0.9781394,3,1.164682
2013,1,1,0.64950901,-0.89755946,3,1.1079147
2013,1,2,0.80760437,-0.70828247,4,1.0741923
2013,1,3,0.90489739,-0.27821648,4,0.94670147
2013,1,4,1.4134518,-0.2932266,4,1.4435469
2013,1,5,2.021419,-0.47994843,4,2.0776153
2013,1,6,2.2734661,-0.34925607,4,2.3001366
2013,1,7,2.2022123,0.0348543376,5,2.2024882
2013,1,8,2.0979571,0.44159031,5,2.1439278
2013,1,9,1.8901023,0.94266325,5,2.1121318
2013,1,10,1.6878128,1.4780203,5,2.2434919
2013,1,11,1.0890667,1.9618864,6,2.2438951
2013,1,12,0.43423161,2.4494822,6,2.4876738
2013,1,13,0.19884188,2.4527848,6,2.4608314
2013,1,14,-0.0622985698,2.6573691,7,2.6580992
2013,1,15,-0.34216225,2.5475798,7,2.5704548
2013,1,16,-0.42710468,2.4750335,7,2.5116148
2013,1,17,-0.41524294,2.1880257,7,2.2270796
2013,1,18,-0.19480504,1.9471161,7,1.9568368
2013,1,19,-0.17128709,1.9423441,7,1.949882
2013,1,20,-0.35205886,2.1815839,7,2.2098086
2013,1,21,-0.4040333,2.0270514,7,2.0669253
2013,1,22,-0.36227274,2.1041863,7,2.1351442
2013,1,23,-0.44408455,2.1018429,7,2.1482446
2013,1,24,-0.50694156,2.0902388,7,2.1508343
2013,1,25,-0.18317135,1.918229,7,1.9269546
2013,1,26,-0.11294582,1.8102051,7,1.8137252
2013,1,27,-0.2955128,1.7872394,7,1.8115056
2013,1,28,-0.56672174,1.551554,7,1.6518152
2013,1,29,-0.51457959,1.3170097,7,1.4139684
2013,1,30,-1.0137419,1.2152653,7,1.5825746
2013,1,31,-1.6496551,1.1911467,8,2.0347464
2013,2,1,-2.0219672,0.86055809,8,2.1974783
2013,2,2,-2.0386987,0.19100095,8,2.0476265
2013,2,3,-1.9373393,-0.23720782,1,1.9518071
2013,2,4,-1.6538467,-0.26130149,1,1.6743618
2013,2,5,-1.3523282,-0.27798709,1,1.3806044
2013,2,6,-0.9118275,-0.22092785,1,0.93821031
2013,2,7,-1.1781706,-0.3149547,1,1.2195418
2013,2,8,-1.456049,-0.35585323,1,1.4989029
2013,2,9,-1.7049828,-0.40497851,1,1.7524195
2013,2,10,-1.6887945,-0.7286098,1,1.8392659
2013,2,11,-1.3205472,-0.96870828,1,1.6377548
2013,2,12,-0.87610888,-1.1225505,2,1.4239686
2013,2,13,-0.49008197,-1.6289262,2,1.7010528
2013,2,14,-0.0586450137,-1.9654131,2,1.9662879
2013,2,15,0.6236679,-1.6683186,3,1.7810807
2013,2,16,1.1162969,-1.2684994,3,1.6897365
2013,2,17,1.3037483,-1.00886,4,1.6485018
2013,2,18,1.5378598,-1.0317588,4,1.8519014
2013,2,19,1.5446616,-0.78781736,4,1.7339654
2013,2,20,1.6411989,-0.46346474,4,1.7053837
2013,2,21,1.6583182,-0.38189918,4,1.7017244
2013,2,22,1.551187,-0.1177197,4,1.5556475
2013,2,23,1.0851769,0.20776355,5,1.1048868
2013,2,24,0.71275556,0.58279967,5,0.92069316
2013,2,25,0.72736621,1.1373266,6,1.3500272
2013,2,26,0.81859654,1.5492744,6,1.7522418
2013,2,27,0.89970237,1.6581804,6,1.8865381
2013,2,28,0.57188404,1.7585708,6,1.8492222
2013,3,1,0.54017317,1.8799669,6,1.9560323
2013,3,2,0.43119895,1.8667456,6,1.9158998
2013,3,3,0.65577149,1.7555861,6,1.8740648
2013,3,4,0.49319705,1.6041031,6,1.6782104
2013,3,5,-0.10644408,1.632628,7,1.6360943
2013,3,6,-0.54268181,1.6585374,7,1.7450644
2013,3,7,-0.44390815,1.5708561,7,1.6323736
2013,3,8,-0.1014402,1.2528248,7,1.2569249
2013,3,9,0.44573683,1.2611654,6,1.337617
2013,3,10,0.64035594,1.1511011,6,1.317228
2013,3,11,0.57945174,0.95334959,6,1.1156342
2013,3,12,0.42497146,1.0364803,6,1.1202197
2013,3,13,0.52912033,1.2967101,6,1.400509
2013,3,14,0.33949634,1.3013061,6,1.3448626
2013,3,15,-0.23769169,1.2767606,7,1.2986974
2013,3,16,-0.75982571,1.266026,7,1.4765354
2013,3,17,-1.0853293,0.98160106,8,1.4633797
2013,3,18,-1.1502813,0.61149073,8,1.3027157
2013,3,19,-1.292676,0.36838508,8,1.3441424
2013,3,20,-1.2601545,0.0845523998,8,1.2629879
2013,3,21,-1.0300622,-0.0397995152,1,1.0308309
2013,3,22,-0.91076398,-0.45709395,1,1.0190319
2013,3,23,-0.57028496,-0.34671697,1,0.66741115
2013,3,24,-0.34048423,-0.17660262,1,0.38355964
2013,3,25,0.0398110896,-0.20336062,3,0.20722081
2013,3,26,0.0381066427,-0.23484126,3,0.23791286
2013,3,27,0.36010909,-0.38780829,3,0.52921999
2013,3,28,0.67789531,-0.61400306,4,0.9146266
2013,3,29,0.80864757,-0.40437171,4,0.90411687
2013,3,30,0.85430217,-0.60054076,4,1.0442612
2013,3,31,0.74356192,-0.75245142,3,1.0578598
2013,4,1,0.59477133,-0.92184168,3,1.097062
2013,4,2,0.49957255,-1.1900816,3,1.2906847
2013,4,3,0.56558406,-1.1850269,3,1.3130782
2013,4,4,0.72919339,-1.0591856,3,1.2859228
2013,4,5,0.91472715,-1.1723608,3,1.4869955
2013,4,6,1.2393757,-1.1621644,4,1.6990228
2013,4,7,1.3771683,-1.2790315,4,1.8794984
2013,4,8,1.1893173,-1.3505902,3,1.7996026
2013,4,9,1.1966147,-1.0424999,4,1.5870391
2013,4,10,1.2025429,-0.78842199,4,1.4379563
2013,4,11,1.0040077,-0.58160371,4,1.1602993
2013,4,12,0.83746701,-0.13458434,4,0.84821218
2013,4,13,0.61397868,0.17345212,5,0.63800901
2013,4,14,0.43600079,0.53734982,6,0.69198376
2013,4,15,0.44804904,0.61425787,6,0.76030296
2013,4,16,0.27204183,0.64444405,6,0.69951046
2013,4,17,-0.0934231356,0.3899385,7,0.40097371
2013,4,18,-0.4232364,0.22953713,8,0.48147312
2013,4,19,-0.47744024,0.11674159,8,0.49150562
2013,4,20,-0.40902618,0.50194746,7,0.64749801
2013,4,21,-0.46536458,0.30217505,8,0.55486393
2013,4,22,-0.32955959,0.25202027,8,0.41487798
2013,4,23,-0.41585898,0.24555162,8,0.48294336
2013,4,24,-0.36026818,0.0457568578,8,0.36316228
2013,4,25,-0.32681701,-0.00191973196,1,0.32682264
2013,4,26,-0.21962871,-0.0178607367,1,0.22035375
2013,4,27,-0.359557,0.10995804,8,0.37599468
2013,4,28,-0.64492613,0.0427698754,8,0.64634275
2013,4,29,-1.0010741,-0.028085541,1,1.0014679
2013,4,30,-1.2190913,0.000192949505,8,1.2190913
2013,5,1,-1.3275955,-0.0741814971,1,1.3296664
2013,5,2,-1.5673846,-0.24250959,1,1.5860345
2013,5,3,-1.6892519,-0.63590157,1,1.8049772
2013,5,4,-1.8828849,-0.96174508,1,2.1142869
2013,5,5,-2.0229917,-1.4744529,1,2.5032992
2013,5,6,-1.5296158,-1.7262127,2,2.3064117
2013,5,7,-0.93938637,-1.936121,2,2.1519785
2013,5,8,-0.40901491,-2.0527229,2,2.0930753
2013,5,9,0.35853401,-1.7837073,3,1.819384
2013,5,10,0.88236904,-1.56613,3,1.7975924
2013,5,11,1.1894484,-1.0623983,4,1.5948284
2013,5,12,1.1784447,-0.37367481,4,1.2362705
2013,5,13,0.79822749,0.14563978,5,0.811405
2013,5,14,0.83296955,0.42253688,5,0.93401051
2013,5,15,0.87435639,0.52538526,5,1.0200632
2013,5,16,0.71531463,0.52090764,5,0.88488406
2013,5,17,0.47398496,0.26709867,5,0.54406196
2013,5,18,0.27120769,0.16679822,5,0.31839481
2013,5,19,0.0582401864,0.19480057,6,0.20332038
2013,5,20,-0.43583569,0.18259495,8,0.47253957
2013,5,21,-0.56243902,0.21382263,8,0.60171235
2013,5,22,-0.50507748,0.12589484,8,0.52053124
2013,5,23,-0.59853029,0.30620134,8,0.67230779
2013,5,24,-0.61295223,0.13741903,8,0.62816751
2013,5,25,-0.84135044,0.1326009,8,0.85173559
2013,5,26,-0.84265894,0.0575720519,8,0.84462339
2013,5,27,-1.0107714,-0.16682641,1,1.0244461
2013,5,28,-1.0274252,-0.44185939,1,1.1184105
2013,5,29,-0.94252783,-0.65127897,1,1.145654
2013,5,30,-0.87128752,-0.7675364,1,1.1611434
2013,5,31,-0.82119262,-0.58132493,1,1.0061291
2013,6,1,-0.58533144,-0.34457853,1,0.6792255
2013,6,2,-0.42682686,-0.48429567,2,0.64554125
2013,6,3,-0.35244715,-0.53519207,2,0.64081943
2013,6,4,-0.24898855,-0.59570688,2,0.64564848
2013,6,5,-0.22618204,-0.4194054,2,0.47650731
2013,6,6,-0.10702879,-0.26038098,2,0.28151983
2013,6,7,-0.1415063,-0.34427735,2,0.3722243
2013,6,8,-0.17922014,-0.13633849,1,0.22518446
2013,6,9,0.0668921992,-0.25491711,3,0.26354754
2013,6,10,0.42601573,-0.63732594,3,0.76659882
2013,6,11,0.94554216,-0.92681342,4,1.3240216
2013,6,12,1.0525295,-0.89917946,4,1.38432
2013,6,13,1.1456562,-0.36567223,4,1.202599
2013,6,14,1.2245234,-0.16126442,4,1.2350967
2013,6,15,1.3319192,0.0416571796,5,1.3325704
2013,6,16,1.3596492,0.28547311,5,1.3892951
2013,6,17,1.383,0.67405778,5,1.5385197
2013,6,18,1.0343409,0.92380655,5,1.3868235
2013,6,19,0.79384047,1.0849602,6,1.3443666
2013,6,20,0.27561164,1.1010046,6,1.1349771
2013,6,21,-0.15530801,1.0847164,7,1.0957785
2013,6,22,-0.57603562,1.2216735,7,1.3506677
2013,6,23,-1.2424932,1.4766333,7,1.9298277
2013,6,24,-1.6914837,1.2951506,8,2.130383
2013,6,25,-1.8702121,0.86627477,8,2.0610981
2013,6,26,-2.0799632,0.80186611,8,2.2291782
2013,6,27,-2.088798,0.54021353,8,2.1575234
2013,6,28,-2.0028298,0.16303824,8,2.0094547
2013,6,29,-1.8753089,-0.26704308,1,1.8942269
2013,6,30,-1.5745294,-0.4281359,1,1.6316994
2013,7,1,-1.4105121,-0.52214408,1,1.5040542
2013,7,2,-1.4140165,-0.89293605,1,1.6723568
2013,7,3,-1.699116,-1.0496169,1,1.9971707
2013,7,4,-1.5952846,-1.0205678,1,1.8938035
2013,7,5,-1.3354663,-1.1889836,1,1.7880582
2013,7,6,-1.4473256,-1.1804039,1,1.8676468
2013,7,7,-1.4864291,-1.010934,1,1.797626
2013,7,8,-1.2871851,-1.005263,1,1.6332173
2013,7,9,-0.90695333,-0.83838904,1,1.2350954
2013,7,10,-0.56206489,-0.79474527,2,0.97341508
2013,7,11,-0.29713508,-0.82807088,2,0.87976736
2013,7,12,0.11129244,-0.61127049,3,0.62131923
2013,7,13,0.48299423,-0.59417111,3,0.76571715
2013,7,14,0.58273482,-0.55503148,4,0.80476069
2013,7,15,0.16311593,-0.24950078,3,0.29808965
2013,7,16,0.0340404287,-0.18845223,3,0.19150195
2013,7,17,-0.24962348,0.0121795861,8,0.24992043
2013,7,18,0.0625382438,0.37765077,6,0.38279384
2013,7,19,0.24018085,0.5149672,6,0.5682236
2013,7,20,0.0734886974,0.49423209,6,0.49966583
2013,7,21,-0.0778519958,0.35051686,7,0.3590585
2013,7,22,-0.0234554857,0.3827706,7,0.3834886
2013,7,23,-0.31848872,0.55184239,7,0.63715392
2013,7,24,-0.70819354,0.78973824,7,1.060766
2013,7,25,-0.54567128,0.67113775,7,0.86497575
2013,7,26,-0.54904991,0.38675004,8,0.67158872
2013,7,27,-0.53008199,-0.0812206939,1,0.53626829
2013,7,28,-0.28952402,-0.15776697,1,0.32971892
2013,7,29,0.0147279585,-0.20693277,3,0.20745622
2013,7,30,0.13959388,-0.0108215371,4,0.14001271
2013,7,31,0.64787191,-0.21702448,4,0.6832552
2013,8,1,0.69858599,-0.47503856,4,0.84479821
2013,8,2,0.33861187,-0.43944669,3,0.55477148
2013,8,3,0.36151528,-0.51853192,3,0.63211447
2013,8,4,0.1395659,-0.17273425,3,0.22207151
2013,8,5,-0.35626486,0.11214478,8,0.37349844
2013,8,6,-0.64816314,0.29174256,8,0.71079475
2013,8,7,-0.75441635,0.3279236,8,0.82260436
2013,8,8,-0.55330235,0.27828231,8,0.61934203
2013,8,9,-0.34455353,0.14724056,8,0.37469578
2013,8,10,-0.12920053,0.0316965692,8,0.13303176
2013,8,11,-0.0371392295,0.15803447,7,0.16233982
2013,8,12,0.0380743779,0.17114311,6,0.1753272
2013,8,13,-0.0270486157,0.11830565,7,0.12135836
2013,8,14,-0.17382464,0.0836822912,8,0.19291897
2013,8,15,-0.445788,0.38424736,8,0.58853459
2013,8,16,-0.72395694,0.84045309,7,1.1092678
2013,8,17,-0.77179223,0.7757082,7,1.0942515
2013,8,18,-0.83620203,0.81511813,8,1.1677549
2013,8,19,-0.88245213,0.83865666,8,1.2174016
2013,8,20,-0.92482054,0.96656209,7,1.3377352
2013,8,21,-0.68829018,0.59030592,8,0.90675491
2013,8,22,-0.60450929,0.34788197,8,0.69746208
2013,8,23,-0.86107677,0.47199637,8,0.9819541
2013,8,24,-1.2677381,0.38981029,8,1.3263152
2013,8,25,-1.2838064,0.29246816,8,1.3166991
2013,8,26,-1.2962707,-0.14020713,1,1.3038312
2013,8,27,-1.56515,-0.17974795,1,1.5754377
2013,8,28,-1.870362,-0.3170191,1,1.8970385
2013,8,29,-1.8579972,-0.13878253,1,1.8631731
2013,8,30,-1.7840158,-0.36301452,1,1.8205745
2013,8,31,-2.0175884,-0.71066493,1,2.1390903
2013,9,1,-1.9584094,-1.10702,1,2.2496357
2013,9,2,-1.9660902,-1.1403086,1,2.2728429
2013,9,3,-1.8505942,-0.96015602,1,2.0848498
2013,9,4,-1.59393,-1.0819099,1,1.9264325
2013,9,5,-1.4066207,-1.2809612,1,1.9024835
2013,9,6,-1.0683714,-1.4378294,2,1.7913042
2013,9,7,-0.80551267,-1.3418849,2,1.5650897
2013,9,8,-0.73765749,-1.0771234,2,1.3055012
2013,9,9,-0.34598973,-0.78369254,2,0.85666966
2013,9,10,0.16133039,-0.77035797,3,0.7870698
2013,9,11,0.42335457,-0.79663801,3,0.90214258
2013,9,12,0.4902088,-0.58200061,3,0.76093978
2013,9,13,0.73386759,-0.43882903,4,0.8550629
2013,9,14,1.3450793,-0.0380519256,4,1.3456174
2013,9,15,1.6653094,0.12911008,5,1.6703069
2013,9,16,1.703179,-0.0438259505,4,1.7037427
2013,9,17,1.4357914,0.0971802101,5,1.4390764
2013,9,18,1.3712981,0.31832889,5,1.4077612
2013,9,19,1.5681493,0.49441114,5,1.6442429
2013,9,20,1.7750444,0.50964415,5,1.8467593
2013,9,21,1.8551213,0.73623049,5,1.9958733
2013,9,22,1.7008413,1.0162729,5,1.9813308
2013,9,23,1.5006045,1.0640134,5,1.8395483
2013,9,24,1.3661535,1.0644262,5,1.7318714
2013,9,25,1.1563032,1.2096931,6,1.6734378
2013,9,26,1.1549655,1.2728105,6,1.7187181
2013,9,27,0.97367513,1.1323539,6,1.4934084
2013,9,28,1.0670401,1.2213858,6,1.6218379
2013,9,29,1.4059942,1.0694425,5,1.7665013
2013,9,30,1.4929017,0.75070399,5,1.6710212
2013,10,1,1.3748864,0.67421478,5,1.5312995
2013,10,2,1.1142701,0.77836269,5,1.359208
2013,10,3,1.0507904,0.92715669,5,1.4013494
2013,10,4,1.2065318,1.0756776,5,1.6164161
2013,10,5,1.0792001,1.0094584,5,1.4777277
2013,10,6,0.90655708,0.92042518,6,1.2919087
2013,10,7,0.90080678,0.94834077,6,1.3079767
2013,10,8,0.98141396,1.1426768,6,1.5062814
2013,10,9,0.76902956,0.99510396,6,1.257632
2013,10,10,0.63896954,0.91509664,6,1.1161021
2013,10,11,0.67760772,1.1002078,6,1.2921337
2013,10,12,0.33217505,0.88730228,6,0.94744158
2013,10,13,0.31931683,0.68316168,6,0.7541042
2013,10,14,0.25386587,0.46418753,6,0.5290727
2013,10,15,0.0495935492,0.17345865,6,0.18040904
2013,10,16,-0.0941302776,0.0732377768,8,0.11926559
2013,10,17,-0.30573294,-0.1055291,1,0.32343319
2013,10,18,-0.44590861,-0.34615788,1,0.56449956
2013,10,19,-0.40809953,-0.15502593,1,0.4365527
2013,10,20,-0.0843486488,0.0584975816,8,0.10264824
2013,10,21,0.24564569,-0.00245885551,4,0.245658
2013,10,22,0.56978869,0.27554965,5,0.63291925
2013,10,23,0.56372344,0.35091856,5,0.66402406
2013,10,24,0.48956475,0.48056397,5,0.68601412
2013,10,25,0.36230808,0.43283063,6,0.56445503
2013,10,26,0.0761050209,0.0449071154,5,0.0883664191
2013,10,27,-0.10191846,-0.0393599756,1,0.10925466
2013,10,28,-0.32658568,-0.0761406198,1,0.33534399
2013,10,29,-0.71806049,0.24570104,8,0.75893337
2013,10,30,-1.0194644,0.34360465,8,1.0758121
2013,10,31,-1.1278356,0.23209932,8,1.1514701
2013,11,1,-1.1307826,-0.13763934,1,1.1391286
2013,11,2,-1.1628712,-0.30786103,1,1.2029331
2013,11,3,-0.8301906,-0.38934886,1,0.91695637
2013,11,4,-0.6622231,-0.59025687,1,0.88709784
2013,11,5,-0.31992924,-0.3578054,2,0.47997856
2013,11,6,-0.27444005,-0.59102905,2,0.65163845
2013,11,7,-0.0504918136,-0.84470469,2,0.84621239
2013,11,8,0.56301421,-0.92879623,3,1.0861157
2013,11,9,0.71666032,-0.70831716,4,1.0076286
2013,11,10,0.61644113,-0.63328528,3,0.88377029
2013,11,11,0.64698541,-0.56804752,4,0.86096931
2013,11,12,0.62975383,-0.65374523,3,0.90772945
2013,11,13,0.61532164,-0.67378503,3,0.91247302
2013,11,14,0.38705951,-0.67250586,3,0.77593762
2013,11,15,0.0946130306,-0.56709301,3,0.57493138
2013,11,16,-0.18882038,-0.32176477,2,0.37307599
2013,11,17,-0.15467784,-0.19550268,2,0.24929206
2013,11,18,-0.0582002625,-0.10972857,2,0.12420801
2013,11,19,0.18648502,-0.12023354,4,0.22188459
2013,11,20,0.15514767,0.14651085,5,0.2133922
2013,11,21,0.15857069,-0.0621853098,4,0.17032816
2013,11,22,0.41533706,-0.35774416,4,0.5481658
2013,11,23,0.38949516,-0.20540486,4,0.4403381
2013,11,24,0.5862934,0.0370537154,5,0.58746314
2013,11,25,0.92441523,0.0266007185,5,0.92479789
2013,11,26,0.94835788,0.00799394399,5,0.94839156
2013,11,27,0.88853717,0.0811252147,5,0.89223295
2013,11,28,0.93121845,0.19811606,5,0.95205975
2013,11,29,0.40373412,0.31692615,5,0.5132674
2013,11,30,0.0255014654,-0.26549852,3,0.26672044
2013,12,1,-0.4199495,-0.74474448,2,0.85498649
2013,12,2,-0.63754719,-0.98174393,2,1.1705929
2013,12,3,-0.30511498,-0.88722712,2,0.93822551
2013,12,4,0.15845329,-0.76366216,3,0.77992779
2013,12,5,0.50665188,-0.81866676,3,0.96276236
2013,12,6,0.37285146,-1.0038743,3,1.070879
2013,12,7,0.37569591,-1.2788154,3,1.3328601
2013,12,8,0.32244205,-1.3993313,3,1.4360003
2013,12,9,0.69518715,-1.4712487,3,1.6272241
2013,12,10,0.63810819,-1.5132813,3,1.6423162
2013,12,11,0.7472797,-1.4091511,3,1.5950341
2013,12,12,0.6940648,-1.2412733,3,1.4221411
2013,12,13,1.0343462,-1.3069203,3,1.6667072
2013,12,14,0.84537226,-1.1779029,3,1.4498653
2013,12,15,1.0094907,-0.74801224,4,1.2564211
2013,12,16,1.1360825,-0.56326246,4,1.2680489
2013,12,17,1.1602312,-0.33758369,4,1.2083457
2013,12,18,1.2984374,-0.0999987498,4,1.3022823
2013,12,19,1.2711613,-0.0861360431,4,1.2740763
2013,12,20,1.0921471,0.15423684,5,1.1029843
2013,12,21,0.90001273,0.46215814,5,1.0117376
2013,12,22,0.64585769,0.32492173,5,0.72298425
2013,12,23,0.44113266,0.12526037,5,0.45857191
2013,12,24,0.23686358,0.19100726,5,0.30428296
2013,12,25,0.42252055,0.20156942,5,0.46813869
2013,12,26,0.53182244,0.35311723,5,0.63837832
2013,12,27,0.78504854,0.59002697,5,0.98205554
2013,12,28,0.76012635,0.55127567,5,0.9389872
2013,12,29,0.52841765,0.33767113,5,0.62709409
2013,12,30,0.28638625,0.35826486,6,0.45866197
2013,12,31,0.22730215,0.19608226,5,0.30019081
2014,1,1,0.57358432,0.14072356,5,0.59059471
2014,1,2,0.5761686,0.0725215748,5,0.58071476
2014,1,3,0.39380938,0.40611029,6,0.56569546
2014,1,4,0.13237144,0.49813604,6,0.51542383
2014,1,5,-0.16897354,0.20512308,7,0.26575842
2014,1,6,-0.2668018,0.19063523,8,0.32791004
2014,1,7,-0.25454116,0.0632831976,8,0.26228985
2014,1,8,-0.0423134677,0.0835817829,7,0.0936821476
2014,1,9,0.0719513744,-0.0682493299,4,0.0991714224
2014,1,10,0.19874588,-0.37452549,3,0.42399207
2014,1,11,0.3533814,-0.28740275,4,0.45549837
2014,1,12,0.93729436,-0.0286840275,4,0.93773317
2014,1,13,1.1141484,-0.0234074946,4,1.1143942
2014,1,14,1.1591125,0.12920165,5,1.166291
2014,1,15,1.1150118,0.43477267,5,1.1967784
2014,1,16,1.2063398,0.7991026,5,1.447004
2014,1,17,1.0368376,1.0666925,6,1.4875702
2014,1,18,0.73746049,1.0355674,6,1.2713174
2014,1,19,0.72304463,1.2984067,6,1.486154
2014,1,20,1.015331,1.731792,6,2.0074861
2014,1,21,0.93325239,2.1409094,6,2.3354771
2014,1,22,0.58284664,2.1388199,6,2.2168133
2014,1,23,0.35084987,2.2250216,6,2.2525134
2014,1,24,0.20752342,2.3757188,6,2.3847654
2014,1,25,0.0293060485,2.166688,6,2.1668861
2014,1,26,-0.0554384701,2.1351342,7,2.1358538
2014,1,27,-0.0720469058,1.6434183,7,1.6449969
2014,1,28,0.0581173524,1.3964051,6,1.397614
2014,1,29,0.34401926,1.3242325,6,1.3681889
2014,1,30,0.37874112,1.1207263,6,1.1829931
2014,1,31,0.15840502,1.0826024,6,1.0941298
2014,2,1,-0.14289413,1.2679355,7,1.2759621
2014,2,2,-0.20891166,1.2107453,7,1.2286367
2014,2,3,-0.055036258,1.0918201,7,1.0932064
2014,2,4,-0.0237531085,0.59742093,7,0.59789294
2014,2,5,0.0954842642,-0.0586432777,4,0.1120548
2014,2,6,0.47887316,-0.20654139,4,0.52151591
2014,2,7,1.0082667,-0.19123995,4,1.0262429
2014,2,8,1.0127128,0.0397209153,5,1.0134915
2014,2,9,1.0529152,0.0634761155,5,1.0548269
2014,2,10,1.2641258,0.0702797621,5,1.2660779
2014,2,11,1.1745949,0.11785365,5,1.1804925
2014,2,12,1.1075133,-0.047519464,4,1.1085323
2014,2,13,0.86737168,0.23122306,5,0.8976624
2014,2,14,0.89828664,0.4528797,5,1.0059915
2014,2,15,0.86364406,0.8135345,5,1.1864735
2014,2,16,0.74782705,1.2061987,6,1.4192113
2014,2,17,0.72714269,1.629763,6,1.7846187
2014,2,18,0.87455958,1.689538,6,1.9024702
2014,2,19,0.76398724,1.7977892,6,1.9533875
2014,2,20,0.44138327,1.7258002,6,1.7813493
2014,2,21,0.21507955,1.6585411,6,1.6724286
2014,2,22,-0.24050462,1.5881268,7,1.6062344
2014,2,23,-0.77272725,1.4633785,7,1.6548668
2014,2,24,-1.2531289,1.5893958,7,2.023984
2014,2,25,-1.5012898,1.7478902,7,2.3041248
2014,2,26,-1.697976,1.9037642,7,2.5509686
2014,2,27,-1.8155438,1.8175217,7,2.5689657
2014,2,28,-1.6435167,1.7285901,7,2.3851984
2014,3,1,-1.5160062,1.5684134,7,2.1813288
2014,3,2,-1.3874233,1.4113212,7,1.9790833
2014,3,3,-1.4128613,1.619067,7,2.1488497
2014,3,4,-1.5728624,1.8677437,7,2.4417949
2014,3,5,-1.7921884,1.8092293,7,2.5466154
2014,3,6,-1.9538805,1.4646035,8,2.4418666
2014,3,7,-2.0360529,1.2817979,8,2.4059339
2014,3,8,-2.2988153,1.0257914,8,2.5173001
2014,3,9,-2.2052956,0.80610323,8,2.3480058
2014,3,10,-2.276665,0.49368161,8,2.329576
2014,3,11,-2.1323259,0.30100742,8,2.1534667
2014,3,12,-1.7232788,-0.034676332,1,1.7236276
2014,3,13,-1.4018106,-0.32565415,1,1.43914
2014,3,14,-1.2174126,-0.26163584,1,1.2452096
2014,3,15,-0.83006108,-0.45759326,1,0.94783592
2014,3,16,-0.52012157,-0.4703708,1,0.70126683
2014,3,17,-0.40981805,-0.806723,2,0.90484965
2014,3,18,-0.39773908,-0.83673054,2,0.92645258
2014,3,19,-0.36319545,-0.76605427,2,0.84779125
2014,3,20,-0.39481887,-0.50717223,2,0.64273292
2014,3,21,-0.49086419,-0.57355601,2,0.75492662
2014,3,22,-0.63758618,-0.62021965,1,0.8894878
2014,3,23,-1.1019493,-0.56340754,1,1.2376269
2014,3,24,-1.1767064,-0.59453768,1,1.3183752
2014,3,25,-1.0674458,-0.54931998,1,1.2004969
2014,3,26,-1.191829,-0.61975533,1,1.3433365
2014,3,27,-0.96013325,-0.85448378,1,1.2853009
2014,3,28,-0.81824142,-1.1698436,2,1.427604
2014,3,29,-0.93102026,-1.2531763,2,1.5611693
2014,3,30,-0.73825002,-1.3263888,2,1.5179988
2014,3,31,-0.0387923531,-1.622928,2,1.6233916
2014,4,1,0.52480406,-2.0291481,3,2.0959153
2014,4,2,0.46206823,-2.2485282,3,2.2955143
2014,4,3,0.67431623,-2.0432878,3,2.1516802
2014,4,4,1.2192651,-1.6901009,3,2.0839982
2014,4,5,1.5236642,-1.4160585,4,2.08009
2014,4,6,1.6467575,-0.72823024,4,1.8005913
2014,4,7,1.6598889,-0.29403952,4,1.6857314
2014,4,8,1.5496532,0.11762423,5,1.5541108
2014,4,9,1.7562886,0.44396296,5,1.8115333
2014,4,10,1.5480779,0.67274141,5,1.6879355
2014,4,11,1.3293365,0.72797805,5,1.5156146
2014,4,12,1.0368783,0.79011315,5,1.3036087
2014,4,13,0.98630852,0.81518,5,1.2795792
2014,4,14,0.82286668,0.93293035,6,1.2439729
2014,4,15,0.6085307,1.1675919,6,1.316655
2014,4,16,0.48213828,1.2127908,6,1.3051126
2014,4,17,0.38563198,1.2181836,6,1.277765
2014,4,18,0.36546153,0.93853241,6,1.0071769
2014,4,19,0.49064395,0.83315611,6,0.96689224
2014,4,20,0.49772933,0.64832813,6,0.81735176
2014,4,21,0.30404571,0.61863649,6,0.68931478
2014,4,22,0.0897559002,0.74098259,6,0.74639893
2014,4,23,0.0384056717,0.81947398,6,0.82037342
2014,4,24,0.10818652,0.66539186,6,0.67412955
2014,4,25,-0.0866427943,0.49404985,7,0.50158972
2014,4,26,-0.26112959,0.45876646,7,0.52787811
2014,4,27,-0.40234643,0.38462171,8,0.55661166
2014,4,28,-0.65802038,0.64454722,8,0.92110366
2014,4,29,-1.0448537,0.74201739,8,1.2815261
2014,4,30,-1.4327937,0.65895355,8,1.5770599
2014,5,1,-1.8313602,0.65711296,8,1.9456818
2014,5,2,-2.0044644,0.66749001,8,2.1126809
2014,5,3,-2.170064,0.48618323,8,2.2238595
2014,5,4,-2.2748492,-0.20647353,1,2.2842
2014,5,5,-2.577462,-0.84824234,1,2.7134526
2014,5,6,-2.6358414,-1.2394482,1,2.9127121
2014,5,7,-2.4995544,-1.3651485,1,2.8480525
2014,5,8,-2.1746044,-1.4181583,1,2.5961659
2014,5,9,-1.4327688,-1.2939771,1,1.9305966
2014,5,10,-0.57552832,-1.3562151,2,1.4732795
2014,5,11,0.17081736,-1.3128541,3,1.32392
2014,5,12,0.31094694,-1.3322971,3,1.3681022
2014,5,13,0.25410846,-1.0300781,3,1.060958
2014,5,14,0.46104547,-0.88423961,3,0.99721748
2014,5,15,0.46570623,-0.740767,3,0.87499601
2014,5,16,0.23241436,-0.60794806,3,0.65085888
2014,5,17,-0.0484224446,-0.59310192,2,0.59507531
2014,5,18,-0.1921851,-0.52849245,2,0.56235164
2014,5,19,-0.51929975,-0.40312746,1,0.65740699
2014,5,20,-0.71723092,-0.3064563,1,0.77995878
2014,5,21,-0.69344312,-0.24223106,1,0.73453331
2014,5,22,-0.510167,-0.35033402,1,0.61887342
2014,5,23,-0.34646222,-0.43801078,2,0.55847073
2014,5,24,-0.52172452,-0.45040205,1,0.68924487
2014,5,25,-0.80403286,-0.51598382,1,0.95535761
2014,5,26,-1.0759085,-0.65238404,1,1.2582464
2014,5,27,-1.0906147,-0.95221567,1,1.4478105
2014,5,28,-1.2058504,-1.3005574,2,1.7735627
2014,5,29,-0.843023,-1.3776196,2,1.6150924
2014,5,30,-0.43448395,-1.3788829,2,1.4457159
2014,5,31,-0.35939366,-1.3976965,2,1.4431629
2014,6,1,-0.44630444,-1.2818953,2,1.3573662
2014,6,2,-0.41170046,-1.1719657,2,1.2421759
2014,6,3,-0.51017666,-0.97882712,2,1.1038038
2014,6,4,-0.43254507,-0.53271586,2,0.68620801
2014,6,5,-0.34244487,-0.44141886,2,0.55867618
2014,6,6,-0.27682862,-0.37883905,2,0.46920478
2014,6,7,-0.19016099,-0.66247362,2,0.68922603
2014,6,8,0.15780605,-0.95040059,3,0.9634127
2014,6,9,0.35645565,-0.87414616,3,0.94402975
2014,6,10,0.94254631,-0.64289767,4,1.1409255
2014,6,11,1.805548,-0.57438469,4,1.8947086
2014,6,12,2.0828893,-0.75877088,4,2.2167907
2014,6,13,1.9782979,-0.90853882,4,2.1769485
2014,6,14,1.7040418,-0.754866,4,1.8637546
2014,6,15,1.5983235,-0.57032853,4,1.6970305
2014,6,16,1.4787995,-0.43947712,4,1.5427209
2014,6,17,1.3145095,-0.16995399,4,1.3254507
2014,6,18,1.0106745,0.16837101,5,1.0246032
2014,6,19,1.0269365,0.54385841,5,1.1620588
2014,6,20,0.95851302,0.64013743,5,1.1526158
2014,6,21,0.63053751,0.82026643,6,1.0346084
2014,6,22,0.23046136,0.93463957,6,0.96263367
2014,6,23,0.11988228,0.92529905,6,0.93303275
2014,6,24,0.0360665992,0.82590604,6,0.82669318
2014,6,25,-0.24358551,0.70935714,7,0.75001431
2014,6,26,-0.41892421,0.73988551,7,0.85025173
2014,6,27,-0.35548565,0.84755158,7,0.91908306
2014,6,28,-0.11019452,0.94368279,7,0.95009476
2014,6,29,-0.0616132021,0.46992034,7,0.47394231
2014,6,30,-0.19692664,0.28729275,7,0.34830621
2014,7,1,-0.56744444,0.42837411,8,0.71098351
2014,7,2,-0.34588751,0.64405066,7,0.73105359
2014,7,3,0.0707444251,0.45679611,6,0.4622418
2014,7,4,0.36123008,0.1213653,5,0.38107309
2014,7,5,0.3550362,-0.19647074,4,0.40577266
2014,7,6,0.53995204,-0.42244148,4,0.68556911
2014,7,7,1.0292127,-0.53761333,4,1.1611662
2014,7,8,1.3840657,-0.36488917,4,1.4313568
2014,7,9,1.5022528,0.0984507576,5,1.5054754
2014,7,10,1.5008107,0.33818522,5,1.5384414
2014,7,11,1.3357354,0.83443522,5,1.5749512
2014,7,12,1.1949649,0.88941246,5,1.4896294
2014,7,13,1.0775926,0.87885171,5,1.3905345
2014,7,14,0.76571375,0.89408749,6,1.1771618
2014,7,15,0.39582223,0.85603958,6,0.94312191
2014,7,16,0.35744748,0.95541894,6,1.0200951
2014,7,17,0.65021068,0.74129325,6,0.98604745
2014,7,18,0.81428206,0.72940242,5,1.0931985
2014,7,19,0.88471597,0.83361417,5,1.2155801
2014,7,20,0.68390179,0.82626086,6,1.0725803
2014,7,21,0.75964594,1.0430448,6,1.2903506
2014,7,22,0.82233822,1.1923211,6,1.4484024
2014,7,23,0.97725844,1.2669163,6,1.6000346
2014,7,24,0.65767163,1.2438304,6,1.406999
2014,7,25,0.2015752,1.0860987,6,1.1046461
2014,7,26,-0.28462064,1.2753354,7,1.3067094
2014,7,27,-0.33904451,1.7553296,7,1.7877733
2014,7,28,-0.47451231,1.7923625,7,1.8541104
2014,7,29,-0.46905485,1.1816684,7,1.2713586
2014,7,30,-0.7007308,0.78716332,7,1.0538738
2014,7,31,-0.57156867,0.28056696,8,0.63671702
2014,8,1,-0.62705731,-0.2127573,1,0.66216809
2014,8,2,-0.76738745,-0.69701982,1,1.0366871
2014,8,3,-0.81507444,-0.836097,2,1.1676491
2014,8,4,-0.86872685,-0.78131729,1,1.1683934
2014,8,5,-0.90222377,-0.83072311,1,1.2264211
2014,8,6,-0.81959069,-0.8693909,2,1.1948093
2014,8,7,-0.68296826,-0.98920572,2,1.2020706
2014,8,8,-0.50820601,-0.98097682,2,1.1048026
2014,8,9,-0.53236175,-1.087039,2,1.2103977
2014,8,10,-0.75235265,-1.1230866,2,1.3517981
2014,8,11,-0.7590552,-0.87207174,2,1.1561462
2014,8,12,-0.85478026,-0.92183161,2,1.2571487
2014,8,13,-0.92878574,-1.0089777,2,1.3713784
2014,8,14,-1.0902458,-0.79264629,1,1.3479333
2014,8,15,-1.2699215,-0.37809289,1,1.3250113
2014,8,16,-1.054741,-0.41067576,1,1.1318716
2014,8,17,-1.0662175,-0.28280711,1,1.1030865
2014,8,18,-1.342581,-0.22746432,1,1.3617136
2014,8,19,-1.3141987,-0.26363409,1,1.340381
2014,8,20,-1.1836854,-0.30653566,1,1.2227327
2014,8,21,-1.2823597,-0.65415931,1,1.4395732
2014,8,22,-1.3631082,-1.0335782,1,1.7106571
2014,8,23,-1.1676208,-1.213078,2,1.6837151
2014,8,24,-1.0225194,-1.3087279,2,1.6608174
2014,8,25,-0.85653675,-1.2006371,2,1.4748508
2014,8,26,-0.59854388,-1.1622268,2,1.3072971
2014,8,27,-0.0968075544,-1.2047038,2,1.2085872
2014,8,28,0.12347415,-1.0414026,3,1.048697
2014,8,29,0.22317185,-0.70171165,3,0.73634565
2014,8,30,0.24981223,-0.55231678,3,0.60618478
2014,8,31,0.49218848,-0.68886817,3,0.84663385
2014,9,1,0.96219599,-0.62302369,4,1.1462895
2014,9,2,1.1088088,-0.89250833,4,1.4233862
2014,9,3,1.1097003,-0.84689742,4,1.3959478
2014,9,4,1.1367759,-0.82475775,4,1.4044517
2014,9,5,1.2633699,-0.68829161,4,1.438697
2014,9,6,0.94515306,-0.46044037,4,1.0513418
2014,9,7,0.62554759,-0.28274488,4,0.68647975
2014,9,8,0.52561045,-0.13668662,4,0.54309261
2014,9,9,0.38726661,0.034181416,5,0.38877216
2014,9,10,0.29446271,-0.0453970991,4,0.29794157
2014,9,11,-0.0987615585,-0.0739957392,1,0.12340671
2014,9,12,-0.5565846,0.0194546543,8,0.55692452
2014,9,13,-0.73021615,0.14041059,8,0.74359316
2014,9,14,-0.81176597,0.17900082,8,0.8312673
2014,9,15,-0.80343181,0.41677922,8,0.90510088
2014,9,16,-0.75991404,0.29966834,8,0.81686628
2014,9,17,-0.61143565,0.0691883713,8,0.61533779
2014,9,18,-0.51251334,-0.0191580206,1,0.51287127
2014,9,19,-0.40683478,-0.10882661,1,0.42113867
2014,9,20,-0.15556972,-0.39102942,2,0.42083955
2014,9,21,-0.1207369,-0.30105066,2,0.32435921
2014,9,22,0.0380098037,-0.12390469,3,0.1296037
2014,9,23,0.16233182,-0.25526625,3,0.30251029
2014,9,24,0.19558935,-0.36850697,3,0.41719607
2014,9,25,0.02531844,-0.35213396,3,0.35304299
2014,9,26,0.22450222,-0.16429013,4,0.27819508
2014,9,27,0.4243573,0.15160635,5,0.45062581
2014,9,28,0.51906139,-0.0752368867,4,0.52448577
2014,9,29,0.52205837,-0.061799705,4,0.52570349
2014,9,30,0.45187122,6.20860883e-05,5,0.45187122
2014,10,1,0.32336077,0.0489954427,5,0.32705158
2014,10,2,0.47366202,0.11280529,5,0.48690939
2014,10,3,0.803554,0.20168959,5,0.82847917
2014,10,4,0.90245765,0.24625264,5,0.93545187
2014,10,5,0.56561202,0.49033394,5,0.7485615
2014,10,6,0.48656961,0.79342961,6,0.93074197
2014,10,7,0.53615266,0.73001212,6,0.90574682
2014,10,8,0.40361229,0.57424468,6,0.70189726
2014,10,9,-0.0730553865,0.43307012,7,0.43918881
2014,10,10,-0.32040423,0.4796688,7,0.57683706
2014,10,11,-0.37873763,0.53190762,7,0.65296859
2014,10,12,-0.8173725,0.43560567,8,0.92620194
2014,10,13,-1.054574,0.4072071,8,1.1304618
2014,10,14,-1.3053937,0.14516954,8,1.3134408
2014,10,15,-1.4522973,-0.22985618,1,1.4703746
2014,10,16,-1.5306413,-0.44619349,1,1.5943499
2014,10,17,-1.7095827,-0.74369746,1,1.8643388
2014,10,18,-1.6810967,-0.83137691,1,1.8754396
2014,10,19,-1.5266881,-0.90308446,1,1.773792
2014,10,20,-1.2022637,-0.8426435,1,1.4681574
2014,10,21,-1.1017581,-0.65052015,1,1.2794716
2014,10,22,-0.99702466,-0.55088079,1,1.1390908
2014,10,23,-0.89537591,-0.55407357,1,1.0529461
2014,10,24,-0.86477119,-0.7212956,1,1.1260979
2014,10,25,-0.89348179,-0.83434236,1,1.2224716
2014,10,26,-0.59926474,-0.76386327,2,0.97087866
2014,10,27,-0.22370216,-0.64200234,2,0.67986006
2014,10,28,0.0163494833,-0.55983275,3,0.56007141
2014,10,29,0.10490681,-0.48904362,3,0.5001691
2014,10,30,0.083502762,-0.52685869,3,0.53343487
2014,10,31,0.0385974497,-0.61461848,3,0.61582923
2014,11,1,0.16801937,-0.78172362,3,0.79957634
2014,11,2,0.27134472,-0.74888104,3,0.79652417
2014,11,3,0.21834993,-0.84488738,3,0.87264621
2014,11,4,0.38248214,-0.64196932,3,0.74727321
2014,11,5,0.31527442,-0.48732093,3,0.58041334
2014,11,6,-0.0696399659,-0.34423074,2,0.3512044
2014,11,7,-0.40227225,-0.0942405909,1,0.41316369
2014,11,8,-1.015522,0.0578395389,8,1.0171678
2014,11,9,-1.5933211,0.2713815,8,1.6162673
2014,11,10,-1.6733758,0.17436856,8,1.682436
2014,11,11,-1.8753945,-0.0561640896,1,1.8762352
2014,11,12,-1.8271937,-0.31032506,1,1.8533587
2014,11,13,-1.7020535,-0.33491376,1,1.7346911
2014,11,14,-1.4193711,-0.41364583,1,1.478417
2014,11,15,-1.1050652,-0.2995427,1,1.1449432
2014,11,16,-0.93892431,-0.45719987,1,1.0443231
2014,11,17,-0.85940009,-0.75162333,1,1.141712
2014,11,18,-0.71344393,-1.2064481,2,1.4016131
2014,11,19,-0.42405078,-1.3651518,2,1.4294959
2014,11,20,-0.0742511302,-1.5904377,2,1.5921699
2014,11,21,0.22950239,-1.9285041,3,1.9421121
2014,11,22,0.41040945,-2.0468683,3,2.0876079
2014,11,23,0.53147674,-1.8378769,3,1.9131804
2014,11,24,0.30522114,-1.7611488,3,1.7874018
2014,11,25,0.50344944,-1.7511976,3,1.8221291
2014,11,26,0.92507255,-1.8904427,3,2.1046455
2014,11,27,1.2365627,-1.7776172,3,2.1654124
2014,11,28,1.4608393,-1.3631425,4,1.9980513
2014,11,29,2.0157969,-0.96493357,4,2.2348454
2014,11,30,2.3970594,-0.3099764,4,2.4170187
2014,12,1,2.3399057,0.21646973,5,2.3498974
2014,12,2,2.1225982,0.42008677,5,2.163769
2014,12,3,1.7818707,0.65227509,5,1.8975053
2014,12,4,1.3421102,0.98567879,5,1.6651794
2014,12,5,1.2479789,1.2142625,5,1.7412308
2014,12,6,1.2153817,1.3929979,6,1.8486741
2014,12,7,1.0042168,1.4131511,6,1.7336227
2014,12,8,0.42870608,1.2769696,6,1.3470116
2014,12,9,-0.0167627856,1.1611141,7,1.1612351
2014,12,10,-0.37307382,0.74637491,7,0.83442169
2014,12,11,-0.59750664,0.69174379,7,0.91406983
2014,12,12,-0.64232689,0.78223687,7,1.0121652
2014,12,13,-0.59856552,0.58603066,8,0.8376829
2014,12,14,-0.12441529,0.3275412,7,0.35037467
2014,12,15,0.13724823,0.0964090377,5,0.16772531
2014,12,16,0.17218672,-0.12388934,4,0.21212457
2014,12,17,0.31591809,-0.67916846,3,0.74904877
2014,12,18,0.42234629,-0.98228192,3,1.0692307
2014,12,19,0.73076969,-1.0978404,3,1.3188169
2014,12,20,0.96203142,-1.175117,3,1.5186851
2014,12,21,1.1537114,-1.3781589,3,1.7973236
2014,12,22,1.1469934,-1.473876,3,1.8675932
2014,12,23,1.008755,-1.5677229,3,1.8642268
2014,12,24,0.84778142,-1.5096908,3,1.7314444
2014,12,25,1.1389184,-1.2455001,3,1.687722
2014,12,26,1.4218457,-0.92200935,4,1.6946228
2014,12,27,1.3370016,-0.69818085,4,1.5083201
2014,12,28,1.3738474,-0.41131628,4,1.4340981
2014,12,29,1.2152644,-0.36887899,4,1.2700155
2014,12,30,1.5770541,-0.0556464754,4,1.5780356
2014,12,31,1.62818,0.0517291389,5,1.6290016
2015,1,1,1.8719877,0.0665814802,5,1.8731714
2015,1,2,1.5381411,0.11266288,5,1.5422617
2015,1,3,1.4670353,0.59389824,5,1.58269
2015,1,4,1.564406,1.031635,5,1.8739363
2015,1,5,1.8774588,1.4795151,5,2.3903592
2015,1,6,2.1147306,1.4414394,5,2.5592642
2015,1,7,2.30035,1.5314339,5,2.7634943
2015,1,8,2.1545491,1.9586374,5,2.9117594
2015,1,9,2.1179194,2.312228,6,3.1355991
2015,1,10,1.8766779,2.3918114,6,3.0401778
2015,1,11,1.4700661,2.4780152,6,2.881259
2015,1,12,0.87848902,2.1116376,6,2.2870846
2015,1,13,0.45746127,1.6956625,6,1.7562864
2015,1,14,0.10180328,1.4358466,6,1.439451
2015,1,15,-0.41409412,1.2787635,7,1.3441392
2015,1,16,-0.7100907,1.2423184,7,1.4309381
2015,1,17,-0.7733115,0.93511021,7,1.2134421
2015,1,18,-0.77289367,0.83437127,7,1.137339
2015,1,19,-0.51925844,0.81946999,7,0.97013426
2015,1,20,-0.39068159,1.0548673,7,1.1248899
2015,1,21,-0.48886028,1.1288698,7,1.2301753
2015,1,22,-0.54196423,1.1219327,7,1.2459768
2015,1,23,-0.5697546,0.69490045,7,0.89861387
2015,1,24,-0.59796232,0.53878158,8,0.80488789
2015,1,25,-0.55779636,0.63675207,7,0.84651637
2015,1,26,-0.37899208,0.52029324,7,0.64369249
2015,1,27,-0.0215998497,0.65376693,7,0.65412366
2015,1,28,0.45643029,0.73439413,6,0.86467528
2015,1,29,0.52514505,0.58829242,6,0.78858435
2015,1,30,0.52902955,0.8772037,6,1.0243821
2015,1,31,0.51985723,1.0835413,6,1.2017958
2015,2,1,0.44273964,0.94175839,6,1.0406379
2015,2,2,0.31620482,1.2288944,6,1.2689235
2015,2,3,0.16703661,1.5725379,6,1.5813844
2015,2,4,-0.0514066555,1.3975487,7,1.3984938
2015,2,5,-0.66942459,1.035128,7,1.2327284
2015,2,6,-1.1508796,0.67355615,8,1.3334924
2015,2,7,-1.2667019,0.40212354,8,1.3289986
2015,2,8,-1.1775912,0.27280638,8,1.208778
2015,2,9,-0.96207178,0.45188972,8,1.0629141
2015,2,10,-0.81170762,0.71631134,8,1.0825762
2015,2,11,-0.50361407,0.86281735,7,0.99904001
2015,2,12,-0.17931876,1.0262232,7,1.0417721
2015,2,13,0.27883771,0.88044935,6,0.92354834
2015,2,14,0.35282522,0.80278051,6,0.87689352
2015,2,15,0.26828286,0.61963201,6,0.67521811
2015,2,16,0.21582702,0.34425524,6,0.40631634
2015,2,17,0.34674636,0.0323876776,5,0.34825563
2015,2,18,0.15288849,0.0608299896,5,0.16454537
2015,2,19,0.0646894649,0.34193733,6,0.3480027
2015,2,20,-0.012529741,0.56636846,7,0.56650704
2015,2,21,-0.3684932,0.80615288,7,0.88638014
2015,2,22,-0.3393763,1.0730096,7,1.1254004
2015,2,23,-0.31094223,0.95650172,7,1.0057737
2015,2,24,-0.29261672,0.8659308,7,0.91403538
2015,2,25,-0.1737428,0.60624158,7,0.63064682
2015,2,26,0.0535582416,0.41256675,6,0.41602862
2015,2,27,0.14356527,-0.11345862,4,0.18298592
2015,2,28,0.25308502,-0.30343989,3,0.39513007
2015,3,1,0.32622758,-0.21383417,4,0.39006343
2015,3,2,0.77153802,-0.19611037,4,0.79607177
2015,3,3,1.0783048,-0.0585306622,4,1.0798922
2015,3,4,1.1889347,0.10507885,5,1.1935691
2015,3,5,1.2701988,-0.022892436,4,1.2704051
2015,3,6,1.5277364,0.0506234728,5,1.5285749
2015,3,7,1.8053808,0.27017313,5,1.8254844
2015,3,8,1.7035756,0.84956425,5,1.9036621
2015,3,9,1.6324527,1.5067513,5,2.2215314
2015,3,10,1.2439944,1.8822519,6,2.2561901
2015,3,11,0.91843551,2.3536367,6,2.5264857
2015,3,12,0.5404408,2.9613459,6,3.0102568
2015,3,13,0.16006149,3.1805899,6,3.1846149
2015,3,14,-0.76036549,3.6204846,7,3.6994681
2015,3,15,-1.9624251,3.7940979,7,4.2715678
2015,3,16,-2.8061233,3.9190555,7,4.8200955
2015,3,17,-3.1179781,3.4712906,7,4.6660094
2015,3,18,-3.1673601,2.8327215,8,4.2492919
2015,3,19,-3.1640632,2.2038958,8,3.8559632
2015,3,20,-3.171335,1.9098556,8,3.7020149
2015,3,21,-2.8493612,1.4593254,8,3.2013264
2015,3,22,-2.5960639,1.06021,8,2.8042099
2015,3,23,-2.4472969,0.65819412,8,2.5342615
2015,3,24,-2.3798223,0.25782272,8,2.3937473
2015,3,25,-2.3531885,-0.30939862,1,2.3734412
2015,3,26,-1.9318523,-0.75596267,1,2.0744958
2015,3,27,-1.6672801,-0.99026793,1,1.9391888
2015,3,28,-1.3050678,-1.3821594,2,1.9009383
2015,3,29,-1.2682885,-1.7575227,2,2.1673582
2015,3,30,-0.96631354,-2.0728433,2,2.2870157
2015,3,31,-0.30335364,-2.080667,2,2.1026647
2015,4,1,0.0267409552,-1.9583511,3,1.9585338
2015,4,2,0.47502175,-1.6366895,3,1.7042296
2015,4,3,0.83030689,-1.3682861,3,1.600505
2015,4,4,1.0226222,-1.1762341,3,1.5586157
2015,4,5,1.1899221,-1.3776308,3,1.8203794
2015,4,6,1.1994816,-1.2876728,3,1.7597889
2015,4,7,0.98571634,-1.0856943,3,1.4664136
2015,4,8,0.58761287,-1.0026237,3,1.1621287
2015,4,9,0.33565634,-0.93321311,3,0.99174184
2015,4,10,-0.0307698641,-0.7172085,2,0.71786821
2015,4,11,-0.21084929,-0.66868472,2,0.70113957
2015,4,12,-0.37080652,-0.51843596,2,0.63739574
2015,4,13,-0.22336447,-0.45603591,2,0.50779963
2015,4,14,-0.51975131,-0.79317319,2,0.94829589
2015,4,15,-0.80972004,-0.87804478,2,1.1944075
2015,4,16,-0.78931546,-0.7775405,1,1.1079658
2015,4,17,-0.23755574,-1.0536367,2,1.0800847
2015,4,18,0.007294429,-1.1432161,3,1.1432394
2015,4,19,-0.0111828437,-1.1677541,2,1.1678076
2015,4,20,-0.0194007047,-0.92308587,2,0.92328972
2015,4,21,0.0134986592,-0.54600656,3,0.54617339
2015,4,22,0.0503877513,-0.46018305,3,0.46293345
2015,4,23,-0.0858907998,-0.32080501,2,0.33210403
2015,4,24,0.034095522,-0.11486627,3,0.11981972
2015,4,25,0.13957976,-0.00273039122,4,0.13960646
2015,4,26,-0.28057998,0.11094545,8,0.30171844
2015,4,27,-0.43656272,0.3021867,8,0.53094614
2015,4,28,-0.68161565,0.46549061,8,0.82539773
2015,4,29,-0.60333568,0.28864813,8,0.66882861
2015,4,30,-0.53460944,0.14538968,8,0.55402654
2015,5,1,-0.32169503,0.18533002,8,0.37126124
2015,5,2,-0.17242324,0.16636527,8,0.23959795
2015,5,3,-0.20591168,0.40525755,7,0.45456937
2015,5,4,-0.37785396,0.61442536,7,0.72131282
2015,5,5,-0.29474807,0.29826409,7,0.4193303
2015,5,6,-0.18152936,0.0739404485,8,0.19601046
2015,5,7,-0.0757463798,0.0751088262,8,0.10667169
2015,5,8,0.15108223,0.0798687935,5,0.17089431
2015,5,9,0.37235796,0.40722403,6,0.55179876
2015,5,10,0.35858577,0.55322444,6,0.65927309
2015,5,11,0.0570313483,0.74268818,6,0.74487472
2015,5,12,-0.23626365,0.70976466,7,0.7480551
2015,5,13,-0.41509148,0.61924624,7,0.7454977
2015,5,14,-0.56433696,0.54871142,8,0.78712159
2015,5,15,-0.46567979,0.75878936,7,0.89029151
2015,5,16,-0.48078078,0.84873778,7,0.97545165
2015,5,17,-0.54906207,0.96981001,7,1.1144508
2015,5,18,-0.61711836,0.93179709,7,1.1176229
2015,5,19,-0.50695169,0.78990376,7,0.93858832
2015,5,20,-0.52996224,0.55926919,7,0.77048165
2015,5,21,-0.56800473,0.20074272,8,0.60243422
2015,5,22,-0.54697806,-0.15149765,1,0.56757075
2015,5,23,-0.6428436,-0.30688503,1,0.71233863
2015,5,24,-0.51726276,-0.44250163,1,0.68071175
2015,5,25,-0.72441578,-0.37320161,1,0.81489736
2015,5,26,-0.73041856,-0.37023565,1,0.81889302
2015,5,27,-0.93251687,-0.32784635,1,0.988469
2015,5,28,-1.0789131,-0.33441031,1,1.1295502
2015,5,29,-1.1361463,-0.27268544,1,1.1684117
2015,5,30,-1.4481045,-0.13545628,1,1.4544261
2015,5,31,-1.6132358,-0.15030567,1,1.6202227
2015,6,1,-1.6528871,-0.2487938,1,1.6715066
2015,6,2,-1.9435214,-0.58148402,1,2.0286446
2015,6,3,-2.1219785,-1.0506957,1,2.3678586
2015,6,4,-2.3038082,-1.5551968,1,2.7795987
2015,6,5,-2.1079543,-1.8513006,1,2.8054919
2015,6,6,-1.858228,-1.9641263,2,2.7038498
2015,6,7,-1.7175186,-2.1483538,2,2.7505081
2015,6,8,-1.1279744,-2.2015085,2,2.4736545
2015,6,9,-0.60022378,-2.2465472,2,2.3253479
2015,6,10,-0.084522672,-2.1662447,2,2.1678932
2015,6,11,0.48595384,-2.0983648,3,2.1539001
2015,6,12,0.94383007,-2.2191281,3,2.4115026
2015,6,13,1.3305682,-2.0334065,3,2.430052
2015,6,14,1.4207519,-1.9350578,3,2.4006217
2015,6,15,1.5455333,-1.6229653,3,2.2411358
2015,6,16,1.2862328,-1.1297271,4,1.7119224
2015,6,17,1.1161414,-0.72328353,4,1.3300041
2015,6,18,1.2035059,-0.45822006,4,1.2877856
2015,6,19,1.4015968,-0.27292448,4,1.427922
2015,6,20,1.3353884,-0.29973415,4,1.3686135
2015,6,21,1.547598,-0.039370738,4,1.5480987
2015,6,22,1.5656854,0.23172615,5,1.5827407
2015,6,23,1.468102,0.52568924,5,1.5593821
2015,6,24,1.5514948,0.83237928,5,1.7606792
2015,6,25,1.5118775,0.97347516,5,1.7981734
2015,6,26,1.2101178,0.82493311,5,1.4645476
2015,6,27,0.88105875,1.0325583,6,1.3573655
2015,6,28,0.72516853,1.3279483,6,1.5130486
2015,6,29,0.50051981,1.8446213,6,1.9113209
2015,6,30,0.32078943,2.4333878,6,2.4544411
2015,7,1,0.0451810993,3.0318954,6,3.0322318
2015,7,2,-0.21328129,3.2232704,7,3.230319
2015,7,3,-0.51147258,3.5100479,7,3.5471172
2015,7,4,-0.86173677,3.8235095,7,3.919415
2015,7,5,-1.2112348,4.0264211,7,4.204659
2015,7,6,-1.371519,3.7651982,7,4.007216
2015,7,7,-1.2152758,3.3440289,7,3.5580084
2015,7,8,-0.96482176,3.049608,7,3.1985917
2015,7,9,-0.89931941,2.8864367,7,3.0232918
2015,7,10,-1.0716246,2.2556024,7,2.4972227
2015,7,11,-1.2532709,1.6954837,7,2.1084006
2015,7,12,-1.4795393,1.2497027,8,1.9366965
2015,7,13,-1.4365788,0.83744931,8,1.662853
2015,7,14,-1.3359883,0.63677484,8,1.4799821
2015,7,15,-0.91714376,0.46158335,8,1.0267482
2015,7,16,-0.86573929,0.26466879,8,0.90529227
2015,7,17,-0.907933,-0.32773256,1,0.96527249
2015,7,18,-0.99198598,-0.69116259,1,1.2090251
2015,7,19,-0.74478948,-0.9134959,2,1.1786374
2015,7,20,-0.42444795,-1.1659706,2,1.2408237
2015,7,21,-0.18047091,-0.98466378,2,1.0010657
2015,7,22,-0.23513409,-0.72393519,2,0.76116371
2015,7,23,-0.28057307,-0.71532279,2,0.76838005
2015,7,24,-0.2489232,-0.51830232,2,0.57497829
2015,7,25,-0.14659262,-0.43999749,2,0.46377495
2015,7,26,-0.61224592,-0.39849308,1,0.73050791
2015,7,27,-1.0105758,-0.45527899,1,1.1083963
2015,7,28,-1.1519182,-0.44597334,1,1.2352359
2015,7,29,-1.2163157,-0.3613537,1,1.268858
2015,7,30,-0.78059089,-0.1900785,1,0.80340028
2015,7,31,-0.32855308,-0.0322830081,1,0.33013532
2015,8,1,-0.21272092,0.23942633,7,0.32027355
2015,8,2,-0.0347757973,0.75322288,7,0.75402528
2015,8,3,0.0796489939,0.83615845,6,0.83994341
2015,8,4,0.0356973819,0.81302339,6,0.81380671
2015,8,5,0.21847661,1.0010738,6,1.024637
2015,8,6,0.16197349,0.9537037,6,0.96736038
2015,8,7,0.0326327384,1.0824467,6,1.0829384
2015,8,8,0.16111647,1.3622352,6,1.3717301
2015,8,9,0.20414756,1.3261009,6,1.3417227
2015,8,10,0.0672858208,1.2167997,6,1.2186587
2015,8,11,-0.12135163,1.0422421,7,1.0492829
2015,8,12,-0.0366728865,0.75765407,7,0.75854111
2015,8,13,-0.28233668,0.50063741,7,0.5747624
2015,8,14,-0.46163723,0.25212571,8,0.52600026
2015,8,15,-0.44513965,0.17990237,8,0.4801189
2015,8,16,-0.45232946,0.2116392,8,0.49939272
2015,8,17,-0.5945794,0.45555863,8,0.74903822
2015,8,18,-0.51624244,0.61255771,7,0.80108249
2015,8,19,-0.39160475,0.72618467,7,0.82504451
2015,8,20,-0.45980954,0.80410165,7,0.92628521
2015,8,21,-0.67592949,0.64106447,8,0.93158162
2015,8,22,-0.91876227,0.24322763,8,0.95041245
2015,8,23,-0.94578606,0.0319732614,8,0.94632638
2015,8,24,-1.0896338,-0.0421568751,1,1.090449
2015,8,25,-1.1160492,-0.0906882733,1,1.1197277
2015,8,26,-0.924927,-0.16856684,1,0.94016206
2015,8,27,-0.67367607,-0.23270389,1,0.71273452
2015,8,28,-0.58679932,-0.251614,1,0.63846928
2015,8,29,-0.64687163,-0.0754900426,1,0.65126157
2015,8,30,-0.64768374,0.0923507661,8,0.65423459
2015,8,31,-0.55274922,0.12607691,8,0.56694543
2015,9,1,-0.76356816,0.0611995757,8,0.76601678
2015,9,2,-1.0032958,-0.17947835,1,1.0192227
2015,9,3,-1.3239442,-0.2417033,1,1.3458264
2015,9,4,-1.280288,-0.0253025107,1,1.280538
2015,9,5,-1.2225133,-0.0362474471,1,1.2230506
2015,9,6,-1.1553015,-0.0918759108,1,1.1589489
2015,9,7,-0.87008852,0.12556659,8,0.87910241
2015,9,8,-0.58147371,0.005169407,8,0.58149672
2015,9,9,-0.73022139,-0.0309497695,1,0.73087698
2015,9,10,-0.71633285,0.22281957,8,0.75018752
2015,9,11,-0.60495669,0.0710316077,8,0.60911256
2015,9,12,-0.41125035,-0.062305171,1,0.41594324
2015,9,13,-0.25479731,-0.18710156,1,0.31611496
2015,9,14,-0.0180135481,0.0718043596,7,0.0740294084
2015,9,15,0.17600819,0.0419766866,5,0.18094455
2015,9,16,0.16520163,-0.18682201,3,0.24938734
2015,9,17,-0.013687457,-0.35672343,2,0.35698596
2015,9,18,-0.0688826516,-0.30126917,2,0.30904359
2015,9,19,-0.0144082336,-0.16389626,2,0.16452836
2015,9,20,0.20807718,0.0184394568,5,0.20889263
2015,9,21,0.24127498,0.16995431,5,0.29512385
2015,9,22,0.0651175007,0.23420201,6,0.24308614
2015,9,23,-0.0677947849,0.47139046,7,0.47624058
2015,9,24,0.17603455,0.76983935,6,0.78970927
2015,9,25,0.28391448,0.71466815,6,0.76899803
2015,9,26,0.0480084717,0.69248098,6,0.69414318
2015,9,27,-0.2301017,0.51873565,7,0.56747991
2015,9,28,-0.49834326,0.25460324,8,0.5596149
2015,9,29,-0.90109801,0.19306289,8,0.92154813
2015,9,30,-0.92606765,0.24158531,8,0.95706046
2015,10,1,-0.99599648,0.38524306,8,1.0679051
2015,10,2,-1.1630245,0.46641615,8,1.2530643
2015,10,3,-1.1837884,0.44088641,8,1.2632244
2015,10,4,-1.190979,0.36309043,8,1.2450967
2015,10,5,-0.89654505,0.3077074,8,0.94788021
2015,10,6,-0.70301914,0.29706478,8,0.76320601
2015,10,7,-0.55925179,0.48065409,8,0.73742181
2015,10,8,-0.53197694,0.41609159,8,0.67537522
2015,10,9,-0.45240405,0.45152232,8,0.63917279
2015,10,10,-0.30466881,0.52171206,7,0.60415775
2015,10,11,-0.27153373,0.55830926,7,0.62083799
2015,10,12,-0.37493342,0.59879112,7,0.70648843
2015,10,13,-0.52848607,0.7249791,7,0.89715785
2015,10,14,-0.42933041,0.70480913,7,0.82527602
2015,10,15,-0.48978204,0.63340348,7,0.80067873
2015,10,16,-0.47946486,0.31982148,8,0.57634395
2015,10,17,-0.71583635,0.0294510927,8,0.71644193
2015,10,18,-0.86780846,-0.0927557349,1,0.87275147
2015,10,19,-0.97400403,-0.16097412,1,0.98721653
2015,10,20,-0.86188179,-0.46118599,1,0.97751355
2015,10,21,-1.2189729,-0.92312497,1,1.5290699
2015,10,22,-1.4053751,-1.2411816,1,1.8749963
2015,10,23,-1.5394106,-1.8452201,2,2.4030442
2015,10,24,-1.9087207,-2.3452318,2,3.0237935
2015,10,25,-1.9806192,-2.5000081,2,3.1894972
2015,10,26,-1.909964,-2.7114515,2,3.3166144
2015,10,27,-1.6889654,-2.791584,2,3.2627511
2015,10,28,-1.6034168,-2.7275758,2,3.1639557
2015,10,29,-1.3801258,-2.5431283,2,2.8934839
2015,10,30,-1.0441382,-2.6052356,2,2.8066843
2015,10,31,-0.77163166,-2.8357263,2,2.9388363
2015,11,1,-0.38639376,-2.6451278,2,2.6732006
2015,11,2,-0.0655698925,-2.5524607,2,2.5533028
2015,11,3,0.19570731,-2.4345503,3,2.4424038
2015,11,4,0.32069167,-2.5425351,3,2.5626798
2015,11,5,0.54547882,-2.3467591,3,2.4093206
2015,11,6,0.8781606,-2.1758523,3,2.34638
2015,11,7,0.76871186,-2.0419011,3,2.1818061
2015,11,8,0.69521141,-1.8852667,3,2.0093656
2015,11,9,0.92638451,-1.6774915,3,1.9162897
2015,11,10,1.2651372,-1.6619433,3,2.0886905
2015,11,11,1.1718287,-1.7168742,3,2.0786631
2015,11,12,0.77215493,-1.4936497,3,1.6814318
2015,11,13,0.62139124,-1.5098681,3,1.6327366
2015,11,14,0.29470673,-1.4946563,3,1.5234336
2015,11,15,0.0157929081,-1.5205153,3,1.5205973
2015,11,16,-0.2647191,-1.6741625,2,1.694962
2015,11,17,-0.28622049,-1.6543925,2,1.6789689
2015,11,18,-0.51949757,-1.7279269,2,1.8043306
2015,11,19,-0.573816,-1.7987096,2,1.8880204
2015,11,20,-0.45046383,-1.8594179,2,1.9132048
2015,11,21,-0.59376061,-1.5654957,2,1.6743144
2015,11,22,-0.62708277,-1.3989981,2,1.5331107
2015,11,23,-0.32466578,-1.2931828,2,1.3333154
2015,11,24,-0.00875388365,-1.4126174,2,1.4126446
2015,11,25,0.44842905,-1.4143101,3,1.4836986
2015,11,26,0.64839941,-1.409961,3,1.5519059
2015,11,27,0.71934295,-1.626142,3,1.7781429
2015,11,28,0.87957734,-1.6424884,3,1.8631759
2015,11,29,0.83064771,-1.2973748,3,1.5405054
2015,11,30,0.88392359,-0.84493738,4,1.2228001
2015,12,1,0.80161631,-0.84010935,3,1.1611944
2015,12,2,0.58092856,-0.63726592,3,0.86231422
2015,12,3,0.23102926,-0.41442782,3,0.47447333
2015,12,4,0.16634989,-0.54463214,3,0.56947035
2015,12,5,0.50227612,-0.79843128,3,0.94327819
2015,12,6,0.77568996,-0.98643458,3,1.2548896
2015,12,7,0.85271579,-1.0686378,3,1.3671544
2015,12,8,0.78483766,-1.2723204,3,1.4949145
2015,12,9,0.8982873,-0.89565784,4,1.2685121
2015,12,10,1.1541095,-0.77832139,4,1.3920319
2015,12,11,1.0947236,-0.87718797,4,1.4028109
2015,12,12,1.3113804,-1.0470266,4,1.6780891
2015,12,13,1.4893159,-1.156357,4,1.88553
2015,12,14,1.711249,-1.1108557,4,2.0401895
2015,12,15,2.0359526,-0.90663946,4,2.2286987
2015,12,16,2.3493245,-0.6211316,4,2.4300473
2015,12,17,2.4175968,-0.33992144,4,2.4413769
2015,12,18,2.589442,-0.2063964,4,2.5976546
2015,12,19,2.7988663,0.14619885,5,2.8026822
2015,12,20,2.817822,0.0760188103,5,2.8188472
2015,12,21,2.2649865,0.33756635,5,2.2900033
2015,12,22,1.835939,0.9319393,5,2.0589275
2015,12,23,1.7788286,1.6681247,5,2.4386208
2015,12,24,1.7178165,2.0415478,6,2.6681099
2015,12,25,1.5888911,1.9853946,6,2.5429051
2015,12,26,1.0221134,2.0607104,6,2.3002703
2015,12,27,0.91436672,2.1724041,6,2.3569908
2015,12,28,0.52873379,2.4144664,6,2.4716811
2015,12,29,0.27931768,2.4809091,6,2.4965832
2015,12,30,0.20401479,2.3319685,6,2.3408759
2015,12,31,0.10011274,1.9951098,6,1.99762
2016,1,1,-0.29434481,2.0004501,7,2.0219889
2016,1,2,-0.55838132,2.1237156,7,2.1958957
2016,1,3,-0.72465169,2.0528684,7,2.1770139
2016,1,4,-1.0889096,2.0280094,7,2.3018572
2016,1,5,-1.2864174,2.1193745,7,2.4792373
2016,1,6,-1.5209401,1.9890016,7,2.5038743
2016,1,7,-1.7574258,1.8514115,7,2.5526986
2016,1,8,-1.933834,1.3236122,8,2.3434298
2016,1,9,-1.7942272,0.77237898,8,1.9534125
2016,1,10,-1.8115729,0.6061939,8,1.9103056
2016,1,11,-1.2358924,0.10210231,8,1.2401028
2016,1,12,-0.88184077,-0.56260484,1,1.0460246
2016,1,13,-0.7471298,-1.1853689,2,1.401179
2016,1,14,-0.38867503,-1.3434385,2,1.3985332
2016,1,15,-0.0381005742,-1.2144312,2,1.2150286
2016,1,16,0.27598038,-1.0995506,3,1.1336564
2016,1,17,0.49843314,-0.99297303,3,1.1110495
2016,1,18,0.56062919,-0.94573861,3,1.099421
2016,1,19,0.48950866,-0.94951099,3,1.0682648
2016,1,20,0.1177663,-0.88550693,3,0.89330369
2016,1,21,-0.12726827,-0.70181751,2,0.71326363
2016,1,22,-0.0908450708,-0.21850237,2,0.23663498
2016,1,23,0.0397674404,-0.00543556176,4,0.0401371978
2016,1,24,0.28415418,-0.28663653,3,0.40361381
2016,1,25,0.43407667,-0.64736789,3,0.77942783
2016,1,26,0.91127425,-0.83265966,4,1.2343998
2016,1,27,1.0724431,-0.62404788,4,1.2407941
2016,1,28,1.1068093,-0.45267409,4,1.1958013
2016,1,29,1.1943401,-0.28002346,4,1.226728
2016,1,30,1.0859522,-0.43864802,4,1.1711978
2016,1,31,0.88455868,-0.53231698,4,1.0323786
2016,2,1,0.88158834,-0.51991522,4,1.0234793
2016,2,2,1.0701748,-0.6547699,4,1.2545906
2016,2,3,1.027734,-0.53505218,4,1.1586708
2016,2,4,1.3357019,-0.47701606,4,1.4183244
2016,2,5,1.6503928,-0.22623006,4,1.6658261
2016,2,6,2.0483816,-0.29978374,4,2.0702024
2016,2,7,2.0200031,-0.24302332,4,2.0345695
2016,2,8,1.8268729,-0.2656939,4,1.8460927
2016,2,9,1.8998071,-0.0696486011,4,1.9010834
2016,2,10,1.9959941,0.0928660333,5,1.9981532
2016,2,11,2.0189896,0.0478482582,5,2.0195563
2016,2,12,2.0086117,0.2211241,5,2.0207467
2016,2,13,2.1422615,0.73160642,5,2.2637429
2016,2,14,1.8706824,1.2704781,5,2.2613199
2016,2,15,1.4420687,1.9243835,6,2.4047482
2016,2,16,0.97592866,2.0952175,6,2.3113575
2016,2,17,0.37268883,2.0123467,6,2.046567
2016,2,18,0.0865103379,1.9002506,6,1.9022187
2016,2,19,-0.070576705,1.9219097,7,1.9232051
2016,2,20,-0.28332293,2.0587089,7,2.0781131
2016,2,21,-0.7392984,2.2145884,7,2.3347299
2016,2,22,-1.1456546,2.4012284,7,2.6605303
2016,2,23,-1.4399927,2.707989,7,3.0670478
2016,2,24,-1.6925964,2.390883,7,2.9293692
2016,2,25,-1.9375197,1.9630157,7,2.7581539
2016,2,26,-1.713991,1.9086415,7,2.5652831
2016,2,27,-1.3895541,1.7689656,7,2.2494667
2016,2,28,-1.025231,1.5078719,7,1.8233969
2016,2,29,-1.035988,1.3950133,7,1.7376229
2016,3,1,-1.2941223,1.1556969,8,1.735047
2016,3,2,-1.4124643,0.85505831,8,1.6511148
2016,3,3,-1.5414246,0.8833074,8,1.7765759
2016,3,4,-1.2580842,0.7099812,8,1.4445931
2016,3,5,-1.2243016,0.37172741,8,1.2794904
2016,3,6,-1.1172942,0.16960679,8,1.1300942
2016,3,7,-0.94845039,-0.0483282134,1,0.94968086
2016,3,8,-0.90147996,-0.36290675,1,0.97178566
2016,3,9,-0.57517725,-0.70252848,2,0.90795106
2016,3,10,-0.2355904,-0.6391207,2,0.68115938
2016,3,11,0.0743353143,-0.69607413,3,0.70003211
2016,3,12,0.21105668,-0.86659539,3,0.89192629
2016,3,13,0.52849698,-0.96155328,3,1.0972209
2016,3,14,0.74526352,-0.69710171,4,1.0204747
2016,3,15,0.95256525,-0.5316574,4,1.0908896
2016,3,16,1.0891194,-0.33180055,4,1.1385398
2016,3,17,1.2874328,-0.0399324559,4,1.288052
2016,3,18,1.3325418,0.21966456,5,1.3505259
2016,3,19,1.2827018,0.5149647,5,1.382213
2016,3,20,1.3604512,0.58360302,5,1.4803445
2016,3,21,1.4842349,0.8026796,5,1.687379
2016,3,22,1.5785385,0.61860287,5,1.6954212
2016,3,23,1.4825264,0.69269574,5,1.6363716
2016,3,24,0.9796192,1.0818074,6,1.4594386
2016,3,25,0.53674364,1.1870607,6,1.3027689
2016,3,26,-0.0425327122,0.96600974,7,0.96694565
2016,3,27,-0.41312864,0.72228795,7,0.83209085
2016,3,28,-0.65245599,0.36898905,8,0.74956769
2016,3,29,-1.2257683,0.21173458,8,1.243921
2016,3,30,-1.5051693,0.0723610073,8,1.5069077
2016,3,31,-1.4593788,0.0261928942,8,1.4596139
2016,4,1,-1.3491604,-0.25848657,1,1.3736991
2016,4,2,-1.1557752,-0.41398147,1,1.2276795
2016,4,3,-0.73772985,-0.66881526,1,0.99577063
2016,4,4,-0.16335568,-0.90425467,2,0.91889149
2016,4,5,0.27848345,-1.058118,3,1.0941511
2016,4,6,0.29913336,-1.0757936,3,1.1166077
2016,4,7,0.19851477,-0.88550812,3,0.90748703
2016,4,8,0.10541556,-0.71791095,3,0.72560912
2016,4,9,0.27445114,-0.77937263,3,0.82628393
2016,4,10,0.21151052,-0.71457905,3,0.74522471
2016,4,11,0.30856889,-0.57989812,3,0.65688401
2016,4,12,0.62565255,-0.54157084,4,0.82749021
2016,4,13,1.073718,-0.16250218,4,1.0859454
2016,4,14,0.85988903,0.0868623033,5,0.86426514
2016,4,15,0.51390392,0.0902690366,5,0.52177173
2016,4,16,0.32812327,0.0543263331,5,0.33259019
2016,4,17,0.0644306615,-0.15694711,3,0.16965762
2016,4,18,-0.0660421774,-0.0862936452,2,0.10866537
2016,4,19,-0.12358063,-0.29410109,2,0.31901038
2016,4,20,-0.1146765,-0.16577293,2,0.20157222
2016,4,21,-0.23050666,-0.16436768,1,0.28310785
2016,4,22,-0.27114338,-0.11339281,1,0.29389906
2016,4,23,-0.32777515,-0.13862635,1,0.35588455
2016,4,24,-0.27175328,-0.15905008,1,0.31487581
2016,4,25,-0.45986581,-0.10204935,1,0.47105268
2016,4,26,-0.52923328,0.0863431469,8,0.53623039
2016,4,27,-0.55980676,0.41092923,8,0.69443965
2016,4,28,-0.50122613,0.28917667,8,0.57866293
2016,4,29,-0.5205071,0.24535675,8,0.57543689
2016,4,30,-0.69524252,0.00516535901,8,0.69526172
2016,5,1,-0.80312473,-0.24467611,1,0.83956873
2016,5,2,-0.66066962,-0.52157605,1,0.84173977
2016,5,3,-0.53395963,-0.70366663,2,0.88332307
2016,5,4,-0.45798084,-0.89999473,2,1.0098203
2016,5,5,-0.50391334,-1.0890646,2,1.199996
2016,5,6,-0.28164271,-1.1684028,2,1.2018684
2016,5,7,-0.20594025,-1.4875482,2,1.501736
2016,5,8,-0.0323740914,-1.5377524,2,1.5380931
2016,5,9,0.20286219,-1.6356858,3,1.6482174
2016,5,10,0.37081864,-1.5420809,3,1.5860391
2016,5,11,0.70368928,-1.719384,3,1.8578105
2016,5,12,0.83320236,-1.9350727,3,2.1068299
2016,5,13,0.77997333,-1.9370242,3,2.0881622
2016,5,14,0.6594671,-1.8364707,3,1.9512872
2016,5,15,1.0237134,-1.6361719,3,1.9300382
2016,5,16,1.3512722,-1.5978553,3,2.0926247
2016,5,17,1.4665083,-1.3234411,4,1.9753842
2016,5,18,1.6943886,-0.95062667,4,1.9428443
2016,5,19,2.0265117,-0.67030388,4,2.1344922
2016,5,20,2.1137741,-0.31330988,4,2.1368678
2016,5,21,2.0093527,-0.33157375,4,2.0365262
2016,5,22,1.8891329,-0.0720981956,4,1.8905082
2016,5,23,1.5517794,0.0636233762,5,1.5530831
2016,5,24,1.1012177,0.00486751646,5,1.1012286
2016,5,25,0.80870056,-0.0217256527,4,0.80899233
2016,5,26,0.4002355,-0.25924191,4,0.47685933
2016,5,27,0.20147593,-0.3017948,3,0.36286727
2016,5,28,-0.0203414354,-0.29422817,2,0.29493049
2016,5,29,0.11349456,-0.34669125,3,0.3647956
2016,5,30,-0.0856115893,-0.38834435,2,0.39766905
2016,5,31,-0.0799586996,-0.0718835071,1,0.10752038
2016,6,1,-0.12306762,0.06795948,8,0.14058496
2016,6,2,0.15786539,0.16199894,6,0.22619712
2016,6,3,0.14926685,0.58314121,6,0.60194206
2016,6,4,0.0327812508,0.81597733,6,0.81663555
2016,6,5,-0.21995082,0.86546123,7,0.89297342
2016,6,6,-0.42853472,0.70616168,7,0.82601833
2016,6,7,-0.52247137,0.17222607,8,0.5501256
2016,6,8,-0.56346148,-0.35025716,1,0.66345227
2016,6,9,-0.79742241,-0.84385079,2,1.1610197
2016,6,10,-0.91023254,-1.167419,2,1.4803345
2016,6,11,-0.75462711,-1.5174825,2,1.6947612
2016,6,12,-0.56068826,-1.8897785,2,1.9712012
2016,6,13,-0.26906124,-2.194674,2,2.2111056
2016,6,14,-0.11051568,-2.2792158,2,2.2818935
2016,6,15,0.17697452,-2.2170134,3,2.2240658
2016,6,16,0.34134459,-2.2935867,3,2.3188481
2016,6,17,0.57346106,-2.286464,3,2.3572812
2016,6,18,0.94533128,-1.9608573,3,2.1768353
2016,6,19,1.367787,-1.5658424,3,2.0791111
2016,6,20,1.6648916,-1.1486975,4,2.0227134
2016,6,21,1.8791914,-0.99877048,4,2.1281219
2016,6,22,1.809706,-0.9492768,4,2.043566
2016,6,23,1.9824923,-0.75907135,4,2.1228437
2016,6,24,2.1872811,-0.8867653,4,2.3602016
2016,6,25,2.0794642,-0.53776163,4,2.1478732
2016,6,26,2.1458189,-0.0429037586,4,2.1462479
2016,6,27,2.1284237,0.16583705,5,2.1348746
2016,6,28,1.5389931,0.0679976717,5,1.5404946
2016,6,29,0.70177644,0.27179423,5,0.75257045
2016,6,30,0.38211006,0.6106571,6,0.7203542
2016,7,1,0.50838089,0.65902567,6,0.83232564
2016,7,2,0.42912602,0.58432949,6,0.72497588
2016,7,3,0.13940567,0.65813518,6,0.6727376
2016,7,4,0.18801108,0.73645157,6,0.76007175
2016,7,5,0.30229136,0.49512818,6,0.58011377
2016,7,6,0.0518468209,0.15929519,6,0.1675203
2016,7,7,-0.075364925,-0.0873145387,2,0.11534167
2016,7,8,-0.34519336,-0.25378481,1,0.42844507
2016,7,9,-0.35823071,-0.36558023,2,0.51183802
2016,7,10,-0.46920511,-0.5650354,2,0.73445112
2016,7,11,-0.49030718,-0.70846045,2,0.8615784
2016,7,12,-0.52523345,-0.77536738,2,0.9365173
2016,7,13,-0.48010015,-0.90807903,2,1.0271823
2016,7,14,-0.62187922,-0.97446007,2,1.1559871
2016,7,15,-0.8686133,-1.0467349,2,1.3601997
2016,7,16,-1.1762078,-1.0661422,1,1.5874898
2016,7,17,-1.3506445,-1.1114755,1,1.7491764
2016,7,18,-1.2209983,-1.198625,1,1.7110052
2016,7,19,-1.0409238,-1.2952837,2,1.6617106
2016,7,20,-0.88587904,-1.663606,2,1.8847723
2016,7,21,-0.86313903,-1.7318487,2,1.9350216
2016,7,22,-0.54400754,-1.5305358,2,1.6243411
2016,7,23,0.14055558,-1.3611835,3,1.3684212
2016,7,24,0.55514127,-1.1754863,3,1.2999808
2016,7,25,0.83603883,-0.8793093,3,1.2133201
2016,7,26,0.65228796,-0.58290619,4,0.87479097
2016,7,27,0.67611414,-0.47892305,4,0.82855153
2016,7,28,0.5396359,-0.33330896,4,0.63427263
2016,7,29,0.60478079,-0.2954312,4,0.67308199
2016,7,30,0.57146311,-0.25188637,4,0.62451327
2016,7,31,0.71952599,-0.12062901,4,0.72956771
2016,8,1,0.79580289,-0.0471242219,4,0.79719692
2016,8,2,0.8495459,0.0115528842,5,0.8496244
2016,8,3,0.82841855,-0.0863317102,4,0.83290482
2016,8,4,0.6228286,0.0570068322,5,0.62543201
2016,8,5,0.79251176,0.51143622,5,0.94320828
2016,8,6,1.0373058,0.72444987,5,1.2652395
2016,8,7,1.1336329,0.69090921,5,1.3275839
2016,8,8,1.0109819,0.83922476,5,1.3139188
2016,8,9,1.0031108,0.98674363,5,1.4070871
2016,8,10,0.77557617,0.9744544,6,1.2454236
2016,8,11,0.58974814,1.0161749,6,1.1749103
2016,8,12,0.44673389,1.3213093,6,1.3947865
2016,8,13,0.37554374,1.6723698,6,1.7140169
2016,8,14,0.46906745,1.5930606,6,1.6606826
2016,8,15,0.71115869,1.6844621,6,1.8284308
2016,8,16,0.9217025,1.5971779,6,1.8440479
2016,8,17,0.94231373,1.6204426,6,1.8745104
2016,8,18,0.96854299,1.5009943,6,1.7863537
2016,8,19,0.97277927,1.3847822,6,1.6923124
2016,8,20,1.2557762,1.297151,6,1.8054291
2016,8,21,1.3149225,1.2763129,5,1.8324835
2016,8,22,1.3562492,1.3727781,6,1.9297491
2016,8,23,1.1374048,1.5009557,6,1.8832307
2016,8,24,0.89429241,1.455706,6,1.708461
2016,8,25,0.91174889,1.5316014,6,1.782439
2016,8,26,0.76701182,1.3250223,6,1.5310099
2016,8,27,0.50578535,1.1708581,6,1.2754323
2016,8,28,0.30995521,0.95067406,6,0.99992669
2016,8,29,0.10710875,0.66897023,6,0.67749053
2016,8,30,-0.31781355,0.32000273,7,0.45100686
2016,8,31,-0.79579133,0.16047537,8,0.81181043
2016,9,1,-0.54654914,0.10614762,8,0.55676144
2016,9,2,-0.16732585,0.26802284,7,0.31596547
2016,9,3,0.36605212,0.0824160799,5,0.37521538
2016,9,4,0.33600074,-0.18935063,4,0.38568142
2016,9,5,0.14713907,-0.41179022,3,0.43728834
2016,9,6,-0.0899582952,-0.56519699,2,0.57231122
2016,9,7,-0.25983626,-0.5660156,2,0.62280697
2016,9,8,-0.3400816,-0.48764122,2,0.59451616
2016,9,9,-0.42953661,-0.23247519,1,0.48841211
2016,9,10,-0.12346338,-0.34292373,2,0.36447206
2016,9,11,0.4253107,-0.63307619,3,0.762676
2016,9,12,0.88090563,-0.79714584,4,1.1880388
2016,9,13,0.93380034,-0.90410173,4,1.2997627
2016,9,14,1.2547113,-0.8167994,4,1.4971513
2016,9,15,1.6102048,-0.58941042,4,1.7146907
2016,9,16,1.6510794,-0.3667984,4,1.6913321
2016,9,17,1.4919659,-0.35089484,4,1.532674
2016,9,18,1.4850076,-0.0490865707,4,1.4858186
2016,9,19,1.5466841,0.15509279,5,1.5544406
2016,9,20,1.3620644,0.31292191,5,1.3975477
2016,9,21,0.93475747,0.17029019,5,0.95014226
2016,9,22,0.78922528,0.10371079,5,0.79601038
2016,9,23,0.76290804,0.18077534,5,0.78403342
2016,9,24,0.86729884,0.18312,5,0.88641989
2016,9,25,1.0282062,0.33486062,5,1.0813601
2016,9,26,1.2052485,0.49389407,5,1.3025187
2016,9,27,1.1595582,0.49011308,5,1.2588828
2016,9,28,1.1373566,0.60943663,5,1.2903461
2016,9,29,1.1697767,0.67031598,5,1.3482214
2016,9,30,1.2519711,0.68391156,5,1.4265927
2016,10,1,1.3205131,0.94329673,5,1.6228259
2016,10,2,1.3691784,1.1687446,5,1.8001704
2016,10,3,1.4118435,1.1095679,5,1.7956734
2016,10,4,1.3506308,0.54757833,5,1.4574106
2016,10,5,1.2655813,0.21865493,5,1.2843308
2016,10,6,1.1467062,0.1744791,5,1.1599044
2016,10,7,0.79225248,0.0530804954,5,0.79402864
2016,10,8,0.32128277,0.21139534,5,0.38459149
2016,10,9,0.19357283,0.27126336,6,0.33324805
2016,10,10,0.10300883,0.5266605,6,0.53663963
2016,10,11,0.24121784,0.62007344,6,0.66533983
2016,10,12,0.3422741,0.56628615,6,0.66168839
2016,10,13,0.564605,0.67747968,6,0.88190562
2016,10,14,0.3793669,0.6420759,6,0.74577522
2016,10,15,0.22936514,0.60418862,6,0.6462602
2016,10,16,0.0151920114,0.47721836,6,0.47746012
2016,10,17,-0.0951401368,0.38995066,7,0.40138906
2016,10,18,-0.0696965903,0.38023663,7,0.38657147
2016,10,19,-0.00333153992,0.20197691,7,0.20200437
2016,10,20,-0.0999447778,-0.163442,2,0.1915783
2016,10,21,-0.24400368,-0.29342073,2,0.3816196
2016,10,22,-0.15217897,-0.26528922,2,0.30583787
2016,10,23,-0.2011672,-0.230138,2,0.30566606
2016,10,24,-0.14125355,0.0278269835,8,0.14396842
2016,10,25,-0.15698554,0.0961314291,8,0.18408072
2016,10,26,-0.30433637,0.26692304,8,0.40480679
2016,10,27,-0.32518342,0.72572291,7,0.79524714
2016,10,28,-0.23778501,0.7209245,7,0.75912702
2016,10,29,-0.0196084026,0.55203253,7,0.55238068
2016,10,30,-0.0717409849,0.38790721,7,0.39448544
2016,10,31,0.27433744,0.31902373,6,0.42075786
2016,11,1,0.6653403,0.0979551598,5,0.67251241
2016,11,2,0.88155407,0.0920310467,5,0.88634491
2016,11,3,0.95782918,0.16199212,5,0.97143096
2016,11,4,1.314901,0.24677578,5,1.3378576
2016,11,5,1.4087994,0.45697033,5,1.4810597
2016,11,6,1.0911046,0.98714727,5,1.4713833
2016,11,7,0.44003323,1.4965435,6,1.5598948
2016,11,8,-0.0244817343,1.9567775,7,1.9569306
2016,11,9,-0.37373725,2.0242918,7,2.0585036
2016,11,10,-0.84788418,2.0206692,7,2.1913493
2016,11,11,-1.3632931,1.7565541,7,2.2235219
2016,11,12,-1.9137734,1.3168172,8,2.3230445
2016,11,13,-1.9500198,0.93697971,8,2.1634481
2016,11,14,-1.852049,0.44678453,8,1.9051776
2016,11,15,-1.5485413,0.2054604,8,1.5621121
2016,11,16,-1.4764134,-0.13626827,1,1.4826885
2016,11,17,-1.5317581,-0.43157926,1,1.5913967
2016,11,18,-1.4185306,-0.99878687,1,1.7348788
2016,11,19,-0.96971548,-1.266965,2,1.5954775
2016,11,20,-0.68454504,-1.4131882,2,1.5702556
2016,11,21,-0.31381536,-1.386571,2,1.4216397
2016,11,22,0.0275238324,-1.2487819,3,1.2490852
2016,11,23,0.22555789,-1.0514522,3,1.0753734
2016,11,24,0.25957191,-0.89319909,3,0.9301517
2016,11,25,0.44862151,-1.1302538,3,1.2160325
2016,11,26,0.5606516,-1.2005966,3,1.3250518
2016,11,27,0.55266738,-0.99084294,3,1.1345532
2016,11,28,0.45119157,-0.5322085,3,0.6977247
2016,11,29,0.0992508084,-0.21830449,3,0.23980737
2016,11,30,-0.0906098187,-0.10600825,2,0.13945568
2016,12,1,-0.34893608,0.0618243366,8,0.35437077
2016,12,2,-0.50759935,-0.14348631,1,0.52748972
2016,12,3,-0.39304027,-0.31468928,1,0.50349778
2016,12,4,-0.30167982,-0.29486904,1,0.42185122
2016,12,5,-0.16782834,-0.30118787,2,0.34479049
2016,12,6,-0.21857958,-0.54681355,2,0.58888209
2016,12,7,-0.1384806,-0.66291529,2,0.67722487
2016,12,8,0.26059577,-0.7814253,3,0.82373273
2016,12,9,0.62226415,-0.65166259,3,0.90104204
2016,12,10,0.88929194,-0.41437289,4,0.98109382
2016,12,11,0.56220424,-0.20846342,4,0.59960872
2016,12,12,0.28989711,0.0952384099,5,0.30514044
2016,12,13,0.19998395,0.0762990415,5,0.21404468
2016,12,14,0.11587904,0.25938109,6,0.28408888
2016,12,15,0.13505098,0.31603649,6,0.34368274
2016,12,16,0.35451138,0.3254844,5,0.48126751
2016,12,17,0.50420195,0.46154237,5,0.68355024
2016,12,18,0.38390523,0.63985842,6,0.74619168
2016,12,19,0.36246932,0.77172208,6,0.85260713
2016,12,20,0.55826092,0.79894871,6,0.97466624
2016,12,21,0.65179598,0.85699677,6,1.0766994
2016,12,22,0.62609565,0.79067367,6,1.0085438
2016,12,23,0.6033048,0.5127238,5,0.79174644
2016,12,24,0.39899734,0.60426277,6,0.72410798
2016,12,25,0.29048702,0.43238595,6,0.52090335
2016,12,26,0.4241755,0.26339358,5,0.49930057
2016,12,27,0.38066173,0.44963309,6,0.58912921
2016,12,28,0.39252049,0.46798697,6,0.61080611
2016,12,29,-0.1162056,0.1799871,7,0.21424074
2016,12,30,-0.0795709789,-0.22039771,2,0.23432177
2016,12,31,-0.0393901356,-0.79971486,2,0.80068439
2017,1,1,0.0232087448,-1.084481,3,1.0847293
2017,1,2,0.14207736,-1.0952809,3,1.1044574
2017,1,3,0.26275563,-0.77481502,3,0.81815577
2017,1,4,0.48168182,-0.50066417,3,0.69475317
2017,1,5,0.46654615,-0.0233876463,4,0.46713197
2017,1,6,0.46539673,0.36346185,5,0.59050709
2017,1,7,0.42536259,0.49329212,6,0.65136045
2017,1,8,0.60323942,0.58537626,5,0.84057313
2017,1,9,0.93067533,0.52008098,5,1.0661336
2017,1,10,1.0011299,0.54475135,5,1.1397434
2017,1,11,0.80835128,0.74166632,5,1.0970418
2017,1,12,0.37133467,0.82245314,6,0.90239602
2017,1,13,-0.0483449586,0.53786588,7,0.54003423
2017,1,14,-0.48127759,0.50298268,7,0.69614631
2017,1,15,-0.65491223,0.39763361,8,0.76617396
2017,1,16,-0.85678035,0.16097535,8,0.87177157
2017,1,17,-1.4724231,-0.29870087,1,1.5024154
2017,1,18,-1.8800431,-0.53380787,1,1.9543575
2017,1,19,-1.8728443,-0.8336603,1,2.0500088
2017,1,20,-1.936529,-1.2937129,1,2.3289135
2017,1,21,-1.7792786,-1.5421368,1,2.354574
2017,1,22,-1.1308229,-1.5739865,2,1.9380903
2017,1,23,-0.7347396,-1.6321745,2,1.7899263
2017,1,24,-0.40677676,-1.380674,2,1.4393499
2017,1,25,-0.4595103,-1.364442,2,1.4397402
2017,1,26,-0.18778442,-1.5077314,2,1.5193806
2017,1,27,0.28244421,-1.3759425,3,1.4046324
2017,1,28,0.5244841,-1.1571758,3,1.2704878
2017,1,29,0.54110479,-0.80839443,3,0.97277743
2017,1,30,0.72853452,-0.58712924,4,0.93567264
2017,1,31,1.0013365,-0.66808379,4,1.2037486
2017,2,1,1.1716491,-0.22876775,4,1.193774
2017,2,2,1.3424168,0.22273663,5,1.3607697
2017,2,3,1.6258032,0.72773623,5,1.7812457
2017,2,4,1.5214813,1.1959196,5,1.9352336
2017,2,5,1.5518426,1.5649576,6,2.2039299
2017,2,6,1.4254225,1.7811962,6,2.2813351
2017,2,7,0.88315535,2.10905,6,2.2864943
2017,2,8,0.26045376,2.3385034,6,2.3529627
2017,2,9,-0.42730224,2.4642186,7,2.5009918
2017,2,10,-0.81190515,2.2515163,7,2.3934317
2017,2,11,-1.319954,2.2088087,7,2.5731525
2017,2,12,-1.9481953,2.2211897,7,2.9545133
2017,2,13,-2.5925009,2.0228112,8,3.2882862
2017,2,14,-3.230495,1.5964087,8,3.6034176
2017,2,15,-3.5127048,1.1687969,8,3.7020509
2017,2,16,-3.4605727,0.71678597,8,3.5340269
2017,2,17,-2.9907541,0.0809327215,8,2.9918489
2017,2,18,-2.3567204,-0.41378695,1,2.3927705
2017,2,19,-1.8574938,-0.65263826,1,1.9688118
2017,2,20,-1.5092002,-0.93204904,1,1.7738097
2017,2,21,-1.4024475,-1.0990807,1,1.7818073
2017,2,22,-1.5329927,-1.56464,2,2.1904714
2017,2,23,-1.6275885,-1.899541,2,2.5014596
2017,2,24,-1.5650311,-2.0395699,2,2.5708301
2017,2,25,-1.1749581,-2.0539229,2,2.3662472
2017,2,26,-0.93736804,-2.4741917,2,2.6458049
2017,2,27,-0.57535195,-2.4435756,2,2.5103967
2017,2,28,-0.31846079,-2.4399614,2,2.4606562
2017,3,1,0.041039858,-2.0677199,3,2.0681272
2017,3,2,0.55731189,-1.6217589,3,1.7148465
2017,3,3,0.58729517,-1.4084132,3,1.5259565
2017,3,4,0.814978,-1.2418245,3,1.4853677
2017,3,5,0.97429901,-0.99272978,3,1.3909605
2017,3,6,1.0115917,-0.85477859,4,1.3243731
2017,3,7,0.81091553,-0.76595938,4,1.115472
2017,3,8,0.67719752,-0.5858444,4,0.89543849
2017,3,9,0.55699134,-0.76473391,3,0.94607466
2017,3,10,0.57656431,-0.84089559,3,1.0195743
2017,3,11,0.66174442,-0.65585923,4,0.93169576
2017,3,12,0.77648866,-0.41168678,4,0.87887466
2017,3,13,0.61342508,-0.132358,4,0.62754202
2017,3,14,0.17833252,-0.0272048786,4,0.18039566
2017,3,15,0.0921617299,0.0135559663,5,0.093153365
2017,3,16,0.36730328,-0.0755541846,4,0.37499353
2017,3,17,0.37253749,-0.28924218,4,0.47164097
2017,3,18,0.24483694,-0.50664115,3,0.5626992
2017,3,19,0.1757993,-0.36039054,3,0.4009822
2017,3,20,0.36256284,-0.41969484,3,0.55461299
2017,3,21,0.40234786,-0.32761365,4,0.51885885
2017,3,22,0.30528352,-0.24052258,4,0.38865042
2017,3,23,0.21451934,-0.0216736179,4,0.21561143
2017,3,24,0.4288553,0.0715192854,5,0.43477795
2017,3,25,0.48765695,-0.18617451,4,0.52198684
2017,3,26,0.31837198,-0.5578056,3,0.6422677
2017,3,27,0.442267,-0.74769688,3,0.86870635
2017,3,28,0.39531288,-0.53453201,3,0.66482836
2017,3,29,0.099366568,-0.0875166357,4,0.13241178
2017,3,30,-0.1818625,-0.1034177,1,0.20921087
2017,3,31,-0.16798721,0.0181210041,8,0.16896175
2017,4,1,0.21233492,-0.0150441965,4,0.2128672
2017,4,2,0.0375066809,-0.28054324,3,0.28303933
2017,4,3,-0.0676359534,-0.0502932966,1,0.084285453
2017,4,4,-0.0135031659,0.0423221812,7,0.0444241203
2017,4,5,0.15798803,0.2199492,6,0.27080965
2017,4,6,-0.1510506,0.36537194,7,0.39536431
2017,4,7,-0.48442781,0.46994522,8,0.67492133
2017,4,8,-0.43395612,0.44379011,7,0.62069923
2017,4,9,-0.0167204533,0.50681478,7,0.50709051
2017,4,10,0.29002467,0.37485245,6,0.47395006
2017,4,11,0.35351864,0.42035127,6,0.54924548
2017,4,12,0.22252662,0.67891508,6,0.71445352
2017,4,13,-0.34448963,0.83233839,7,0.9008109
2017,4,14,-0.71481824,0.82749581,7,1.0934873
2017,4,15,-1.0398495,0.82836342,8,1.3294634
2017,4,16,-1.275208,0.59058619,8,1.4053283
2017,4,17,-1.1317135,0.4474476,8,1.2169572
2017,4,18,-0.99340183,0.41429198,8,1.0763295
2017,4,19,-0.82389444,0.36128706,8,0.89962792
2017,4,20,-0.54649031,0.38052651,8,0.66592199
2017,4,21,-0.29901487,0.53644383,7,0.61415136
2017,4,22,-0.0477861725,0.60452908,7,0.60641479
2017,4,23,-0.0236726627,0.72143382,7,0.72182208
2017,4,24,-0.15741903,0.79671454,7,0.81211746
2017,4,25,-0.17446285,0.92963719,7,0.94586605
2017,4,26,-0.28330523,0.96552116,7,1.0062271
2017,4,27,-0.42852414,0.93964553,7,1.0327471
2017,4,28,-0.71290493,1.0211898,7,1.2454164
2017,4,29,-0.95664465,0.9816314,7,1.370682
2017,4,30,-1.3515515,1.1202095,8,1.7554375
2017,5,1,-1.5358673,1.0819966,8,1.8787243
2017,5,2,-1.633828,0.79731673,8,1.8179957
2017,5,3,-1.7943318,0.72823703,8,1.9364803
2017,5,4,-1.8946173,0.49550033,8,1.9583399
2017,5,5,-2.1014626,0.36199665,8,2.1324134
2017,5,6,-1.9464513,0.32303935,8,1.9730755
2017,5,7,-1.7601914,0.24667497,8,1.777392
2017,5,8,-1.8040683,0.0835300684,8,1.8060011
2017,5,9,-1.7914004,-0.17053941,1,1.7994998
2017,5,10,-1.7808001,-0.61467725,1,1.8838995
2017,5,11,-1.5832452,-0.73877555,1,1.7471275
2017,5,12,-1.2709848,-0.71028125,1,1.4559882
2017,5,13,-0.64367312,-0.78885007,2,1.0181353
2017,5,14,-0.2270945,-1.099304,2,1.1225156
2017,5,15,0.15227918,-1.3429394,3,1.3515455
2017,5,16,0.47560543,-1.204491,3,1.2949899
2017,5,17,0.62035835,-0.94650054,3,1.1316836
2017,5,18,0.47515669,-0.75075978,3,0.88848978
2017,5,19,0.56801587,-0.5454787,4,0.78752083
2017,5,20,0.72256178,-0.43763772,4,0.84476167
2017,5,21,0.51634192,-0.43521485,4,0.67529321
2017,5,22,0.45784864,-0.13258065,4,0.47665817
2017,5,23,0.19689898,0.12086691,5,0.23103683
2017,5,24,-0.0284003969,0.0686781779,7,0.0743187368
2017,5,25,-0.22295119,-0.245829,2,0.33187217
2017,5,26,-0.35607946,-0.86026919,2,0.93105084
2017,5,27,-0.37670729,-1.3845389,2,1.4348716
2017,5,28,0.0260275993,-1.6474251,3,1.6476306
2017,5,29,0.30675083,-1.768461,3,1.7948678
2017,5,30,0.73338318,-1.7141652,3,1.8644606
2017,5,31,1.0775679,-1.4303081,3,1.7907914
2017,6,1,1.1875851,-1.0597874,4,1.5916997
2017,6,2,1.05101,-0.5621103,4,1.1918851
2017,6,3,0.94629306,-0.00361666759,4,0.94629997
2017,6,4,0.82264394,0.45374608,5,0.93948311
2017,6,5,0.54605889,0.53772223,5,0.76637167
2017,6,6,-0.13102119,0.29505053,7,0.32283336
2017,6,7,-0.20336658,0.0171857327,8,0.20409143
2017,6,8,-0.32124171,-0.000157517512,1,0.32124174
2017,6,9,-0.696675,-0.0127582457,1,0.69679183
2017,6,10,-0.92739266,0.0387489721,8,0.92820185
2017,6,11,-1.1516075,-0.14533575,1,1.1607422
2017,6,12,-1.438289,-0.43149304,1,1.5016197
2017,6,13,-1.5112339,-0.79679155,1,1.7084217
2017,6,14,-1.6334218,-0.89278632,1,1.861487
2017,6,15,-1.4584339,-0.88903886,1,1.7080455
2017,6,16,-1.2601182,-1.0458149,1,1.6375673
2017,6,17,-1.2346991,-0.91691518,1,1.5379256
2017,6,18,-1.026479,-1.0060526,1,1.4372895
2017,6,19,-0.91015822,-0.8231678,1,1.2271891
2017,6,20,-0.76010734,-0.51746601,1,0.91952932
2017,6,21,-0.5415141,-0.50534087,1,0.74067998
2017,6,22,-0.59015357,-0.39768943,1,0.71164465
2017,6,23,-0.64107424,-0.15447092,1,0.65942204
2017,6,24,-0.5460133,-0.19326182,1,0.57920688
2017,6,25,-0.12584224,-0.35050136,2,0.37240767
2017,6,26,-0.0822565407,-0.55271322,2,0.55880052
2017,6,27,-0.2731449,-0.93178916,2,0.97099906
2017,6,28,-0.18512386,-1.1095046,2,1.1248428
2017,6,29,-0.0169224199,-1.055653,2,1.0557886
2017,6,30,-0.0375124924,-0.93970782,2,0.94045627
2017,7,1,-0.21294537,-0.92071056,2,0.94501513
2017,7,2,-0.40704432,-0.77475709,2,0.87517631
2017,7,3,-0.27333507,-0.7222113,2,0.77220541
2017,7,4,-0.0321886986,-0.91012651,2,0.91069555
2017,7,5,0.19831897,-1.0262388,3,1.0452255
2017,7,6,0.19463062,-1.1046995,3,1.1217139
2017,7,7,0.15168466,-1.2032959,3,1.2128187
2017,7,8,0.0281139426,-1.019027,3,1.0194148
2017,7,9,-0.0923551768,-0.61388963,2,0.62079781
2017,7,10,-0.19343828,-0.41292021,2,0.45598406
2017,7,11,-0.071484454,-0.57488889,2,0.5793162
2017,7,12,0.0734323859,-0.5751065,3,0.57977563
2017,7,13,0.3069652,-0.91691554,3,0.9669342
2017,7,14,0.36774629,-1.1327924,3,1.1909895
2017,7,15,0.54526782,-1.0724343,3,1.2030928
2017,7,16,0.77182138,-1.1019713,3,1.3453805
2017,7,17,0.83347023,-1.1989553,3,1.460194
2017,7,18,0.65671957,-0.94925517,3,1.1542816
2017,7,19,0.6400969,-0.81688595,3,1.037799
2017,7,20,0.80902815,-0.78235239,4,1.125434
2017,7,21,0.88725168,-0.51005524,4,1.0234119
2017,7,22,0.98235857,-0.40383601,4,1.062126
2017,7,23,0.97766203,-0.00330492272,4,0.97766763
2017,7,24,1.1592029,0.28894672,5,1.1946722
2017,7,25,1.1086507,0.30075482,5,1.148721
2017,7,26,1.0746646,0.50687021,5,1.188201
2017,7,27,0.68677032,0.75635821,6,1.0216316
2017,7,28,0.25864509,1.1763684,6,1.2044666
2017,7,29,-0.000734537491,1.2730906,7,1.2730908
2017,7,30,-0.30136245,1.0454394,7,1.0880086
2017,7,31,-0.368999,0.70769978,7,0.79812235
2017,8,1,-0.12434813,0.60021228,7,0.61295778
2017,8,2,0.44970378,0.76970863,6,0.891451
2017,8,3,0.58829218,0.86505431,6,1.0461389
2017,8,4,0.42091793,0.65192538,6,0.77600169
2017,8,5,0.25868386,0.29161382,6,0.3898153
2017,8,6,-0.0843648314,0.17942269,7,0.19826731
2017,8,7,-0.36780253,0.12197597,8,0.38750076
2017,8,8,-0.65716267,-0.17800444,1,0.68084389
2017,8,9,-0.69753087,-0.19650894,1,0.72468275
2017,8,10,-0.5554232,0.0180042181,8,0.55571491
2017,8,11,-0.28580862,-0.0275040995,1,0.28712896
2017,8,12,-0.00280047208,-0.15175737,2,0.15178321
2017,8,13,0.16077794,-0.19549066,3,0.25311291
2017,8,14,-0.0345081687,-0.0586215556,2,0.0680242628
2017,8,15,-0.34306681,0.0412691124,8,0.34554014
2017,8,16,-0.23517582,0.33670434,7,0.41070363
2017,8,17,-0.079256475,0.19876444,7,0.21398339
2017,8,18,-0.17751659,0.1162864,8,0.21221374
2017,8,19,-0.19356827,-0.0620156825,1,0.20325999
2017,8,20,0.00128190219,0.10534714,6,0.10535494
2017,8,21,0.0884676874,-0.0161630474,4,0.0899320617
2017,8,22,-0.0765085071,-0.18935432,2,0.20422687
2017,8,23,-0.31976908,-0.55562776,2,0.64107293
2017,8,24,-0.54099041,-0.56772679,2,0.78420937
2017,8,25,-0.47996867,-0.68612128,2,0.83733648
2017,8,26,-0.51108217,-0.89647281,2,1.0319246
2017,8,27,-0.23560046,-1.1549267,2,1.1787125
2017,8,28,0.00307064829,-1.2513632,3,1.251367
2017,8,29,0.27356061,-0.93611532,3,0.97526783
2017,8,30,0.57650656,-0.76933128,3,0.96136904
2017,8,31,0.82936954,-0.32860678,4,0.89209652
2017,9,1,0.87204123,-0.19797772,4,0.89423209
2017,9,2,0.84533632,-0.0621475279,4,0.84761769
2017,9,3,0.8788566,-0.0538737364,4,0.88050628
2017,9,4,0.71533638,-0.22310401,4,0.74932075
2017,9,5,0.51461357,-0.26983461,4,0.58106613
2017,9,6,-0.00272598048,-0.24240902,2,0.24242435
2017,9,7,-0.22751237,-0.0993404984,1,0.24825473
2017,9,8,-0.13388947,-0.0856252238,1,0.15892787
2017,9,9,-0.15569118,-0.16717236,2,0.22844329
2017,9,10,-0.16263367,-0.22004314,2,0.27362144
2017,9,11,-0.2463021,-0.49544236,2,0.55328822
2017,9,12,-0.11452715,-0.60074615,2,0.61156553
2017,9,13,0.34309825,-0.6844644,3,0.76564217
2017,9,14,0.78193831,-0.72492969,4,1.0662788
2017,9,15,0.84730572,-0.85870492,3,1.2063586
2017,9,16,0.73424584,-0.85675329,3,1.1283364
2017,9,17,0.59884471,-0.52946204,4,0.79934037
2017,9,18,0.37035999,-0.13482079,4,0.39413595
2017,9,19,0.25453731,0.16075356,5,0.30104974
2017,9,20,0.37171477,0.37036583,5,0.5247311
2017,9,21,0.35208395,0.30470735,5,0.46562827
2017,9,22,0.085684903,0.42075723,6,0.42939323
2017,9,23,-0.0264366157,0.46898267,7,0.46972719
2017,9,24,-0.0140597848,0.31864306,7,0.3189531
2017,9,25,-0.12790836,0.26855436,7,0.29745921
2017,9,26,-0.13887285,0.44966498,7,0.47062114
2017,9,27,-0.0265739001,0.51496518,7,0.51565039
2017,9,28,0.0800663307,0.61746234,6,0.62263179
2017,9,29,0.00194458978,0.64199513,6,0.64199805
2017,9,30,0.00905787572,0.90610826,6,0.9061535
2017,10,1,0.25274402,0.7216624,6,0.76464117
2017,10,2,0.18484898,0.40694943,6,0.44696417
2017,10,3,-0.2040419,0.00279724621,8,0.20406106
2017,10,4,-0.46237695,-0.45953622,1,0.65189415
2017,10,5,-0.27745289,-0.77180988,2,0.82016498
2017,10,6,0.1951891,-0.71179789,3,0.73807526
2017,10,7,0.75298262,-0.57974374,4,0.95030814
2017,10,8,1.1039217,-0.57369071,4,1.2440916
2017,10,9,1.4615445,-0.243379,4,1.48167
2017,10,10,1.7623653,-0.22183298,4,1.7762717
2017,10,11,2.0174034,-0.18461388,4,2.0258329
2017,10,12,2.3080084,-0.0773434862,4,2.309304
2017,10,13,2.5636463,0.091133967,5,2.5652657
2017,10,14,2.8316875,0.0654510856,5,2.8324437
2017,10,15,3.1893549,0.39319465,5,3.2135007
2017,10,16,3.2231357,0.65535796,5,3.2890878
2017,10,17,3.0127673,1.1914735,5,3.2398112
2017,10,18,2.8823371,1.7137229,5,3.3533137
2017,10,19,2.5014393,2.0601318,5,3.2405775
2017,10,20,2.1036205,2.1417756,6,3.0020697
2017,10,21,1.614035,2.4119885,6,2.9022055
2017,10,22,1.1398256,2.5733392,6,2.8144763
2017,10,23,0.30373371,2.3729122,6,2.3922722
2017,10,24,-0.39799654,2.2542872,7,2.289151
2017,10,25,-0.49261066,2.3466132,7,2.3977611
2017,10,26,-0.64255929,2.50896,7,2.5899348
2017,10,27,-1.0443553,2.2052717,7,2.4400618
2017,10,28,-1.3303103,1.7707218,7,2.2147644
2017,10,29,-1.261277,1.486415,7,1.9494228
2017,10,30,-1.0369291,1.0143499,8,1.4505613
2017,10,31,-0.80910003,0.8104704,7,1.1452097
2017,11,1,-0.71773189,0.46197003,8,0.85355455
2017,11,2,-0.67943972,0.22630677,8,0.71613759
2017,11,3,-0.71957064,-0.25999731,1,0.76510161
2017,11,4,-0.60936695,-0.44787243,1,0.75625247
2017,11,5,-0.44922012,-0.48802415,2,0.66329956
2017,11,6,-0.18823859,-0.5798769,2,0.60966468
2017,11,7,0.0886952877,-0.72787553,3,0.73325962
2017,11,8,0.47550964,-0.65021014,3,0.80553252
2017,11,9,0.80099672,-0.3610191,4,0.87859577
2017,11,10,0.81858546,-0.0289570987,4,0.81909746
2017,11,11,0.88307101,0.37246203,5,0.95840615
2017,11,12,0.73387182,0.54029703,5,0.91131151
2017,11,13,0.45530289,0.4487232,5,0.63925993
2017,11,14,0.19811831,0.41581002,6,0.46059617
2017,11,15,0.12191575,0.48206943,6,0.4972468
2017,11,16,0.27366501,0.35117379,6,0.44521406
2017,11,17,0.52233082,0.21894841,5,0.56636375
2017,11,18,0.63324744,0.18258016,5,0.65904313
2017,11,19,0.48011506,0.26105931,5,0.54650015
2017,11,20,0.46080467,0.0389668122,5,0.46244931
2017,11,21,0.35533226,-0.0191734824,4,0.35584918
2017,11,22,0.28116429,-0.33338419,3,0.43611738
2017,11,23,0.31784475,-0.63078785,3,0.70634168
2017,11,24,0.57967639,-0.69045794,3,0.90153033
2017,11,25,0.79369593,-0.62291127,4,1.0089458
2017,11,26,1.0696037,-0.75142741,4,1.3071706
2017,11,27,1.3298465,-1.06111,4,1.7013073
2017,11,28,1.272282,-1.2889439,3,1.8110986
2017,11,29,1.2404928,-0.80838591,4,1.4806453
2017,11,30,1.6877264,-0.30495593,4,1.7150564
2017,12,1,1.7021729,-0.0444139577,4,1.7027522
2017,12,2,1.9797446,0.40486252,5,2.0207181
2017,12,3,1.9350177,0.90023339,5,2.1341774
2017,12,4,1.7721282,1.0605502,5,2.0652373
2017,12,5,1.3851986,1.1289363,5,1.786973
2017,12,6,1.0428897,1.3074851,6,1.6724641
2017,12,7,0.57303745,1.3792496,6,1.4935532
2017,12,8,0.18254638,1.7369124,6,1.7464787
2017,12,9,-0.0919204056,1.4539659,7,1.4568686
2017,12,10,-0.13696849,1.1424623,7,1.1506435
2017,12,11,-0.0190859139,0.83653772,7,0.83675539
2017,12,12,0.14702296,0.80490041,6,0.81821781
2017,12,13,0.3258847,0.97119159,6,1.0244091
2017,12,14,0.33116895,1.3446184,6,1.3848002
2017,12,15,0.22375557,1.7776496,6,1.7916765
2017,12,16,0.0227482952,1.8434802,6,1.8436205
2017,12,17,-0.28983,1.7230432,7,1.7472491
2017,12,18,-0.61672062,1.6434332,7,1.7553396
2017,12,19,-0.84480494,1.4276333,7,1.6588646
2017,12,20,-0.99050736,1.2541485,7,1.5981218
2017,12,21,-1.0594785,0.89468545,8,1.3867072
2017,12,22,-1.1040044,0.82509786,8,1.3782642
2017,12,23,-0.97407836,0.57995665,8,1.1336571
2017,12,24,-0.95763427,0.35353667,8,1.0208093
2017,12,25,-0.91771388,-0.0354445465,1,0.91839808
2017,12,26,-0.86928034,-0.0353660583,1,0.86999947
2017,12,27,-0.84400547,-0.15228978,1,0.85763478
2017,12,28,-1.0080585,-0.49530885,1,1.1231709
2017,12,29,-0.77727425,-0.89685214,2,1.186802
2017,12,30,-0.71270186,-1.4761374,2,1.6391844
2017,12,31,-0.65097052,-1.7974317,2,1.9116808
2018,1,1,-0.44393876,-1.6069541,2,1.6671481
2018,1,2,-0.29330477,-1.4267259,2,1.4565625
2018,1,3,-0.42633396,-1.51802,2,1.5767515
2018,1,4,-0.44470224,-1.4485096,2,1.515236
2018,1,5,-0.58529443,-1.5959452,2,1.6998855
2018,1,6,-0.67782521,-2.013113,2,2.1241636
2018,1,7,-0.5799526,-2.1559579,2,2.2325993
2018,1,8,-0.38818267,-2.1664898,2,2.2009916
2018,1,9,-0.0751588345,-2.0908232,2,2.0921736
2018,1,10,0.22652698,-1.7697693,3,1.7842079
2018,1,11,0.31053272,-1.7738509,3,1.8008269
2018,1,12,0.21335761,-1.858059,3,1.8702687
2018,1,13,0.34135967,-1.7507112,3,1.7836806
2018,1,14,0.72989935,-1.8506349,3,1.9893725
2018,1,15,1.0078861,-1.7300385,3,2.0022156
2018,1,16,1.5666181,-1.5907636,3,2.2326713
2018,1,17,1.9600886,-1.3492881,4,2.3796062
2018,1,18,1.9794598,-1.3762423,4,2.410872
2018,1,19,2.0107772,-1.0244405,4,2.2567019
2018,1,20,1.9836758,-0.81224626,4,2.1435282
2018,1,21,1.9081281,-0.5297085,4,1.9802889
2018,1,22,1.7553903,-0.18075958,4,1.7646725
2018,1,23,1.7169409,0.33346361,5,1.7490237
2018,1,24,1.8648996,0.78376311,5,2.0229027
2018,1,25,1.9816059,1.2290298,5,2.3317966
2018,1,26,2.1863546,1.4720666,5,2.6357403
2018,1,27,2.417726,1.9049447,5,3.078021
2018,1,28,2.4718513,2.4166622,5,3.4569213
2018,1,29,1.9763893,3.163697,6,3.730294
2018,1,30,1.3050488,3.5726507,6,3.8035491
2018,1,31,0.69968909,3.7206075,6,3.7858269
2018,2,1,0.25492892,3.6656532,6,3.6745071
2018,2,2,-0.28658509,3.3561056,7,3.3683195
2018,2,3,-0.88864446,3.2568574,7,3.375916
2018,2,4,-1.1869627,3.3024468,7,3.5092785
2018,2,5,-1.294,3.281743,7,3.5276442
2018,2,6,-1.5451323,3.300431,7,3.6442118
2018,2,7,-1.6458524,3.2444119,7,3.6379993
2018,2,8,-1.5705069,3.0863132,7,3.4629209
2018,2,9,-1.4160571,2.7252104,7,3.0711544
2018,2,10,-1.488229,2.2799304,7,2.7226655
2018,2,11,-1.5568233,2.1918004,7,2.688436
2018,2,12,-1.3064252,2.1248958,7,2.4943793
2018,2,13,-0.95250583,1.8562901,7,2.0864036
2018,2,14,-0.91520184,1.872752,7,2.0844171
2018,2,15,-0.88301265,1.8931955,7,2.0889952
2018,2,16,-0.92632115,1.9425061,7,2.1520689
2018,2,17,-0.71713787,1.6758947,7,1.822885
2018,2,18,-0.8035906,1.2513548,7,1.4871607
2018,2,19,-1.3083916,0.71506822,8,1.4910436
2018,2,20,-1.3629222,0.22822933,8,1.3818992
2018,2,21,-1.3534981,-0.20612475,1,1.3691036
2018,2,22,-1.366286,-0.77616775,1,1.5713605
2018,2,23,-1.5251356,-1.3536655,1,2.0392275
2018,2,24,-1.5856116,-1.6088594,2,2.2588918
2018,2,25,-1.341607,-1.6994805,2,2.1652122
2018,2,26,-1.0104759,-1.7941047,2,2.0590954
2018,2,27,-0.70078611,-1.7306364,2,1.8671378
2018,2,28,-0.19579953,-1.4627155,2,1.4757622
2018,3,1,0.0226173513,-1.3445482,3,1.3447385
2018,3,2,0.0986033529,-1.1149383,3,1.1192899
2018,3,3,0.22918513,-1.2626983,3,1.2833288
2018,3,4,0.35630643,-1.0982392,3,1.1545924
2018,3,5,0.56423098,-1.2364362,3,1.3590921
2018,3,6,0.84297425,-1.3832606,3,1.6198814
2018,3,7,1.1927625,-1.569943,3,1.9716499
2018,3,8,1.2621713,-1.4532843,3,1.9248667
2018,3,9,1.1335882,-1.4778594,3,1.8625494
2018,3,10,0.64471686,-1.2324148,3,1.3908652
2018,3,11,0.16156182,-1.0852115,3,1.0971719
2018,3,12,0.18539502,-1.0159401,3,1.0327175
2018,3,13,0.3926436,-0.83457142,3,0.92232233
2018,3,14,0.54436415,-0.59923565,3,0.80957747
2018,3,15,0.74825162,-0.42928341,4,0.8626498
2018,3,16,0.61922461,-0.32535127,4,0.69949448
2018,3,17,0.16061641,-0.5603295,3,0.58289516
2018,3,18,0.0514562242,-0.50171721,3,0.50434899
2018,3,19,0.26141956,-0.0571976714,4,0.26760375
2018,3,20,0.44186378,0.15455821,5,0.46811521
2018,3,21,0.71271503,0.1984126,5,0.73981774
2018,3,22,0.77880287,-0.21164595,4,0.80704892
2018,3,23,0.79860198,-0.28342566,4,0.84740496
2018,3,24,0.53519952,0.0924502462,5,0.54312575
2018,3,25,0.40819675,0.68957365,6,0.80133414
2018,3,26,0.18875033,1.1188281,6,1.1346377
2018,3,27,0.1104162,1.4300783,6,1.4343345
2018,3,28,-0.0798909068,1.5741135,7,1.5761395
2018,3,29,-0.37130415,1.7155566,7,1.7552781
2018,3,30,-0.73861611,1.4469981,7,1.6246099
2018,3,31,-0.91135144,1.4047041,7,1.6744417
2018,4,1,-0.96659964,1.74535,7,1.9951344
2018,4,2,-1.1968759,1.8393563,7,2.1944802
2018,4,3,-1.791031,1.8952563,7,2.6076405
2018,4,4,-2.2912319,1.5311303,8,2.7557402
2018,4,5,-2.3751769,0.96903646,8,2.565248
2018,4,6,-2.3833575,0.33780286,8,2.4071777
2018,4,7,-2.60957,0.0155513836,8,2.6096163
2018,4,8,-2.7289438,-0.17879032,1,2.7347944
2018,4,9,-2.566251,-0.18308941,1,2.5727739
2018,4,10,-2.1766536,-0.43738294,1,2.2201633
2018,4,11,-1.6459824,-0.97137314,1,1.9112363
2018,4,12,-1.2506794,-1.4188911,2,1.891415
2018,4,13,-0.71163142,-1.8214086,2,1.955492
2018,4,14,-0.47407728,-2.0089233,2,2.0641031
2018,4,15,-0.0898908749,-1.9017907,2,1.903914
2018,4,16,0.0530185923,-1.8626517,3,1.8634062
2018,4,17,0.0795804411,-1.5485998,3,1.5506432
2018,4,18,0.4901531,-1.1922729,3,1.2890946
2018,4,19,0.37382945,-0.88306999,3,0.95893747
2018,4,20,0.42134821,-0.70512342,3,0.82142156
2018,4,21,0.32550225,-0.45673171,3,0.56085253
2018,4,22,0.22804512,-0.30199879,3,0.37842813
2018,4,23,0.30505052,-0.0449524149,4,0.30834484
2018,4,24,0.42590731,0.10064063,5,0.43763635
2018,4,25,0.4708133,0.27965608,5,0.54760635
2018,4,26,0.35466731,0.21021909,5,0.41228747
2018,4,27,0.0547806472,0.25549391,6,0.26130071
2018,4,28,-0.14376962,0.10334485,8,0.17705892
2018,4,29,-0.21162544,0.25178668,7,0.32891011
2018,4,30,-0.30203164,0.3661221,7,0.47462457
2018,5,1,-0.42828152,0.56590587,7,0.70970029
2018,5,2,-0.40875918,0.544074,7,0.68051493
2018,5,3,-0.36376897,0.65026104,7,0.74509549
2018,5,4,-0.50455594,0.57714623,7,0.7665993
2018,5,5,-1.2139605,0.44655427,8,1.2934879
2018,5,6,-1.6864289,0.33955279,8,1.7202729
2018,5,7,-1.5887766,0.11974765,8,1.5932829
2018,5,8,-1.6888498,-0.13669769,1,1.694373
2018,5,9,-1.9654984,-0.41599393,1,2.0090384
2018,5,10,-2.0348577,-0.49597991,1,2.0944312
2018,5,11,-2.0174882,-0.69546604,1,2.1339943
2018,5,12,-2.0783472,-0.91724265,1,2.2717528
2018,5,13,-2.3201554,-1.0976564,1,2.5667043
2018,5,14,-2.190243,-1.16205,1,2.4794202
2018,5,15,-1.8495517,-1.1889566,1,2.1987405
2018,5,16,-1.6316742,-1.2110164,1,2.0319748
2018,5,17,-1.468318,-1.3958055,1,2.0258901
2018,5,18,-1.2262402,-1.5980427,2,2.0143003
2018,5,19,-1.1982733,-1.740163,2,2.1128242
2018,5,20,-1.2470933,-1.7169131,2,2.122035
2018,5,21,-1.2979224,-1.6366019,2,2.0887959
2018,5,22,-1.1376656,-1.6541451,2,2.0076053
2018,5,23,-0.97308785,-1.7501293,2,2.0024617
2018,5,24,-0.8351047,-1.6165065,2,1.819476
2018,5,25,-0.6114285,-1.7393143,2,1.8436537
2018,5,26,-0.51622486,-1.9322069,2,1.9999778
2018,5,27,-0.28877327,-1.8144586,2,1.8372942
2018,5,28,0.22548807,-1.6191037,3,1.6347299
2018,5,29,0.80179191,-1.4857757,3,1.6883126
2018,5,30,1.1130691,-0.98217702,4,1.4844509
2018,5,31,1.2644073,-0.33535403,4,1.3081238
2018,6,1,1.2612472,0.0453177094,5,1.262061
2018,6,2,1.2144095,0.42673928,5,1.287205
2018,6,3,1.3972422,0.75732571,5,1.5892854
2018,6,4,1.3293145,0.83625799,5,1.570479
2018,6,5,0.90550756,1.0463798,6,1.3837827
2018,6,6,0.52351153,1.0643373,6,1.186119
2018,6,7,0.49492472,1.0412596,6,1.1528972
2018,6,8,0.26045325,0.84484196,6,0.88407797
2018,6,9,-0.10660669,0.40180048,7,0.41570255
2018,6,10,-0.16692236,0.3359063,7,0.3750948
2018,6,11,0.0277316477,0.32679775,6,0.32797226
2018,6,12,0.16931161,0.11762679,5,0.20616131
2018,6,13,0.0498135127,0.1469169,6,0.15513207
2018,6,14,-0.0609716028,0.19289407,7,0.20230091
2018,6,15,-0.25873721,-0.28036436,2,0.38150901
2018,6,16,-0.68783116,-0.38729283,1,0.78937155
2018,6,17,-1.2348634,-0.30025023,1,1.2708414
2018,6,18,-1.5939581,-0.28494421,1,1.6192269
2018,6,19,-1.5696023,-0.30662534,1,1.5992718
2018,6,20,-1.4268539,-0.42809525,1,1.4896904
2018,6,21,-1.1175938,-0.52465308,1,1.234616
2018,6,22,-0.90570575,-0.71275884,1,1.1525311
2018,6,23,-0.85807192,-0.79898322,1,1.1724597
2018,6,24,-0.84531736,-0.92719024,2,1.2546885
2018,6,25,-0.89372927,-1.1121809,2,1.426779
2018,6,26,-1.0190529,-1.1915473,2,1.5678819
2018,6,27,-1.2045803,-1.1672759,1,1.677363
2018,6,28,-1.2909766,-1.1064218,1,1.7002324
2018,6,29,-1.1592147,-1.0538663,1,1.5666566
2018,6,30,-0.68330181,-0.8485527,2,1.0894692
2018,7,1,-0.37363681,-0.65852475,2,0.75713891
2018,7,2,-0.2585426,-0.46752971,2,0.53425491
2018,7,3,-0.22416453,-0.30116257,2,0.37543124
2018,7,4,-0.11933185,-0.0521448441,1,0.1302274
2018,7,5,0.116817,0.3174096,6,0.3382234
2018,7,6,0.2615107,0.37889469,6,0.46037921
2018,7,7,0.62182409,0.14729409,5,0.63903111
2018,7,8,1.0722049,-0.10088408,4,1.0769405
2018,7,9,1.203851,-0.25575033,4,1.2307174
2018,7,10,1.33678,-0.23125836,4,1.3566359
2018,7,11,1.4674639,0.027506005,5,1.4677216
2018,7,12,1.509774,0.27404666,5,1.5344442
2018,7,13,1.6564521,0.62683266,5,1.771088
2018,7,14,1.8528197,0.98867857,5,2.1001015
2018,7,15,2.0150547,1.445595,5,2.4799578
2018,7,16,1.926083,1.6857586,5,2.5596049
2018,7,17,2.0473194,1.7765434,5,2.71065
2018,7,18,2.0248284,1.7474195,5,2.6745851
2018,7,19,1.6614412,1.8118862,6,2.4583163
2018,7,20,1.1777747,1.9337348,6,2.264174
2018,7,21,0.66320837,1.850364,6,1.9656277
2018,7,22,0.49767247,2.0015545,6,2.0624981
2018,7,23,0.38585776,2.0781689,6,2.1136868
2018,7,24,0.2564722,1.8740541,6,1.8915223
2018,7,25,0.240769,1.789006,6,1.805135
2018,7,26,0.3319287,1.3982744,6,1.4371319
2018,7,27,0.33843437,1.3289939,6,1.3714091
2018,7,28,0.26551932,1.1581541,6,1.188201
2018,7,29,0.20749927,0.86052519,6,0.885189
2018,7,30,0.12971084,0.74457353,6,0.75578743
2018,7,31,0.17812906,1.0681936,6,1.0829439
2018,8,1,0.0608671606,1.3762906,6,1.3776358
2018,8,2,-0.0451754071,1.7328078,7,1.7333965
2018,8,3,-0.20984204,1.5660566,7,1.5800529
2018,8,4,-0.0268117189,1.1915506,7,1.1918522
2018,8,5,0.27326369,1.5388963,6,1.5629699
2018,8,6,0.23945819,1.7934958,6,1.8094108
2018,8,7,0.28407916,1.5550873,6,1.5808218
2018,8,8,0.30041558,1.4643815,6,1.4948788
2018,8,9,0.2291864,1.7278634,6,1.7429969
2018,8,10,0.22052382,2.1282742,6,2.1396687
2018,8,11,0.18185037,2.3890896,6,2.3960006
2018,8,12,0.1524142,2.2897184,6,2.2947855
2018,8,13,0.24262773,2.0133824,6,2.0279491
2018,8,14,0.0834699199,1.5624855,6,1.5647134
2018,8,15,0.0314090885,1.1435364,6,1.1439677
2018,8,16,0.29761893,0.93769896,6,0.98379689
2018,8,17,0.62221694,0.66186327,6,0.90841448
2018,8,18,0.60384762,0.38022518,5,0.71358472
2018,8,19,0.60643327,0.0848757997,5,0.61234403
2018,8,20,0.61691821,0.0877037346,5,0.6231212
2018,8,21,0.5982033,0.0396724232,5,0.59951735
2018,8,22,0.48648143,-0.13937791,4,0.50605375
2018,8,23,0.60304314,-0.21603021,4,0.6405701
2018,8,24,0.59031081,-0.12434397,4,0.60326469
2018,8,25,0.76352257,-0.20012815,4,0.78931487
2018,8,26,0.72217488,-0.28624895,4,0.77683657
2018,8,27,0.45347542,-0.25745249,4,0.52146119
2018,8,28,0.30403349,-0.00801955909,4,0.30413923
2018,8,29,0.25403857,0.20728198,5,0.32787409
2018,8,30,0.47800374,0.41210786,5,0.63112634
2018,8,31,0.58642554,0.53296685,5,0.79243207
2018,9,1,0.38793743,0.68312532,6,0.78559256
2018,9,2,0.21273251,0.60558844,6,0.64186639
2018,9,3,-0.16879307,0.26355338,7,0.31297201
2018,9,4,-0.90286279,0.38360241,8,0.98097503
2018,9,5,-1.2093281,0.68874586,8,1.3917059
2018,9,6,-1.1049639,0.45236021,8,1.1939745
2018,9,7,-1.0427727,0.54434091,8,1.1763
2018,9,8,-0.98723388,0.3713097,8,1.0547519
2018,9,9,-1.3304496,0.20562294,8,1.3462454
2018,9,10,-1.3819174,0.38001037,8,1.4332144
2018,9,11,-1.2911477,0.20509136,8,1.307335
2018,9,12,-0.92355371,0.12573542,8,0.93207341
2018,9,13,-0.63897735,-0.14092569,1,0.65433335
2018,9,14,-0.2754952,-0.30738455,2,0.41277459
2018,9,15,0.20111895,-0.39363706,3,0.44203955
2018,9,16,0.3554962,-0.43236887,3,0.55975032
2018,9,17,0.43941048,-0.53268236,3,0.6905303
2018,9,18,0.36443409,-0.2450781,4,0.4391759
2018,9,19,0.36602771,0.0580072589,5,0.37059563
2018,9,20,0.0896031335,0.13554688,6,0.16248593
2018,9,21,-0.45247376,0.41761652,8,0.61574024
2018,9,22,-0.96632719,0.66845071,8,1.1749955
2018,9,23,-1.2728779,0.87749273,8,1.546031
2018,9,24,-1.4271654,0.90176994,8,1.6881914
2018,9,25,-1.5233027,0.88906687,8,1.7637718
2018,9,26,-1.525318,0.77341914,8,1.7101966
2018,9,27,-1.5666386,0.72509593,8,1.7263026
2018,9,28,-1.6934955,0.48174533,8,1.7606833
2018,9,29,-1.8730412,0.45443794,8,1.9273809
2018,9,30,-2.0255082,0.22743028,8,2.0382364
2018,10,1,-2.0964348,0.094981581,8,2.0985854
2018,10,2,-2.1765246,-0.0919726193,1,2.178467
2018,10,3,-2.1745584,-0.27498481,1,2.1918762
2018,10,4,-1.8863103,-0.49947488,1,1.951318
2018,10,5,-1.8667109,-0.65344298,1,1.9777758
2018,10,6,-1.8114079,-0.87778521,1,2.0128849
2018,10,7,-2.0163126,-0.9996627,1,2.2505205
2018,10,8,-1.7548569,-1.3306212,1,2.2022886
2018,10,9,-1.579702,-1.5143051,1,2.188282
2018,10,10,-1.4072213,-1.6921914,2,2.2008598
2018,10,11,-1.2256738,-1.8467965,2,2.2165139
2018,10,12,-0.95807779,-1.8842866,2,2.1138706
2018,10,13,-0.52544028,-1.6920618,2,1.7717676
2018,10,14,-0.37552556,-1.4825215,2,1.5293428
2018,10,15,-0.34067303,-1.0924909,2,1.1443752
2018,10,16,-0.0819643959,-1.019286,2,1.0225762
2018,10,17,0.154828,-0.58378124,3,0.60396379
2018,10,18,0.0359147564,-0.27843636,3,0.28074306
2018,10,19,-0.32103792,0.0121867489,8,0.32126915
2018,10,20,-0.38954294,0.22262119,8,0.44866902
2018,10,21,-0.50372261,0.10680985,8,0.51492214
2018,10,22,-0.22937454,0.13282798,8,0.2650584
2018,10,23,-0.24522078,0.13159505,8,0.27829927
2018,10,24,-0.29395258,0.49962375,7,0.57968271
2018,10,25,-0.28717491,0.73531258,7,0.78940105
2018,10,26,-0.55773324,0.90133184,7,1.0599365
2018,10,27,-0.65824318,1.0504886,7,1.2396815
2018,10,28,-0.82033986,0.95607871,7,1.2597793
2018,10,29,-0.87622982,0.74851012,8,1.1524088
2018,10,30,-1.1125852,0.31381091,8,1.1559944
2018,10,31,-1.528079,-0.16657801,1,1.5371317
2018,11,1,-1.5263304,-1.0012102,1,1.8254057
2018,11,2,-1.6773471,-1.3992559,1,2.1843557
2018,11,3,-1.1696693,-1.3646832,2,1.7973554
2018,11,4,-0.88283938,-1.5775219,2,1.8077557
2018,11,5,-0.46336374,-1.6192052,2,1.6842006
2018,11,6,-0.0899831802,-1.768801,2,1.7710884
2018,11,7,0.24257326,-1.5136205,3,1.5329347
2018,11,8,0.72394544,-1.448415,3,1.6192601
2018,11,9,1.0239681,-1.3112015,3,1.6636585
2018,11,10,1.3413841,-1.0306154,4,1.6915908
2018,11,11,1.5221896,-0.58632541,4,1.6312077
2018,11,12,1.5142864,-0.26206818,4,1.5367965
2018,11,13,1.4160939,0.029276669,5,1.4163965
2018,11,14,1.2979561,0.22888462,5,1.3179827
2018,11,15,0.86489558,0.46167591,5,0.98040247
2018,11,16,0.65911651,0.56210989,5,0.86625755
2018,11,17,0.78662044,0.43415639,5,0.89847845
2018,11,18,1.0525478,0.34718168,5,1.1083285
2018,11,19,0.80987,0.3744089,5,0.89222836
2018,11,20,0.64798874,0.34430951,5,0.73378366
2018,11,21,0.60565376,0.56166339,5,0.82600373
2018,11,22,0.47789055,0.89285815,6,1.0127068
2018,11,23,0.30775508,1.2013811,6,1.2401732
2018,11,24,-0.0211142935,1.2041248,7,1.2043099
2018,11,25,-0.29462674,1.2977545,7,1.3307786
2018,11,26,-0.70700747,1.1496282,7,1.3496312
2018,11,27,-0.9033531,1.0695852,7,1.4000212
2018,11,28,-0.91046149,0.85819972,8,1.2511781
2018,11,29,-1.145993,0.48378015,8,1.2439225
2018,11,30,-1.3057458,0.21651004,8,1.3235742
2018,12,1,-1.3890996,0.0660873652,8,1.3906708
2018,12,2,-1.5043652,-0.55643201,1,1.6039736
2018,12,3,-1.5047063,-1.0957274,1,1.8613864
2018,12,4,-1.361128,-1.6639876,2,2.1497731
2018,12,5,-0.78105044,-1.9381745,2,2.0896316
2018,12,6,-0.36081445,-2.0978637,2,2.1286659
2018,12,7,-0.18373753,-2.034014,2,2.0422959
2018,12,8,-0.0560973138,-1.7548391,2,1.7557355
2018,12,9,0.18531445,-1.6492838,3,1.6596621
2018,12,10,0.72335273,-1.8196486,3,1.9581523
2018,12,11,1.2686795,-1.7311307,3,2.1462436
2018,12,12,1.4018811,-1.7504359,3,2.2426095
2018,12,13,1.6008148,-1.9072624,3,2.4900317
2018,12,14,1.6669238,-1.5764091,4,2.2942755
2018,12,15,1.8647531,-0.97853082,4,2.1059029
2018,12,16,2.1440749,-0.35917145,4,2.1739507
2018,12,17,1.9290732,-0.26148817,4,1.9467151
2018,12,18,1.9159143,-0.1364387,4,1.9207662
2018,12,19,1.9939355,-0.0358915813,4,1.9942584
2018,12,20,2.0809641,0.24130119,5,2.0949075
2018,12,21,2.4510977,0.31663942,5,2.4714653
2018,12,22,2.7826846,0.26332051,5,2.7951157
2018,12,23,2.6378527,0.38319016,5,2.6655397
2018,12,24,2.6879025,0.44300672,5,2.724165
2018,12,25,2.9967256,0.65140158,5,3.0667064
2018,12,26,2.9921722,0.90534353,5,3.1261384
2018,12,27,2.9150283,0.99195206,5,3.0791814
2018,12,28,2.6207955,0.97872722,5,2.7975841
2018,12,29,2.297962,1.0307127,5,2.5185308
2018,12,30,2.0543673,1.2822226,5,2.4216771
2018,12,31,1.9243855,1.6524482,5,2.5365024
2019,1,1,1.9583611,1.8801023,5,2.7147675
2019,1,2,1.1662581,1.7401143,6,2.0947926
2019,1,3,0.41717246,1.7975787,6,1.8453515
2019,1,4,-0.52186757,1.8970773,7,1.9675488
2019,1,5,-1.5975828,1.9418716,7,2.5145848
2019,1,6,-2.095988,1.5675036,8,2.617295
2019,1,7,-2.2463834,1.0126199,8,2.4640691
2019,1,8,-2.2676351,0.75162697,8,2.3889563
2019,1,9,-2.0221436,0.46032551,8,2.0738766
2019,1,10,-1.5972606,0.18187468,8,1.607582
2019,1,11,-0.9985407,0.11373957,8,1.0049976
2019,1,12,-0.7743085,0.11900159,8,0.7833997
2019,1,13,-0.4665516,-0.24095966,1,0.52510184
2019,1,14,0.14543235,-0.36007085,3,0.38833183
2019,1,15,0.57743526,-0.66311789,3,0.87929338
2019,1,16,0.75915498,-0.67929626,4,1.0187049
2019,1,17,0.99462867,-0.59490561,4,1.1589646
2019,1,18,1.1204866,-0.7354095,4,1.3402677
2019,1,19,1.3041248,-0.4235979,4,1.3711953
2019,1,20,1.6024454,-0.33468747,4,1.6370238
2019,1,21,1.7848642,0.23540103,5,1.8003205
2019,1,22,1.9324179,0.79974574,5,2.0913708
2019,1,23,1.8785466,1.2848923,5,2.2759364
2019,1,24,1.4838839,1.4031029,5,2.042207
2019,1,25,1.1249117,1.6733861,6,2.016345
2019,1,26,0.75717628,1.9535762,6,2.0951791
2019,1,27,0.6325143,2.0410392,6,2.1368003
2019,1,28,0.5812453,2.1032584,6,2.1820958
2019,1,29,0.54904699,1.7091042,6,1.7951294
2019,1,30,0.19551972,1.6724064,6,1.6837966
2019,1,31,-0.28932768,1.9311167,7,1.9526706
2019,2,1,-0.40538388,1.7362468,7,1.782944
2019,2,2,-0.21046911,1.5120668,7,1.5266445
2019,2,3,-0.18690717,1.6257458,7,1.6364546
2019,2,4,-0.13668962,1.4820392,7,1.4883294
2019,2,5,0.17495328,1.4880798,6,1.4983292
2019,2,6,0.37779379,1.4954093,6,1.5423932
2019,2,7,0.3628937,1.4628741,6,1.5072135
2019,2,8,0.44199008,1.3139213,6,1.3862699
2019,2,9,0.18139163,1.2484026,6,1.2615118
2019,2,10,-0.21472664,1.3100152,7,1.3274966
2019,2,11,-0.82621199,1.3751918,7,1.6043
2019,2,12,-1.19582,1.3616556,7,1.8122063
2019,2,13,-1.3668736,1.3302119,8,1.9073036
2019,2,14,-1.0635134,1.1502836,7,1.5665928
2019,2,15,-0.98974884,0.48493248,8,1.1021625
2019,2,16,-1.2690167,0.51203066,8,1.368422
2019,2,17,-1.4775602,0.73637033,8,1.6508863
2019,2,18,-1.5482274,0.59100401,8,1.6571946
2019,2,19,-1.8999178,0.47100192,8,1.9574295
2019,2,20,-2.1780326,0.45961452,8,2.2259991
2019,2,21,-2.1198573,0.32881841,8,2.1452076
2019,2,22,-2.2183921,0.2523059,8,2.2326939
2019,2,23,-2.1759374,0.0611280352,8,2.1767957
2019,2,24,-2.148016,-0.29832733,1,2.1686337
2019,2,25,-2.1785209,-0.46102998,1,2.2267694
2019,2,26,-1.910642,-0.87718838,1,2.1023827
2019,2,27,-1.4083643,-1.3681078,1,1.9634686
2019,2,28,-1.0193886,-1.8813767,2,2.139797
2019,3,1,-0.64505917,-2.2487738,2,2.3394625
2019,3,2,-0.32059526,-2.2911897,2,2.3135107
2019,3,3,0.4275696,-2.2383087,3,2.2787807
2019,3,4,0.91465342,-2.2205932,3,2.401588
2019,3,5,1.347535,-2.0595515,3,2.4612198
2019,3,6,1.8749745,-1.7158056,4,2.5415583
2019,3,7,2.0682576,-1.4995297,4,2.5546582
2019,3,8,2.0833361,-1.2852055,4,2.447865
2019,3,9,1.7268888,-0.98907465,4,1.9900788
2019,3,10,1.5155461,-0.8306787,4,1.7282671
2019,3,11,1.256608,-0.72928804,4,1.4529022
2019,3,12,0.99613911,-0.69763565,4,1.2161368
2019,3,13,0.83417112,-0.59289336,4,1.0234081
2019,3,14,0.41825971,-0.63429958,3,0.75978756
2019,3,15,0.17431189,-0.59849173,3,0.62335944
2019,3,16,0.0573426262,-0.56679052,3,0.56968385
2019,3,17,0.12647152,-0.38609144,3,0.40627778
2019,3,18,0.0716126785,-0.33897135,3,0.3464534
2019,3,19,0.0910823122,-0.37453038,3,0.38544649
2019,3,20,0.0922623277,-0.0803981423,4,0.12237728
2019,3,21,0.20838548,0.12876584,5,0.24495949
2019,3,22,0.33058548,0.4017089,6,0.52024686
2019,3,23,0.45486087,0.56798166,6,0.72766858
2019,3,24,0.25389233,0.3769955,6,0.45451835
2019,3,25,0.0698087066,0.27946657,6,0.28805348
2019,3,26,0.11245073,0.22122608,6,0.24816556
2019,3,27,0.25630033,0.0402181149,5,0.25943661
2019,3,28,0.50213432,0.00455649057,5,0.50215501
2019,3,29,0.54534209,0.0204929523,5,0.54572701
2019,3,30,0.46654728,-0.11290111,4,0.48001355
2019,3,31,0.31716207,0.0456729345,5,0.32043377
2019,4,1,0.0525664203,0.28824842,6,0.29300237
2019,4,2,-0.10032403,0.22933732,7,0.25032085
2019,4,3,-0.23291476,0.13717967,8,0.2703101
2019,4,4,-0.30852836,0.11339469,8,0.32870671
2019,4,5,-0.32652497,0.0636543483,8,0.33267167
2019,4,6,-0.30726349,0.21947278,8,0.37759656
2019,4,7,-0.13586776,0.0771223605,8,0.1562303
2019,4,8,-0.12697378,0.000496754423,8,0.12697475
2019,4,9,-0.3051208,-0.19631928,1,0.3628222
2019,4,10,-0.16002782,-0.21669264,2,0.26937819
2019,4,11,-0.10761258,-0.27381408,2,0.29420167
2019,4,12,-0.12894626,-0.23706844,2,0.26986772
2019,4,13,-0.37754473,-0.27459097,1,0.46684068
2019,4,14,-0.46278629,-0.39121804,1,0.60598904
2019,4,15,-0.44409543,-0.58198196,2,0.73206818
2019,4,16,-0.42028594,-0.73829621,2,0.84954196
2019,4,17,-0.34172827,-0.8730166,2,0.93751597
2019,4,18,-0.35796592,-1.0225496,2,1.0833962
2019,4,19,-0.40565521,-0.96037912,2,1.0425375
2019,4,20,-0.25576481,-1.1228714,2,1.1516318
2019,4,21,-0.40855128,-1.4179327,2,1.4756176
2019,4,22,-0.54800665,-2.1735208,2,2.2415404
2019,4,23,-0.39345929,-2.5623908,2,2.592423
2019,4,24,0.1013431,-2.5670171,3,2.5690167
2019,4,25,0.64775348,-2.4158554,3,2.501188
2019,4,26,1.096698,-2.101145,3,2.3701386
2019,4,27,1.4138603,-1.8437055,3,2.3234136
2019,4,28,1.5909885,-1.4561766,4,2.1567788
2019,4,29,1.5250781,-0.97451669,4,1.8098469
2019,4,30,1.8022357,-0.43400151,4,1.8537558
2019,5,1,1.8598329,0.13010213,5,1.8643779
2019,5,2,1.5961194,0.38595605,5,1.6421204
2019,5,3,1.1911453,0.74023604,5,1.4024181
2019,5,4,0.79396451,0.96460187,6,1.2493343
2019,5,5,0.38841933,1.2515244,6,1.3104132
2019,5,6,-0.1294513,1.5201659,7,1.5256678
2019,5,7,-0.13652205,1.5528141,7,1.558804
2019,5,8,-0.0395617224,1.5271856,7,1.5276979
2019,5,9,-0.0705736503,1.7579337,7,1.7593498
2019,5,10,-0.28882763,1.8265384,7,1.8492334
2019,5,11,-0.68679541,1.8122936,7,1.9380651
2019,5,12,-1.0640354,1.637743,7,1.9530421
2019,5,13,-1.4419619,1.3588039,8,1.9813132
2019,5,14,-1.6206772,0.73737931,8,1.7805401
2019,5,15,-1.6528311,0.47664443,8,1.7201862
2019,5,16,-1.536683,0.55801392,8,1.6348621
2019,5,17,-1.4780307,0.64832109,8,1.6139687
2019,5,18,-1.5305259,0.67380601,8,1.6722811
2019,5,19,-1.6168444,0.63335454,8,1.7364688
2019,5,20,-1.665875,0.55796432,8,1.7568333
2019,5,21,-1.5242913,0.49980119,8,1.6041399
2019,5,22,-1.6689177,0.37988934,8,1.7116081
2019,5,23,-1.8252472,0.26513922,8,1.844404
2019,5,24,-2.011127,0.20659602,8,2.0217106
2019,5,25,-2.0510795,0.0579833202,8,2.051899
2019,5,26,-2.1263011,-0.14817409,1,2.1314576
2019,5,27,-2.113781,-0.74560094,1,2.241426
2019,5,28,-1.847827,-1.3447068,1,2.2853229
2019,5,29,-1.7377561,-1.8061069,2,2.5063555
2019,5,30,-1.5230646,-2.2292805,2,2.699892
2019,5,31,-1.2424703,-2.6363573,2,2.9144659
2019,6,1,-0.6297214,-2.8039255,2,2.8737688
2019,6,2,-0.28722271,-2.4788706,2,2.4954553
2019,6,3,0.09386684,-2.167448,3,2.1694796
2019,6,4,0.56950724,-1.8289101,3,1.9155289
2019,6,5,0.81692713,-1.6034164,3,1.7995317
2019,6,6,0.50721747,-1.6196759,3,1.6972388
2019,6,7,0.26013771,-1.3828654,3,1.4071206
2019,6,8,0.15855806,-1.190134,3,1.2006497
2019,6,9,0.36791924,-0.8867358,3,0.96003383
2019,6,10,0.43450332,-0.88641036,3,0.987176
2019,6,11,0.54918605,-0.72079545,3,0.906174
2019,6,12,0.75873137,-0.63956016,4,0.99232578
2019,6,13,0.96213543,-0.74900997,4,1.2193115
2019,6,14,1.2803613,-0.63995153,4,1.4313849
2019,6,15,1.7430336,-0.28388619,4,1.7660005
2019,6,16,2.1929636,0.0406278558,5,2.1933398
2019,6,17,1.8744886,-0.019137878,4,1.8745862
2019,6,18,1.3708688,0.20371456,5,1.3859224
2019,6,19,0.89917046,0.34487206,5,0.96303904
2019,6,20,0.67608792,0.51001972,5,0.84688544
2019,6,21,0.43293074,0.61132663,6,0.74909902
2019,6,22,0.39557347,0.83588111,6,0.92475706
2019,6,23,0.26244989,0.68891656,6,0.73721504
2019,6,24,-0.0836358741,0.5128324,7,0.51960754
2019,6,25,-0.095783852,0.60287714,7,0.6104387
2019,6,26,-0.0403999388,0.90922117,7,0.91011828
2019,6,27,0.0219992604,1.0843143,6,1.0845375
2019,6,28,-0.0303899106,0.93924123,7,0.93973273
2019,6,29,-0.16101451,0.76713586,7,0.78385144
2019,6,30,-0.19537851,0.777219,7,0.80140013
2019,7,1,-0.21543929,0.59963506,7,0.63716269
2019,7,2,-0.19925413,0.23862028,7,0.3108727
2019,7,3,-0.74572831,-0.00612913538,1,0.74575353
2019,7,4,-1.0502442,-0.1658093,1,1.0632524
2019,7,5,-1.2480165,-0.26788712,1,1.2764437
2019,7,6,-1.5181421,-0.53711122,1,1.6103551
2019,7,7,-1.7880536,-0.42637178,1,1.8381863
2019,7,8,-1.4792826,-0.28307351,1,1.5061233
2019,7,9,-1.1187273,-0.43910521,1,1.201817
2019,7,10,-0.82641029,-0.55786127,1,0.99707729
2019,7,11,-0.75348455,-0.74088156,1,1.0567139
2019,7,12,-0.78948945,-0.56030273,1,0.96810782
2019,7,13,-0.49880424,-0.45447028,1,0.67479545
2019,7,14,-0.17030713,-0.44796649,2,0.47924784
2019,7,15,-0.0853193998,-0.32763666,2,0.33856341
2019,7,16,-0.14708117,-0.44537684,2,0.46903455
2019,7,17,-0.35923758,-0.44733608,2,0.57372576
2019,7,18,-0.51616579,-0.47383076,1,0.70067304
2019,7,19,-0.48595175,-0.62390417,2,0.79082584
2019,7,20,-0.83988935,-0.71470433,1,1.1028219
2019,7,21,-1.0175242,-0.87746572,1,1.3436152
2019,7,22,-0.79807985,-0.80222374,2,1.1315893
2019,7,23,-0.28343672,-0.68151116,2,0.73810154
2019,7,24,0.23774067,-0.33074209,3,0.40732169
2019,7,25,0.51828307,-0.25922346,4,0.57949471
2019,7,26,0.78171331,-0.36176494,4,0.86136496
2019,7,27,0.81447387,-0.44629088,4,0.92873204
2019,7,28,0.64739949,-0.37918717,4,0.75027263
2019,7,29,0.58167821,-0.38255382,4,0.6962018
2019,7,30,0.59413171,-0.20238151,4,0.62765497
2019,7,31,0.67405224,-0.0871506482,4,0.67966288
2019,8,1,0.74760091,0.13800615,5,0.76023209
2019,8,2,0.74910283,0.0261491239,5,0.7495591
2019,8,3,0.67354399,0.0211564731,5,0.67387617
2019,8,4,0.79632688,-0.0204374511,4,0.79658914
2019,8,5,0.96056825,-0.24290191,4,0.99080408
2019,8,6,1.0251797,-0.65559858,4,1.2168825
2019,8,7,1.280618,-0.79031831,4,1.504854
2019,8,8,1.4467798,-0.80845606,4,1.6573391
2019,8,9,1.6992762,-0.72377783,4,1.8469959
2019,8,10,1.8000921,-0.52965385,4,1.8763968
2019,8,11,1.5583699,-0.0346152745,4,1.5587543
2019,8,12,0.95671725,0.32033813,5,1.0089225
2019,8,13,0.35440436,0.31245363,5,0.47247192
2019,8,14,-0.15122221,0.26301289,7,0.30338743
2019,8,15,-0.11025655,0.37840265,7,0.3941384
2019,8,16,-0.11636087,0.3393636,7,0.35875827
2019,8,17,-0.46910131,0.0878073871,8,0.47724855
2019,8,18,-0.83213466,-0.0550819896,1,0.83395571
2019,8,19,-0.87334663,-0.12920773,1,0.88285279
2019,8,20,-0.7082659,-0.32441646,1,0.77902931
2019,8,21,-0.32005304,-0.62052733,2,0.6982035
2019,8,22,0.00240409793,-0.74435192,3,0.7443558
2019,8,23,0.22628416,-0.87245113,3,0.90131873
2019,8,24,0.31245735,-0.96436763,3,1.0137231
2019,8,25,0.86103666,-0.62075227,4,1.0614696
2019,8,26,1.1570234,-0.37210807,4,1.2153879
2019,8,27,1.0915583,-0.19711296,4,1.1092129
2019,8,28,0.77364641,-0.26103747,4,0.81649822
2019,8,29,0.9846223,-0.17377934,4,0.99984014
2019,8,30,0.98919815,-0.26381475,4,1.0237731
2019,8,31,0.80091339,-0.29584903,4,0.85380846
2019,9,1,0.77056301,0.0170183498,5,0.77075088
2019,9,2,0.95658052,0.18654114,5,0.97459936
2019,9,3,1.0200229,0.25974798,5,1.0525757
2019,9,4,0.93847817,0.73592383,5,1.1926128
2019,9,5,0.90171307,0.99854422,6,1.3454282
2019,9,6,0.86417276,0.95526212,6,1.2881461
2019,9,7,0.89151722,0.83841264,5,1.2238214
2019,9,8,1.2587651,1.0049505,5,1.6107188
2019,9,9,1.4235075,0.99070412,5,1.7343206
2019,9,10,1.3220911,0.7507779,5,1.5203922
2019,9,11,0.93328702,0.42952621,5,1.0273838
2019,9,12,0.37746564,0.44192472,6,0.58118653
2019,9,13,-0.19530553,0.57385814,7,0.60618263
2019,9,14,-0.62820303,0.77483195,7,0.99749869
2019,9,15,-0.94168866,0.80638033,8,1.2397689
2019,9,16,-1.2125008,0.71338856,8,1.4067982
2019,9,17,-1.4128609,0.57018757,8,1.5235779
2019,9,18,-1.8282536,0.37815362,8,1.8669524
2019,9,19,-1.9089057,0.36515135,8,1.9435166
2019,9,20,-1.6905596,0.22523099,8,1.7054973
2019,9,21,-1.7658271,-0.051569663,1,1.7665799
2019,9,22,-1.909688,-0.54931682,1,1.9871229
2019,9,23,-2.3816104,-0.9409464,1,2.5607514
2019,9,24,-2.600915,-1.0860437,1,2.8185546
2019,9,25,-2.7170579,-1.2839079,1,3.0051329
2019,9,26,-2.7215035,-1.3608904,1,3.0427954
2019,9,27,-2.4192865,-1.2850709,1,2.7394078
2019,9,28,-2.1127663,-1.3838178,1,2.5256155
2019,9,29,-1.8714691,-1.2133803,1,2.230401
2019,9,30,-1.6711385,-1.2910073,1,2.1117301
2019,10,1,-1.5754724,-1.1681216,1,1.9612805
2019,10,2,-1.7654244,-0.9244799,1,1.9928337
2019,10,3,-1.8336018,-0.59920406,1,1.9290259
2019,10,4,-1.6143329,-0.52474397,1,1.6974766
2019,10,5,-1.5713459,-0.45275828,1,1.6352731
2019,10,6,-1.5617962,-0.31817901,1,1.5938774
2019,10,7,-1.5687699,-0.31732723,1,1.6005423
2019,10,8,-1.580542,-0.22255154,1,1.5961335
2019,10,9,-1.4597788,0.0144089749,8,1.4598498
2019,10,10,-1.5155169,0.16521069,8,1.5244954
2019,10,11,-1.3159786,0.28032967,8,1.3455054
2019,10,12,-1.4402406,0.20037635,8,1.4541128
2019,10,13,-1.6082379,-0.0220783167,1,1.6083895
2019,10,14,-1.518792,-0.24884556,1,1.5390431
2019,10,15,-1.2853332,-0.44790834,1,1.3611404
2019,10,16,-1.119692,-0.69729561,1,1.3190646
2019,10,17,-1.1773418,-0.88502139,1,1.4728872
2019,10,18,-1.1387259,-1.2775086,2,1.7113518
2019,10,19,-1.2342861,-1.6118683,2,2.0301678
2019,10,20,-1.2970915,-1.86849,2,2.2745771
2019,10,21,-0.91797662,-2.0323291,2,2.230032
2019,10,22,-0.49646172,-2.0496318,2,2.1089013
2019,10,23,-0.34308514,-1.8984921,2,1.9292433
2019,10,24,-0.15232106,-1.409528,2,1.4177344
2019,10,25,0.10234705,-1.0080371,3,1.0132195
2019,10,26,0.22245243,-0.95850891,3,0.98398393
2019,10,27,0.38094637,-0.92464679,3,1.0000459
2019,10,28,0.47075677,-0.65139949,3,0.80369967
2019,10,29,0.62951881,-0.59627372,4,0.86708492
2019,10,30,0.74707162,-0.41545007,4,0.85481858
2019,10,31,1.1567075,-0.23119874,4,1.1795869
2019,11,1,1.5824169,0.17353325,5,1.5919036
2019,11,2,1.750524,0.52579427,5,1.8277839
2019,11,3,1.8295995,0.88454908,5,2.0322061
2019,11,4,1.9297038,1.1869113,5,2.2655056
2019,11,5,2.0932002,1.0350994,5,2.3351483
2019,11,6,1.9749087,1.0939293,5,2.2576416
2019,11,7,1.817062,1.5787601,5,2.407114
2019,11,8,1.1931143,1.9079025,6,2.2502475
2019,11,9,0.42355841,2.2805681,6,2.3195674
2019,11,10,-0.0530158952,2.2279525,7,2.2285831
2019,11,11,-0.60473019,2.0791001,7,2.1652613
2019,11,12,-1.2081536,1.8158494,7,2.181042
2019,11,13,-1.4641044,1.4552777,8,2.0643241
2019,11,14,-1.6437808,0.87274885,8,1.8611034
2019,11,15,-1.3441651,0.25705975,8,1.3685246
2019,11,16,-1.3910779,0.25850955,8,1.414894
2019,11,17,-1.4738196,0.32699966,8,1.5096599
2019,11,18,-1.7223767,0.37032032,8,1.7617375
2019,11,19,-1.5614045,0.14048567,8,1.5677118
2019,11,20,-1.2407793,-0.00618826784,1,1.2407947
2019,11,21,-1.0516248,-0.6602456,1,1.241708
2019,11,22,-0.65301925,-0.85287249,2,1.0741627
2019,11,23,-0.0366907232,-0.76334906,2,0.76423037
2019,11,24,0.32274005,-0.67703676,3,0.75002664
2019,11,25,0.11307983,-0.4226045,3,0.43747184
2019,11,26,-0.40776652,-0.23657903,1,0.47142676
2019,11,27,-0.64956033,-0.20393585,1,0.6808219
2019,11,28,-0.73251253,-0.40401694,1,0.83654308
2019,11,29,-0.72269344,-0.67564481,1,0.98933399
2019,11,30,-0.53749633,-0.48868671,1,0.72644132
2019,12,1,-0.36704993,-0.31464636,1,0.48345423
2019,12,2,-0.4625313,-0.3642002,1,0.58870792
2019,12,3,-0.53988332,-0.46505582,1,0.71256638
2019,12,4,-0.47820807,-0.5372687,2,0.71926391
2019,12,5,-0.42792362,-0.80959255,2,0.91572851
2019,12,6,-0.45921677,-1.0269798,2,1.1249745
2019,12,7,-0.39987871,-1.1094215,2,1.1792874
2019,12,8,-0.31490937,-0.99674022,2,1.0453033
2019,12,9,-0.44790334,-0.97552592,2,1.0734376
2019,12,10,-0.46797982,-0.86385638,2,0.9824729
2019,12,11,-0.37198594,-1.0920893,2,1.1537038
2019,12,12,-0.27456376,-1.3303275,2,1.3583654
2019,12,13,-0.14694789,-1.4989096,2,1.5060954
2019,12,14,-0.10295149,-1.5138714,2,1.517368
2019,12,15,0.16957989,-1.3206692,3,1.3315121
2019,12,16,0.32198766,-0.98503798,3,1.0363281
2019,12,17,0.48511866,-0.77891153,3,0.91762918
2019,12,18,0.4811357,-0.49783561,3,0.69233799
2019,12,19,0.48562816,-0.23035945,4,0.53749436
2019,12,20,0.42614132,-0.10477617,4,0.43883309
2019,12,21,0.4221065,0.13560931,5,0.44335514
2019,12,22,0.40202826,0.19027597,5,0.44478273
2019,12,23,0.58022803,0.55401957,5,0.80224824
2019,12,24,0.60856766,0.85157502,6,1.0466778
2019,12,25,0.530972,1.3008189,6,1.4050128
2019,12,26,0.3353959,1.4595418,6,1.4975823
2019,12,27,-0.021624025,1.4329205,7,1.4330835
2019,12,28,-0.32551655,1.1587359,7,1.2035904
2019,12,29,-0.67371005,0.97474039,7,1.1849068
2019,12,30,-0.68296784,0.67583859,8,0.96083444
2019,12,31,-0.46018589,0.42760435,8,0.62818509
2020,1,1,-0.43488729,0.10185266,8,0.44665524
2020,1,2,-0.3488636,0.0711828321,8,0.35605168
2020,1,3,-0.20854364,-0.0968054831,1,0.22991683
2020,1,4,0.17592983,-0.39364409,3,0.4311693
2020,1,5,0.6519109,-0.66428894,3,0.93073499
2020,1,6,1.4926015,-0.64652735,4,1.626609
2020,1,7,2.2428949,-0.6696586,4,2.3407307
2020,1,8,2.6523485,-0.55546004,4,2.7098873
2020,1,9,3.0931249,-0.42877507,4,3.1227024
2020,1,10,3.3624463,-0.18215919,4,3.367377
2020,1,11,3.5577629,0.60742354,5,3.6092436
2020,1,12,3.4317532,1.2857286,5,3.6647003
2020,1,13,3.0997558,1.9161406,5,3.6441846
2020,1,14,2.5025556,2.282433,5,3.3870761
2020,1,15,2.0120792,2.4837456,6,3.1964755
2020,1,16,1.9312092,2.7087276,6,3.3266761
2020,1,17,1.5173742,2.9663482,6,3.3319132
2020,1,18,0.87691742,2.9358387,6,3.0640061
2020,1,19,0.14623371,2.7539566,6,2.7578363
2020,1,20,-0.35535219,2.2682514,7,2.295918
2020,1,21,-0.75346988,2.0437512,7,2.1782184
2020,1,22,-0.97261178,2.0272198,7,2.2484648
2020,1,23,-0.8306343,1.7830598,7,1.9670424
2020,1,24,-0.47842368,1.2794083,7,1.3659337
2020,1,25,-0.34576282,0.77875584,7,0.85206372
2020,1,26,0.14680329,0.54624504,6,0.56562781
2020,1,27,0.29881379,0.59915918,6,0.6695382
2020,1,28,0.55734718,0.72521532,6,0.9146437
2020,1,29,0.71212828,1.0098958,6,1.2357249
2020,1,30,0.77026534,1.0091758,6,1.269545
2020,1,31,0.60763359,0.70925695,6,0.93395078
2020,2,1,0.32359233,0.70430702,6,0.77508736
2020,2,2,0.38602972,0.56929958,6,0.6878379
2020,2,3,0.5691995,0.43799838,5,0.7182135
2020,2,4,0.62350518,0.15147083,5,0.64164019
2020,2,5,0.98200089,-0.054749798,4,0.98352593
2020,2,6,1.2640014,0.0333437473,5,1.264441
2020,2,7,1.5382361,0.00576985348,5,1.538247
2020,2,8,1.553382,0.23610532,5,1.571223
2020,2,9,1.6505853,0.61796498,5,1.7624735
2020,2,10,1.3625598,0.86202985,5,1.6123476
2020,2,11,0.82344419,1.0402879,6,1.3267475
2020,2,12,0.50997156,1.1741341,6,1.2801023
2020,2,13,0.52364439,1.3292981,6,1.4287187
2020,2,14,0.7487101,1.4879286,6,1.6656826
2020,2,15,1.1775806,1.4567704,6,1.8731995
2020,2,16,1.3361071,1.3355688,5,1.8891603
2020,2,17,1.5269868,1.1277609,5,1.8982975
2020,2,18,1.3660785,1.2318423,5,1.8394581
2020,2,19,1.1077207,1.2570662,6,1.6754882
2020,2,20,0.39533356,1.1059489,6,1.1744835
2020,2,21,-0.37064442,0.80248326,7,0.88394386
2020,2,22,-0.56011736,0.87469959,7,1.0386678
2020,2,23,-0.81345534,0.85580647,7,1.1807262
2020,2,24,-0.94363195,0.51290113,8,1.0740153
2020,2,25,-0.81581414,0.39111,8,0.90472084
2020,2,26,-0.5853343,0.0770150721,8,0.59037918
2020,2,27,-0.11728658,-0.0962467343,1,0.15172203
2020,2,28,0.21511343,-0.22399946,3,0.31056327
2020,2,29,0.5808056,-0.56461334,4,0.81001443
2020,3,1,0.73953432,-1.1166931,3,1.339371
2020,3,2,0.98668325,-1.329989,3,1.6560237
2020,3,3,1.1776056,-1.3107544,3,1.7620534
2020,3,4,1.4531714,-0.88077307,4,1.6992551
2020,3,5,1.6724054,-0.39912501,4,1.7193722
2020,3,6,1.9079895,0.19189422,5,1.9176151
2020,3,7,1.9704471,0.52042413,5,2.0380144
2020,3,8,1.7402548,0.42641178,5,1.7917348
2020,3,9,1.1976219,0.75196242,5,1.4141237
2020,3,10,0.87086987,0.92146903,6,1.26788
2020,3,11,0.72022921,0.92949879,6,1.1758819
2020,3,12,0.45532367,0.92281258,6,1.02903
2020,3,13,0.16060282,1.1706109,6,1.1815766
2020,3,14,0.2817879,0.87383908,6,0.91814983
2020,3,15,0.22389531,0.16502219,5,0.27813923
2020,3,16,-0.36962983,-0.20434523,1,0.42235434
2020,3,17,-0.97185838,-0.42849484,1,1.0621283
2020,3,18,-1.0784789,-0.96956414,1,1.4502314
2020,3,19,-0.88503826,-1.5667089,2,1.7994081
2020,3,20,-0.52144265,-1.7223638,2,1.7995665
2020,3,21,-0.15545124,-1.6987362,2,1.705834
2020,3,22,0.12958363,-1.6772466,3,1.6822449
2020,3,23,0.61233407,-1.577966,3,1.6926103
2020,3,24,1.1967119,-1.6137974,3,2.0090947
2020,3,25,1.2332524,-1.4609454,3,1.9118768
2020,3,26,1.1572956,-1.2227865,3,1.6836091
2020,3,27,1.3920969,-1.0264536,4,1.7296071
2020,3,28,1.6491907,-0.74029851,4,1.8077255
2020,3,29,1.6664258,-0.74803561,4,1.8266177
2020,3,30,1.693296,-0.75211227,4,1.8528152
2020,3,31,1.303383,-0.51080871,4,1.3999046
2020,4,1,0.96398723,-0.19499511,4,0.98351133
2020,4,2,1.0557622,0.40092108,5,1.1293235
2020,4,3,0.83525455,0.72205305,5,1.1040882
2020,4,4,0.66881782,0.67928678,6,0.95328265
2020,4,5,0.54824549,0.62948185,6,0.83475775
2020,4,6,0.34377423,0.90967631,6,0.97246683
2020,4,7,0.27055785,0.9687832,6,1.0058541
2020,4,8,-0.18057361,1.1135449,7,1.128091
2020,4,9,-1.0731844,1.2726314,7,1.6647269
2020,4,10,-1.7423358,1.2350233,8,2.1356537
2020,4,11,-2.0694766,0.92561662,8,2.2670465
2020,4,12,-2.0027409,0.32651752,8,2.0291831
2020,4,13,-1.7106644,-0.18050198,1,1.720161
2020,4,14,-1.4303364,-0.55858922,1,1.5355403
2020,4,15,-1.0983729,-0.68030059,1,1.2919877
2020,4,16,-1.1035403,-0.84607261,1,1.3905538
2020,4,17,-1.1748331,-0.90156001,1,1.4808927
2020,4,18,-1.2736332,-0.86681467,1,1.5406199
2020,4,19,-1.404439,-1.1118915,1,1.7912989
2020,4,20,-1.4018552,-1.2244123,1,1.8612854
2020,4,21,-1.2417164,-1.5365841,2,1.9755887
2020,4,22,-0.75376219,-1.806934,2,1.9578478
2020,4,23,-0.45611969,-2.1518531,2,2.1996629
2020,4,24,-0.29305813,-2.2877862,2,2.3064797
2020,4,25,0.21268784,-2.2574673,3,2.2674644
2020,4,26,0.47566679,-2.0438828,3,2.0985031
2020,4,27,0.94940907,-1.7911307,3,2.0271966
2020,4,28,0.96522552,-1.7213159,3,1.9734712
2020,4,29,1.1393226,-1.4242921,3,1.8239144
2020,4,30,1.1299127,-1.2328955,3,1.6723439
2020,5,1,1.2140998,-0.74861801,4,1.4263475
2020,5,2,1.2814542,-0.42169985,4,1.3490573
2020,5,3,1.2698201,-0.11597686,4,1.2751054
2020,5,4,0.90922469,0.0996312201,5,0.91466713
2020,5,5,0.45483381,0.24480233,5,0.51652873
2020,5,6,0.2948679,0.33624759,6,0.44722423
2020,5,7,0.0266980156,0.19930071,6,0.20108096
2020,5,8,-0.38478762,0.16343381,8,0.41805756
2020,5,9,-0.55974239,0.0944776982,8,0.56765974
2020,5,10,-0.68242449,-0.28166607,1,0.73826754
2020,5,11,-0.55263501,-0.57613933,2,0.79833698
2020,5,12,-0.40844822,-0.93140608,2,1.0170287
2020,5,13,-0.32981685,-1.0452063,2,1.0960089
2020,5,14,-0.25247997,-1.1237992,2,1.151812
2020,5,15,-0.13548686,-1.164556,2,1.172411
2020,5,16,-0.16803062,-1.5861243,2,1.5949998
2020,5,17,-0.24019523,-1.8512219,2,1.8667395
2020,5,18,-0.0685452595,-1.7716261,2,1.7729516
2020,5,19,0.23099613,-1.3894941,3,1.4085642
2020,5,20,0.56170535,-1.2084734,3,1.3326368
2020,5,21,0.94140196,-0.79589993,4,1.2327589
2020,5,22,1.306197,0.0610487424,5,1.3076229
2020,5,23,1.4704154,0.77556175,5,1.6624131
2020,5,24,1.0516052,1.124702,6,1.5397494
2020,5,25,0.32177863,1.1613702,6,1.2051233
2020,5,26,-0.3523272,1.1953218,7,1.2461655
2020,5,27,-0.88370425,1.0397792,7,1.3645782
2020,5,28,-1.0938663,0.62225503,8,1.2584692
2020,5,29,-1.1932769,0.21983741,8,1.2133583
2020,5,30,-1.464738,0.0427413695,8,1.4653615
2020,5,31,-1.529649,-0.21204241,1,1.5442759
2020,6,1,-1.4952025,-0.50782043,1,1.5790859
2020,6,2,-1.4507074,-0.67722446,1,1.6009949
2020,6,3,-1.2931254,-0.81950819,1,1.5309366
2020,6,4,-1.268618,-0.96222055,1,1.59225
2020,6,5,-1.3162496,-1.1881462,1,1.7731905
2020,6,6,-1.1225088,-1.0829003,1,1.5597112
2020,6,7,-1.0401938,-1.0311329,1,1.4646633
2020,6,8,-0.81868154,-1.2144135,2,1.4645953
2020,6,9,-0.60201669,-1.262309,2,1.3985163
2020,6,10,-0.29068068,-1.0960888,2,1.1339779
2020,6,11,-0.13571282,-1.0612019,2,1.0698446
2020,6,12,0.12942649,-0.94580108,3,0.95461559
2020,6,13,0.22974029,-1.0909704,3,1.1148977
2020,6,14,0.0853794068,-1.2520323,3,1.25494
2020,6,15,-0.10343163,-1.4316323,2,1.4353638
2020,6,16,-0.16767964,-1.5779811,2,1.5868651
2020,6,17,-0.24957138,-1.3777227,2,1.4001449
2020,6,18,-0.37151304,-1.2841105,2,1.3367729
2020,6,19,-0.64214361,-1.2032831,2,1.3639057
2020,6,20,-0.87547576,-1.289822,2,1.5588773
2020,6,21,-1.0288944,-1.2349323,2,1.6073835
2020,6,22,-1.0465378,-1.1681564,2,1.5683848
2020,6,23,-1.1102799,-1.0027645,1,1.4960809
2020,6,24,-1.1524298,-0.86255181,1,1.4394757
2020,6,25,-1.1067189,-0.67585415,1,1.2967674
2020,6,26,-1.143303,-0.60710913,1,1.2944974
2020,6,27,-1.0426612,-0.31629962,1,1.0895815
2020,6,28,-0.85363173,-0.22502489,1,0.88279295
2020,6,29,-0.84731227,-0.31945285,1,0.905532
2020,6,30,-0.76446486,-0.44956797,1,0.8868584
2020,7,1,-0.6935842,-0.58298045,1,0.90604925
2020,7,2,-0.58776569,-0.81593019,2,1.0055897
2020,7,3,-0.89592731,-0.9636476,2,1.3157897
2020,7,4,-1.3690392,-1.3031288,1,1.8900828
2020,7,5,-1.6698074,-1.2664076,1,2.0957205
2020,7,6,-1.6976693,-1.4472615,1,2.2308397
2020,7,7,-1.6800356,-1.5521399,1,2.2872818
2020,7,8,-1.5705454,-1.6000746,2,2.2420642
2020,7,9,-1.3997805,-1.6763755,2,2.1839461
2020,7,10,-1.2125523,-1.5951265,2,2.0036745
2020,7,11,-0.75747693,-1.5486603,2,1.7239836
2020,7,12,-0.53864706,-1.6053885,2,1.6933438
2020,7,13,-0.44354159,-1.4552721,2,1.5213633
2020,7,14,-0.52518451,-1.2756026,2,1.3794857
2020,7,15,-0.40829301,-0.94841349,2,1.0325654
2020,7,16,-0.21786785,-0.98749006,2,1.0112383
2020,7,17,-0.26290199,-0.80568528,2,0.84749407
2020,7,18,-0.50519812,-0.72109067,2,0.88045269
2020,7,19,-0.83728951,-0.40295911,1,0.92920923
2020,7,20,-0.92422611,-0.65377665,1,1.1320856
2020,7,21,-0.72636575,-1.1008568,2,1.3188983
2020,7,22,-0.71556962,-1.3983498,2,1.5708029
2020,7,23,-0.60589296,-1.6067201,2,1.717165
2020,7,24,-0.42553791,-1.5814766,2,1.6377273
2020,7,25,-0.3830201,-1.7450006,2,1.7865417
2020,7,26,-0.21216583,-1.565046,2,1.5793616
2020,7,27,0.20928612,-1.4370615,3,1.4522213
2020,7,28,0.42543364,-1.2837958,3,1.3524517
2020,7,29,0.7343753,-0.97606236,3,1.2214766
2020,7,30,1.0888386,-0.64835954,4,1.2672567
2020,7,31,1.150672,-0.64974099,4,1.3214421
2020,8,1,1.0010979,-0.64020145,4,1.1882992
2020,8,2,0.90744311,-0.3955766,4,0.98991609
2020,8,3,1.3549417,-0.2583223,4,1.3793467
2020,8,4,1.8992074,-0.36004767,4,1.9330347
2020,8,5,2.074091,-0.44238845,4,2.1207452
2020,8,6,2.2396755,-0.29262435,4,2.2587111
2020,8,7,2.2548249,0.0633332878,5,2.2557142
2020,8,8,1.9461045,0.22865075,5,1.9594908
2020,8,9,1.5370337,0.33527622,5,1.5731759
2020,8,10,1.0993655,0.28619835,5,1.1360079
2020,8,11,0.62087691,0.43845814,5,0.76008791
2020,8,12,0.266247,0.51128531,6,0.57645482
2020,8,13,-0.11530804,0.68119407,7,0.69088441
2020,8,14,-0.4690071,0.60922068,7,0.76884168
2020,8,15,-1.0253519,0.72041279,8,1.2531325
2020,8,16,-1.2580569,0.87197602,8,1.5307022
2020,8,17,-1.4342711,1.0981374,8,1.8063885
2020,8,18,-1.4427207,0.86524218,8,1.6822863
2020,8,19,-1.2836697,0.52785856,8,1.3879635
2020,8,20,-1.433916,0.23519504,8,1.4530766
2020,8,21,-1.3905916,0.046003297,8,1.3913523
2020,8,22,-1.5338733,-0.23896182,1,1.5523757
2020,8,23,-1.8085926,-0.23478062,1,1.8237678
2020,8,24,-1.8461998,-0.62474227,1,1.9490398
2020,8,25,-1.9911885,-0.97443402,1,2.2168341
2020,8,26,-2.0013075,-1.1910652,1,2.3289199
2020,8,27,-1.6951704,-1.3970488,1,2.1966674
2020,8,28,-1.0575029,-1.4042262,2,1.7578862
2020,8,29,-0.54719716,-1.5051967,2,1.6015748
2020,8,30,-0.14465185,-1.5569788,2,1.5636839
2020,8,31,0.32761085,-1.5749624,3,1.608675
2020,9,1,0.54693407,-1.2780763,3,1.3901856
2020,9,2,0.8767302,-0.71053231,4,1.1284999
2020,9,3,0.80041158,-0.68517232,4,1.0536222
2020,9,4,0.70799923,-0.7376582,3,1.0224493
2020,9,5,0.71397883,-0.53159887,4,0.89014781
2020,9,6,0.41883984,-0.56212521,3,0.70100754
2020,9,7,0.17785965,-0.7026751,3,0.7248354
2020,9,8,0.2963877,-0.51449591,3,0.59376067
2020,9,9,0.6789245,-0.24905926,4,0.72316599
2020,9,10,0.86247474,-0.36556152,4,0.93674856
2020,9,11,0.77416414,-0.51530755,4,0.92998493
2020,9,12,0.6054768,-0.47452113,4,0.76926744
2020,9,13,0.54382145,-0.49501681,4,0.73537976
2020,9,14,0.70772994,-0.71519756,3,1.0061755
2020,9,15,1.2555386,-0.64245003,4,1.4103614
2020,9,16,1.5457087,-0.51472694,4,1.629159
2020,9,17,1.518859,-0.34004015,4,1.5564575
2020,9,18,1.2191538,-0.20991993,4,1.2370943
2020,9,19,0.87086064,-0.00505096093,4,0.8708753
2020,9,20,0.82338595,0.17609715,5,0.84200633
2020,9,21,0.92831057,0.21926624,5,0.95385438
2020,9,22,1.0901269,0.31082487,5,1.1335734
2020,9,23,1.2912834,0.38864282,5,1.3485013
2020,9,24,1.322513,0.46071997,5,1.4004655
2020,9,25,1.1969647,0.53165287,5,1.3097249
2020,9,26,1.2335352,0.46492735,5,1.3182437
2020,9,27,1.1507186,0.42384887,5,1.2262957
2020,9,28,1.3220011,0.53639299,5,1.4266759
2020,9,29,1.3287997,0.71786785,5,1.5103122
2020,9,30,1.3344591,0.5818907,5,1.4558083
2020,10,1,1.4435751,0.34326473,5,1.4838262
2020,10,2,1.2486855,0.056935396,5,1.2499828
2020,10,3,1.1131914,0.0756273493,5,1.1157573
2020,10,4,0.96861261,-0.00263947411,4,0.96861619
2020,10,5,1.201053,0.089244999,5,1.2043642
2020,10,6,1.2757335,0.0444211215,5,1.2765067
2020,10,7,1.3465339,0.17178456,5,1.3574474
2020,10,8,1.5745791,-0.0644781888,4,1.5758988
2020,10,9,1.743281,-0.040539261,4,1.7437522
2020,10,10,1.7379637,-0.1051849,4,1.7411438
2020,10,11,1.8540219,-0.0483804047,4,1.854653
2020,10,12,1.9542841,-0.2317993,4,1.967983
2020,10,13,2.046423,-0.16723849,4,2.0532453
2020,10,14,2.4097075,0.0692318976,5,2.410702
2020,10,15,2.7756443,0.48825738,5,2.8182611
2020,10,16,2.630718,0.9066388,5,2.7825656
2020,10,17,2.3593905,1.1344147,5,2.6179419
2020,10,18,2.1488359,1.1397208,5,2.4323773
2020,10,19,2.1627576,1.1125004,5,2.4321139
2020,10,20,1.9823552,1.2411681,5,2.3388524
2020,10,21,1.9540087,1.5411953,5,2.4886608
2020,10,22,2.0363741,1.5221745,5,2.5424073
2020,10,23,1.7519419,1.4212091,5,2.2559114
2020,10,24,1.5306623,1.3288701,5,2.0270231
2020,10,25,1.4463301,1.4413146,5,2.0418763
2020,10,26,1.122846,1.5795482,6,1.9379773
2020,10,27,0.57823855,1.4690341,6,1.5787402
2020,10,28,0.20967367,1.1810101,6,1.1994783
2020,10,29,0.0939934328,1.1990011,6,1.2026796
2020,10,30,-0.18871425,1.3029811,7,1.3165762
2020,10,31,-0.22428386,1.1365887,7,1.1585064
2020,11,1,-0.0391044579,0.98358756,7,0.98436457
2020,11,2,-0.16791491,0.87867677,7,0.89457715
2020,11,3,-0.0938602239,0.66716945,7,0.67373943
2020,11,4,-0.16380624,0.634987,7,0.65577513
2020,11,5,-0.29335997,0.42933476,7,0.51998883
2020,11,6,-0.69953018,0.55808717,8,0.89487642
2020,11,7,-0.889763,0.57636315,8,1.0601286
2020,11,8,-0.75970924,0.37755543,8,0.848355
2020,11,9,-0.69497085,0.49401766,8,0.85266519
2020,11,10,-1.0306013,0.39784315,8,1.1047254
2020,11,11,-1.1598797,0.2524094,8,1.1870263
2020,11,12,-1.1882145,-0.11456335,1,1.1937246
2020,11,13,-0.91757149,-0.3854591,1,0.99524677
2020,11,14,-0.79381436,-0.7438767,1,1.087885
2020,11,15,-0.87580395,-1.0675411,2,1.3808246
2020,11,16,-0.7488355,-1.2807692,2,1.4836187
2020,11,17,-0.6713292,-1.5004483,2,1.6437846
2020,11,18,-0.37236494,-1.462605,2,1.5092611
2020,11,19,-0.23069791,-1.5368949,2,1.554113
2020,11,20,-0.0821394846,-1.3787868,2,1.3812313
2020,11,21,0.2550922,-1.3215927,3,1.3459864
2020,11,22,0.5641591,-0.8369447,3,1.0093324
2020,11,23,0.61652356,-0.55728781,4,0.83106619
2020,11,24,0.63919532,-0.44555509,4,0.77915978
2020,11,25,0.88304704,-0.50456846,4,1.0170356
2020,11,26,0.99807048,-0.70316738,4,1.2208968
2020,11,27,0.80585057,-0.66603947,4,1.0454682
2020,11,28,0.87093019,-0.39385122,4,0.95584422
2020,11,29,0.8611328,-0.25146934,4,0.89709896
2020,11,30,0.92605019,-0.2950106,4,0.97190541
2020,12,1,1.0584946,-0.27200893,4,1.0928859
2020,12,2,1.0213602,-0.28202096,4,1.0595813
2020,12,3,1.0761029,-0.0562357344,4,1.0775713
2020,12,4,1.1014531,-0.19577231,4,1.1187161
2020,12,5,1.0828208,-0.15202719,4,1.093441
2020,12,6,0.88558185,-0.0950738415,4,0.89067066
2020,12,7,0.76652879,-0.0585666709,4,0.76876295
2020,12,8,0.90968579,0.14168826,5,0.920654
2020,12,9,1.0346292,0.34225005,5,1.0897672
2020,12,10,1.3426921,0.44271916,5,1.4137971
2020,12,11,1.5578496,0.61902338,5,1.6763309
2020,12,12,1.3262672,0.74289823,5,1.5201588
2020,12,13,1.2020007,0.90135878,5,1.5024159
2020,12,14,0.92832345,0.56383198,5,1.0861357
2020,12,15,0.84753007,0.36726052,5,0.9236815
2020,12,16,0.78666377,0.38823733,5,0.87725031
2020,12,17,0.67391741,0.37302721,5,0.7702688
2020,12,18,0.64434445,0.50341523,5,0.8176837
2020,12,19,0.77162677,0.59653103,5,0.97532409
2020,12,20,0.71705544,0.7960605,6,1.0713919
2020,12,21,0.63380039,0.84642828,6,1.0574232
2020,12,22,0.53262734,0.63159651,6,0.82619977
2020,12,23,0.13259467,0.31717125,6,0.34377167
2020,12,24,-0.0381282084,0.10200957,7,0.10890231
2020,12,25,-0.15655993,0.0557511784,8,0.16619027
2020,12,26,-0.0990924612,-0.15337925,2,0.18260479
2020,12,27,0.0139116421,0.00539384549,5,0.0149207022
2020,12,28,0.0965734273,-0.18822671,3,0.21155548
2020,12,29,0.28071681,-0.30483285,3,0.41439715
2020,12,30,0.2678656,-0.45201978,3,0.52542734
2020,12,31,0.1556123,-0.61551845,3,0.63488436
2021,1,1,0.14264372,-0.68290007,3,0.69763869
2021,1,2,0.19497921,-0.74720323,3,0.77222377
2021,1,3,0.10391533,-0.84431374,3,0.85068446
2021,1,4,0.00354486913,-1.0106314,3,1.0106376
2021,1,5,0.0992399529,-1.1132243,3,1.1176389
2021,1,6,0.43753254,-1.3051112,3,1.3764992
2021,1,7,0.76037651,-1.4968672,3,1.6789234
2021,1,8,0.65890014,-1.5575671,3,1.6912022
2021,1,9,0.65819752,-1.333779,3,1.4873434
2021,1,10,0.70567292,-1.2731886,3,1.4556729
2021,1,11,0.55192739,-1.2130001,3,1.3326639
2021,1,12,0.59998804,-1.1746427,3,1.3190038
2021,1,13,0.61816955,-1.1379561,3,1.2950203
2021,1,14,0.77591187,-0.99483758,3,1.2616422
2021,1,15,0.97485542,-0.64342189,4,1.1680474
2021,1,16,1.0877959,-0.39461866,4,1.157162
2021,1,17,0.99912888,-0.27935803,4,1.0374485
2021,1,18,0.54556441,-0.33824399,4,0.64191085
2021,1,19,0.36287153,0.12171456,5,0.38274038
2021,1,20,-0.0360681638,0.6577788,7,0.65876693
2021,1,21,-0.00258927746,1.026934,7,1.0269372
2021,1,22,0.24339114,1.4369808,6,1.4574475
2021,1,23,0.4134188,1.6868445,6,1.7367669
2021,1,24,0.34826836,1.822418,6,1.8553971
2021,1,25,-0.00358555722,1.8306326,7,1.8306361
2021,1,26,-0.00286280364,1.6636895,7,1.663692
2021,1,27,0.32484782,1.7717429,6,1.8012772
2021,1,28,0.53395277,2.1244197,6,2.1904941
2021,1,29,1.0123054,2.1792257,6,2.4028704
2021,1,30,1.1688261,2.0161684,6,2.3304698
2021,1,31,1.0017973,1.8813152,6,2.1314185
2021,2,1,0.55415726,1.8966972,6,1.9759935
2021,2,2,0.52685571,2.2092166,6,2.2711704
2021,2,3,0.39343643,1.8430072,6,1.8845339
2021,2,4,0.17893212,1.8701682,6,1.8787086
2021,2,5,0.0782047212,1.9980794,6,1.9996092
2021,2,6,0.092622295,2.0586796,6,2.0607622
2021,2,7,-0.0425818637,2.0316217,7,2.032068
2021,2,8,-0.46682712,1.9999629,7,2.0537233
2021,2,9,-0.64668566,2.0356386,7,2.1358902
2021,2,10,-0.4229925,1.9321569,7,1.9779164
2021,2,11,-0.068165496,2.0127201,7,2.0138741
2021,2,12,-0.0743327513,2.5127194,7,2.5138187
2021,2,13,-0.11871037,2.6065497,7,2.6092515
2021,2,14,-0.43074155,2.7041619,7,2.7382531
2021,2,15,-0.52380729,2.4692416,7,2.5241885
2021,2,16,-0.41534764,2.2258475,7,2.2642682
2021,2,17,-0.36891687,1.7293428,7,1.7682551
2021,2,18,-0.39467502,1.238362,7,1.2997341
2021,2,19,-0.48081955,1.0113158,7,1.1197978
2021,2,20,-0.65562421,0.81750286,7,1.0479285
2021,2,21,-0.30271047,0.85168767,7,0.90388358
2021,2,22,0.30899554,0.62732232,6,0.69929361
2021,2,23,0.69191152,0.54211682,5,0.878995
2021,2,24,0.87321538,0.67165309,5,1.1016456
2021,2,25,0.90045691,0.7011174,5,1.1412222
2021,2,26,1.0233736,0.48035049,5,1.1305
2021,2,27,0.82369506,0.58644134,5,1.0111315
2021,2,28,0.4636614,0.73728132,6,0.87095678
2021,3,1,0.36776155,0.89089882,6,0.9638201
2021,3,2,0.071411401,0.93490124,6,0.93762463
2021,3,3,-0.14741902,0.57217962,7,0.59086537
2021,3,4,-0.44509739,0.57091606,7,0.72391766
2021,3,5,-0.51702034,0.32593623,8,0.61118281
2021,3,6,-0.37644055,0.40155908,7,0.55041546
2021,3,7,-0.4471873,0.325248,8,0.55295819
2021,3,8,-0.7798177,0.16663957,8,0.7974236
2021,3,9,-0.86673808,-0.052526433,1,0.86832821
2021,3,10,-0.89397031,-0.27860722,1,0.9363786
2021,3,11,-1.0797654,-0.15653409,1,1.0910529
2021,3,12,-1.2649308,-0.02784664,1,1.2652373
2021,3,13,-1.3961581,0.23098719,8,1.4151369
2021,3,14,-1.2830857,0.0609360635,8,1.2845318
2021,3,15,-1.3061477,0.0237648208,8,1.3063639
2021,3,16,-1.3240747,-0.12562624,1,1.330021
2021,3,17,-1.4608022,-0.38887495,1,1.5116768
2021,3,18,-1.3470374,-0.53931779,1,1.4509906
2021,3,19,-1.0511838,-0.69354463,1,1.2593615
2021,3,20,-0.67911136,-0.77402455,2,1.0297117
2021,3,21,-0.39941412,-0.90280819,2,0.9872154
2021,3,22,-0.4831287,-1.1177586,2,1.2177018
2021,3,23,-0.46169889,-1.3729074,2,1.4484614
2021,3,24,-0.13360758,-1.3836128,2,1.3900486
2021,3,25,0.12915462,-1.0697986,3,1.0775667
2021,3,26,0.39137208,-1.0642178,3,1.1339011
2021,3,27,1.1089916,-1.0589746,4,1.5333916
2021,3,28,1.5159373,-1.0324203,4,1.8341094
2021,3,29,1.3082021,-0.80192113,4,1.5344284
2021,3,30,1.4460112,-0.52215421,4,1.5373982
2021,3,31,1.4240458,-0.18395457,4,1.435878
2021,4,1,1.4796748,0.0876601413,5,1.4822692
2021,4,2,1.5395757,0.47163132,5,1.6101955
2021,4,3,1.4576132,0.69026822,5,1.6127946
2021,4,4,1.2717233,0.84139377,5,1.5248684
2021,4,5,0.98096418,1.1088909,6,1.4805168
2021,4,6,0.57071066,1.481913,6,1.5880103
2021,4,7,0.47136292,1.9643468,6,2.0201092
2021,4,8,0.70093423,2.0754926,6,2.1906571
2021,4,9,0.50932705,2.0213079,6,2.0844903
2021,4,10,0.29235893,1.9783807,6,1.9998659
2021,4,11,-0.0552419946,2.1401615,7,2.1408744
2021,4,12,-0.21702276,2.0311565,7,2.0427179
2021,4,13,-0.48428771,1.8841702,7,1.945413
2021,4,14,-0.74873424,1.6419743,7,1.8046281
2021,4,15,-0.72702587,1.4782318,7,1.6473421
2021,4,16,-0.7857067,1.4392321,7,1.639733
2021,4,17,-0.94451028,1.5605385,7,1.8241107
2021,4,18,-0.79915988,1.865178,7,2.0291736
2021,4,19,-0.70041269,2.1090364,7,2.2222991
2021,4,20,-0.75303048,2.0911274,7,2.2225814
2021,4,21,-0.96946895,1.9306806,7,2.1604161
2021,4,22,-0.78160781,1.6935608,7,1.8652236
2021,4,23,-0.77109265,1.7514776,7,1.9137026
2021,4,24,-1.1719898,1.8811368,7,2.2163565
2021,4,25,-1.7902452,1.9431303,7,2.6421077
2021,4,26,-2.3046932,1.631174,8,2.8235331
2021,4,27,-2.8900943,1.1608276,8,3.1145089
2021,4,28,-3.0523708,0.86805004,8,3.1734016
2021,4,29,-3.2734096,0.61235106,8,3.330193
2021,4,30,-3.5815957,0.13574904,8,3.5841672
2021,5,1,-3.6921949,-0.26522425,1,3.7017088
2021,5,2,-3.592787,-0.79688972,1,3.6801021
2021,5,3,-3.2647531,-1.3291947,1,3.5249641
2021,5,4,-2.6138721,-1.6807364,1,3.1076038
2021,5,5,-1.9969281,-2.0035622,2,2.8287778
2021,5,6,-1.3156887,-2.0100417,2,2.4023538
2021,5,7,-0.58776802,-1.9402136,2,2.0272889
2021,5,8,0.030883139,-1.5036,3,1.5039171
2021,5,9,0.55153519,-1.0233722,3,1.1625324
2021,5,10,0.64543617,-0.91740334,3,1.1217026
2021,5,11,0.24388334,-0.84215569,3,0.8767584
2021,5,12,-0.26203158,-0.81120449,2,0.85247481
2021,5,13,-0.67055345,-0.69616604,2,0.96658629
2021,5,14,-0.67410505,-0.76928091,2,1.0228444
2021,5,15,-0.68314815,-1.0759438,2,1.2744986
2021,5,16,-0.45382401,-1.5647281,2,1.6292117
2021,5,17,-0.0498397574,-1.6555082,2,1.6562582
2021,5,18,0.61909503,-1.467724,3,1.5929508
2021,5,19,1.3228202,-1.2151115,4,1.7962042
2021,5,20,1.6271321,-0.67227864,4,1.7605447
2021,5,21,1.4875728,-0.2767719,4,1.5131012
2021,5,22,1.5542789,0.0685043335,5,1.5557877
2021,5,23,1.4884002,0.4281114,5,1.5487461
2021,5,24,1.315814,0.73139566,5,1.5054256
2021,5,25,0.67414176,0.73284149,6,0.99575287
2021,5,26,0.1405191,0.39819661,6,0.42226315
2021,5,27,-0.32353801,0.12166418,8,0.34565738
2021,5,28,-0.45848432,0.26983631,8,0.53199577
2021,5,29,-0.1273379,0.76207405,7,0.77263951
2021,5,30,-0.11564811,1.2455863,7,1.2509435
2021,5,31,-0.36093256,1.1988822,7,1.2520347
2021,6,1,-0.59657764,1.1859546,7,1.3275516
2021,6,2,-0.89956117,1.0230051,7,1.3622591
2021,6,3,-1.0007282,0.94047219,8,1.3732971
2021,6,4,-0.65772432,0.99024761,7,1.1887773
2021,6,5,-0.64584565,0.98239589,7,1.1756778
2021,6,6,-0.57748616,0.9799425,7,1.1374434
2021,6,7,-0.62272024,0.89409602,7,1.0895816
2021,6,8,-0.68244845,0.70421112,7,0.98063713
2021,6,9,-0.61613995,0.41777214,8,0.74442059
2021,6,10,-0.31659412,-0.057587266,1,0.32178897
2021,6,11,-0.42598012,-0.37682974,1,0.56873524
2021,6,12,-0.86662632,-0.6731751,1,1.0973631
2021,6,13,-1.0753262,-0.92132866,1,1.4160413
2021,6,14,-0.87505621,-1.0649295,2,1.3783317
2021,6,15,-0.68281794,-1.2182705,2,1.3965756
2021,6,16,-0.67738938,-1.3602786,2,1.5196099
2021,6,17,-0.68854046,-1.0504737,2,1.2560186
2021,6,18,-0.59827411,-0.93939131,2,1.1137271
2021,6,19,-0.6728434,-0.59461993,1,0.89793712
2021,6,20,-0.71885997,-0.42460057,1,0.83489239
2021,6,21,-1.012563,-0.27908653,1,1.0503205
2021,6,22,-1.2916857,-0.36894017,1,1.3433424
2021,6,23,-1.6660991,-0.35582805,1,1.7036724
2021,6,24,-1.3898932,-0.45225668,1,1.4616221
2021,6,25,-1.3259732,-0.66851228,1,1.4849625
2021,6,26,-1.3958619,-0.91723442,1,1.6702542
2021,6,27,-1.4454465,-1.0899304,1,1.8103216
2021,6,28,-1.6110008,-0.79047143,1,1.7944828
2021,6,29,-1.448694,-0.84457743,1,1.6769094
2021,6,30,-1.0322931,-1.0245981,1,1.4544519
2021,7,1,-0.59712291,-1.1324931,2,1.280272
2021,7,2,-0.23195122,-1.2333817,2,1.2550027
2021,7,3,-0.17587438,-1.4335306,2,1.444279
2021,7,4,-0.10942821,-1.4687603,2,1.472831
2021,7,5,0.18583959,-1.1259782,3,1.1412114
2021,7,6,0.1919691,-1.0163798,3,1.0343502
2021,7,7,0.0222379714,-0.90570682,3,0.90597981
2021,7,8,-0.0788589045,-0.95697427,2,0.96021795
2021,7,9,-0.0827947706,-1.2872478,2,1.2899077
2021,7,10,-0.1509797,-1.3242365,2,1.3328155
2021,7,11,-0.2124401,-1.3335036,2,1.3503195
2021,7,12,-0.13516219,-0.99675965,2,1.005882
2021,7,13,0.27840787,-0.78089184,3,0.82903737
2021,7,14,0.55365175,-0.67027283,3,0.86936527
2021,7,15,0.70500147,-0.52692127,4,0.88015515
2021,7,16,0.85312426,-0.33357421,4,0.91602004
2021,7,17,1.2790097,-0.0630380884,4,1.2805623
2021,7,18,1.6746868,0.24134317,5,1.6919878
2021,7,19,1.6298007,0.40649402,5,1.6797285
2021,7,20,1.5432607,1.0082692,5,1.8434371
2021,7,21,1.2313925,1.286779,6,1.7810467
2021,7,22,1.1215266,1.1452091,6,1.6029116
2021,7,23,0.81409001,1.1768168,6,1.4309578
2021,7,24,0.5987094,1.094255,6,1.2473359
2021,7,25,0.65937352,1.1024847,6,1.284619
2021,7,26,0.70758402,1.1431121,6,1.3443885
2021,7,27,0.80595678,1.2517051,6,1.488735
2021,7,28,0.57279289,1.2126253,6,1.3411009
2021,7,29,-0.010307028,0.9498589,7,0.94991481
2021,7,30,-0.64021176,0.77100533,7,1.0021578
2021,7,31,-1.1383455,0.85812265,8,1.4255543
2021,8,1,-1.2334743,0.75544339,8,1.4464278
2021,8,2,-1.2091547,0.68056661,8,1.3875252
2021,8,3,-1.0428913,0.45634162,8,1.1383628
2021,8,4,-0.85475087,0.34690854,8,0.92246658
2021,8,5,-0.58486456,0.39007422,8,0.70301098
2021,8,6,-0.71148008,0.0254617054,8,0.71193552
2021,8,7,-0.76174808,-0.28876036,1,0.81464267
2021,8,8,-0.85506588,-0.62785554,1,1.0608206
2021,8,9,-1.0019495,-0.90656239,1,1.3512062
2021,8,10,-1.1250294,-1.4299055,2,1.8194288
2021,8,11,-1.4698712,-1.6980428,2,2.2458563
2021,8,12,-1.6570152,-1.5702447,1,2.2828419
2021,8,13,-1.6547562,-1.4498653,1,2.2000744
2021,8,14,-1.4163793,-1.5621932,2,2.108691
2021,8,15,-1.4744081,-1.8906497,2,2.3975894
2021,8,16,-1.3932822,-2.0899265,2,2.5117779
2021,8,17,-1.1576631,-1.8478465,2,2.1805322
2021,8,18,-0.7417146,-1.5863909,2,1.7512214
2021,8,19,-0.42749542,-1.4147544,2,1.4779317
2021,8,20,-0.41219705,-1.158473,2,1.2296203
2021,8,21,-0.28482118,-0.7080121,2,0.76315415
2021,8,22,-0.18542545,-0.40965787,2,0.44966894
2021,8,23,-0.0729123726,-0.335195,2,0.3430334
2021,8,24,-0.0873313546,-0.27403733,2,0.28761646
2021,8,25,-0.40395883,-0.46053383,2,0.61259621
2021,8,26,-0.68226057,-0.91011846,2,1.1374512
2021,8,27,-0.56190312,-1.0462285,2,1.1875728
2021,8,28,-0.38986793,-1.1341122,2,1.1992528
2021,8,29,-0.35738558,-1.1350619,2,1.1899958
2021,8,30,-0.43635646,-1.2761288,2,1.3486702
2021,8,31,-0.27285483,-1.0215513,2,1.0573632
2021,9,1,-0.058584027,-0.75613993,2,0.75840604
2021,9,2,-0.0274662301,-0.6518932,2,0.65247154
2021,9,3,0.11238205,-0.51476127,3,0.52688599
2021,9,4,0.15006708,-0.52591425,3,0.54690576
2021,9,5,0.48131588,-0.6161468,3,0.78185797
2021,9,6,0.76404566,-0.64413238,4,0.99933589
2021,9,7,0.88974643,-0.76779354,4,1.1752257
2021,9,8,0.72647303,-0.89061016,3,1.1493257
2021,9,9,0.29203019,-1.1079073,3,1.1457487
2021,9,10,0.30076155,-1.1148356,3,1.154693
2021,9,11,0.44994238,-1.2133801,3,1.2941172
2021,9,12,0.78235465,-1.2533436,3,1.4774806
2021,9,13,1.0316768,-1.4318129,3,1.7647791
2021,9,14,1.0896623,-1.5400267,3,1.8865435
2021,9,15,1.0591931,-1.3597127,3,1.7235744
2021,9,16,1.0655451,-1.3045404,3,1.6844026
2021,9,17,0.88841784,-1.3449485,3,1.6118848
2021,9,18,0.74615264,-1.1041539,3,1.3326288
2021,9,19,0.80708474,-0.90662283,3,1.2138166
2021,9,20,1.1110423,-0.83360326,4,1.3889958
2021,9,21,1.0411557,-0.9755258,4,1.4267641
2021,9,22,0.84260309,-0.82263887,4,1.1775885
2021,9,23,0.74334836,-0.29433998,4,0.7995016
2021,9,24,0.56731826,-0.0260824896,4,0.56791753
2021,9,25,0.66859555,0.11400229,5,0.67824519
2021,9,26,0.90563744,-0.25961661,4,0.94211459
2021,9,27,1.1104155,-0.37966183,4,1.173527
2021,9,28,1.2137491,-0.3898145,4,1.2748107
2021,9,29,1.1663867,-0.43142682,4,1.2436186
2021,9,30,1.4276319,-0.3146953,4,1.4619049
2021,10,1,1.5597147,-0.1232685,4,1.5645783
2021,10,2,1.569173,0.12007587,5,1.5737605
2021,10,3,1.58462,0.37277633,5,1.6278768
2021,10,4,1.6705525,0.41022703,5,1.7201837
2021,10,5,1.7229078,0.54377007,5,1.8066813
2021,10,6,1.8895097,0.65510744,5,1.9998531
2021,10,7,1.9504874,0.7427634,5,2.0871267
2021,10,8,1.698374,0.78180033,5,1.8696754
2021,10,9,1.4065833,0.59119534,5,1.5257747
2021,10,10,1.476734,0.87083948,5,1.7143817
2021,10,11,1.5992557,1.3123108,5,2.0687625
2021,10,12,1.2360346,1.3487015,6,1.82942
2021,10,13,0.9635067,1.2186408,6,1.553522
2021,10,14,0.82887322,0.94667047,6,1.2582591
2021,10,15,0.40765974,0.73379397,6,0.83942842
2021,10,16,0.33016467,0.37575361,6,0.50019944
2021,10,17,0.23476495,0.0715477392,5,0.24542546
2021,10,18,-0.13461117,-0.36040926,2,0.38472718
2021,10,19,-0.32580832,-0.33959252,2,0.47061038
2021,10,20,-0.50816739,-0.39171585,1,0.64161932
2021,10,21,-0.41097191,-0.41009471,1,0.58058214
2021,10,22,-0.35101804,-0.67422175,2,0.76012409
2021,10,23,-0.42613974,-0.82764018,2,0.93090457
2021,10,24,-0.34121004,-0.80875134,2,0.877783
2021,10,25,-0.52890813,-0.67414397,2,0.85686284
2021,10,26,-0.71681631,-0.61154318,1,0.94223702
2021,10,27,-0.84782773,-0.49114794,1,0.97981536
2021,10,28,-0.87769061,-0.45768872,1,0.98985845
2021,10,29,-1.0751266,-0.40804434,1,1.1499554
2021,10,30,-0.857472,-0.34506452,1,0.92429852
2021,10,31,-0.65143788,-0.45998919,1,0.79747188
2021,11,1,-0.48002815,-0.43264407,1,0.64622587
2021,11,2,-0.22786787,-0.55784929,2,0.60259408
2021,11,3,0.0577908792,-0.78415734,3,0.78628397
2021,11,4,0.62242377,-0.78570539,3,1.0023693
2021,11,5,0.67457712,-0.91220534,3,1.1345364
2021,11,6,0.84614438,-0.8053273,4,1.1681235
2021,11,7,0.7427817,-0.79645103,3,1.0890634
2021,11,8,0.45469084,-0.89315277,3,1.0022303
2021,11,9,0.48106974,-0.78507048,3,0.92074084
2021,11,10,0.85020399,-0.65090716,4,1.07076
2021,11,11,1.0073292,-0.38374442,4,1.0779481
2021,11,12,1.0568212,-0.0969882905,4,1.0612624
2021,11,13,1.1170944,-0.0171902515,4,1.1172266
2021,11,14,1.2754244,0.13827147,5,1.2828976
2021,11,15,1.2911257,-0.14068295,4,1.2987676
2021,11,16,1.2477416,-0.36636239,4,1.3004155
2021,11,17,0.99934,-0.44473854,4,1.0938339
2021,11,18,1.0025527,-0.44878483,4,1.0984169
2021,11,19,1.1028731,-0.45198515,4,1.1918975
2021,11,20,1.1716846,-0.42988139,4,1.2480556
2021,11,21,0.86080378,-0.38419357,4,0.94264936
2021,11,22,0.58131754,-0.33690882,4,0.67189109
2021,11,23,0.67432761,-0.67110187,4,0.95136505
2021,11,24,0.86249626,-0.97684252,3,1.3031198
2021,11,25,0.93619943,-0.65441024,4,1.1422443
2021,11,26,1.0992218,-0.48525453,4,1.2015659
2021,11,27,1.0174432,-0.25446689,4,1.0487821
2021,11,28,0.98713815,0.0964490846,5,0.99183875
2021,11,29,0.98072517,0.46900788,5,1.0871018
2021,11,30,1.1451824,0.79129899,5,1.3919758
2021,12,1,1.2866335,1.068836,5,1.6726733
2021,12,2,1.3754756,1.3883747,6,1.9543586
2021,12,3,1.2856981,1.7049701,6,2.1354022
2021,12,4,1.3208226,1.6427637,6,2.1079006
2021,12,5,1.1783029,1.5096439,6,1.9150516
2021,12,6,1.235429,1.5155023,6,1.9552575
2021,12,7,0.97838062,1.7037543,6,1.9646901
2021,12,8,0.29902202,2.1329672,6,2.1538253
2021,12,9,0.32517648,2.4582467,6,2.4796605
2021,12,10,0.0884876922,2.3776324,6,2.3792784
2021,12,11,-0.0467670858,2.3724732,7,2.3729341
2021,12,12,-0.0283307824,2.192728,7,2.1929111
2021,12,13,0.17021202,2.1584454,6,2.1651464
2021,12,14,0.21646723,1.9219699,6,1.9341216
2021,12,15,0.31095517,1.8437852,6,1.8698226
2021,12,16,0.4637619,1.8630239,6,1.9198784
2021,12,17,0.3304244,1.7697948,6,1.8003761
2021,12,18,0.20544253,1.5672269,6,1.5806348
2021,12,19,-0.0195009317,1.5859917,7,1.5861117
2021,12,20,-0.22138688,2.0584466,7,2.0703175
2021,12,21,-0.37968937,2.2902579,7,2.3215179
2021,12,22,-0.16609225,2.5190175,7,2.5244873
2021,12,23,-0.29073364,2.3011637,7,2.3194568
2021,12,24,-0.47222683,2.0835347,7,2.136379
2021,12,25,-0.63439304,1.8649093,7,1.9698582
2021,12,26,-0.81972837,1.9869747,7,2.1494238
2021,12,27,-0.84749579,2.3643699,7,2.5116715
2021,12,28,-1.0431213,2.0121839,7,2.2664919
2021,12,29,-1.1942306,1.603296,7,1.9991862
2021,12,30,-1.0994705,1.4050304,7,1.7840812
2021,12,31,-1.2559807,1.4535776,7,1.9210349
2022,1,1,-1.1536623,1.5765845,7,1.9536006
2022,1,2,-1.0242931,1.5881422,7,1.8898075
2022,1,3,-0.65335083,1.8385135,7,1.9511533
2022,1,4,-0.13759802,1.7434199,7,1.7488414
2022,1,5,-0.16407824,1.7328492,7,1.7406
2022,1,6,-0.37719655,1.7122563,7,1.7533108
2022,1,7,-0.8820141,1.6749841,7,1.893019
2022,1,8,-1.1257101,1.4554935,7,1.8400229
2022,1,9,-1.1329453,1.2427313,7,1.6816498
2022,1,10,-1.4657401,1.2066975,8,1.8985555
2022,1,11,-1.6606553,1.4002609,8,2.1722124
2022,1,12,-1.5553716,1.116419,8,1.9145684
2022,1,13,-1.1725992,0.97377932,8,1.5242162
2022,1,14,-0.78547597,0.84245205,7,1.1518238
2022,1,15,-0.48447961,0.60907197,7,0.77826035
2022,1,16,-0.41095039,0.26185682,8,0.48728761
2022,1,17,-0.18117188,0.18496838,7,0.25891417
2022,1,18,0.13853931,0.2913835,6,0.32264143
2022,1,19,0.39154938,0.27074218,5,0.47603807
2022,1,20,0.45376006,0.52019048,6,0.69028711
2022,1,21,0.12169441,0.71570116,6,0.72597361
2022,1,22,-0.063726455,0.85084689,7,0.85323
2022,1,23,-0.041779343,1.0611922,7,1.0620142
2022,1,24,-0.24938582,0.84606177,7,0.88205087
2022,1,25,-0.49738228,0.5849821,7,0.76784968
2022,1,26,-0.44330013,0.50854653,7,0.6746366
2022,1,27,-0.1893349,0.33368534,7,0.3836582
2022,1,28,-0.18114051,0.46657065,7,0.50049978
2022,1,29,0.12478044,0.4821071,6,0.49799338
2022,1,30,0.54860419,0.35571238,5,0.65383321
2022,1,31,0.61785024,0.19990543,5,0.64938515
2022,2,1,0.57773161,-0.18820953,4,0.60761553
2022,2,2,0.4282912,-0.55397898,3,0.70023286
2022,2,3,0.4850114,-0.74718428,3,0.89079762
2022,2,4,0.44389579,-0.8083418,3,0.92220384
2022,2,5,0.3286306,-0.90040779,3,0.95850521
2022,2,6,0.27204663,-1.3798586,3,1.4064207
2022,2,7,0.022003727,-1.2468208,3,1.2470149
2022,2,8,-0.0289295893,-1.1557903,2,1.1561524
2022,2,9,-0.00341307442,-1.2488292,2,1.2488339
2022,2,10,-0.0483902395,-1.2903937,2,1.2913008
2022,2,11,0.0902871564,-1.3324509,3,1.3355063
2022,2,12,0.23396896,-1.3599777,3,1.3799568
2022,2,13,0.23774429,-1.5191975,3,1.5376877
2022,2,14,0.30056116,-1.4628781,3,1.4934354
2022,2,15,0.55621159,-1.446551,3,1.5498003
2022,2,16,0.85223854,-1.6533265,3,1.8600535
2022,2,17,0.79238069,-1.7961985,3,1.9632107
2022,2,18,0.4944531,-1.8820344,3,1.9459027
2022,2,19,0.66965073,-1.6167964,3,1.7499894
2022,2,20,0.96938437,-1.3287951,3,1.6448108
2022,2,21,1.4082308,-1.1136404,4,1.7953576
2022,2,22,1.1670624,-1.1769577,3,1.6574873
2022,2,23,0.85827214,-0.89944363,3,1.2432337
2022,2,24,0.89794761,-0.73658603,4,1.1614082
2022,2,25,0.82604396,-0.64748639,4,1.0495653
2022,2,26,0.70752794,-0.48744154,4,0.85918278
2022,2,27,0.79847133,-0.32215661,4,0.8610118
2022,2,28,0.65621811,-0.28098443,4,0.71384484
2022,3,1,0.60249311,-0.12812844,4,0.61596662
2022,3,2,0.45028758,-0.0809072852,4,0.45749852
2022,3,3,0.26190743,-0.0425351523,4,0.2653389
2022,3,4,0.19573303,-0.12736434,4,0.23352322
2022,3,5,0.34192193,-0.13392425,4,0.36721426
2022,3,6,0.13984983,-0.14614548,3,0.20227821
2022,3,7,0.00982991047,-0.21115573,3,0.2113844
2022,3,8,-0.23657608,-0.42420828,2,0.48571691
2022,3,9,-0.49910423,-0.49824071,1,0.70522964
2022,3,10,-0.83333892,-0.65560943,1,1.0603195
2022,3,11,-1.0671026,-0.86892372,1,1.3761309
2022,3,12,-1.0472786,-1.1963209,2,1.5899611
2022,3,13,-1.0198332,-1.4254693,2,1.7527186
2022,3,14,-0.49390128,-1.5663418,2,1.6423657
2022,3,15,-0.18235634,-1.9383973,2,1.946956
2022,3,16,0.00980017055,-2.1130319,3,2.1130545
2022,3,17,0.1969744,-1.8618275,3,1.872218
2022,3,18,0.52542704,-1.9310375,3,2.0012445
2022,3,19,1.0761366,-2.0504522,3,2.315691
2022,3,20,1.4091983,-2.0284171,3,2.4698818
2022,3,21,1.4383929,-1.3793314,4,1.9928695
2022,3,22,1.4469539,-0.90059882,4,1.7043339
2022,3,23,1.3504984,-0.79316109,4,1.5661898
2022,3,24,1.2757237,-0.68916094,4,1.4499702
2022,3,25,0.81816196,-0.47313288,4,0.94511575
2022,3,26,0.31081986,-0.13585387,4,0.33921272
2022,3,27,0.0507233366,0.0657014474,6,0.0830032378
2022,3,28,-0.25806722,-0.14251959,1,0.29480591
2022,3,29,-0.31034234,-0.18659966,1,0.36212125
2022,3,30,-0.35498837,0.069458209,8,0.36171976
2022,3,31,-0.44764128,-0.00783299282,1,0.44770983
2022,4,1,-0.30710024,-0.0410333537,1,0.30982944
2022,4,2,-0.13932978,-0.1729722,2,0.22210845
2022,4,3,-0.21974848,-0.11939463,1,0.25008893
2022,4,4,-0.16706482,-0.23565055,2,0.288863
2022,4,5,-0.10711924,-0.46917483,2,0.4812479
2022,4,6,0.32967481,-0.47416285,3,0.57750833
2022,4,7,0.3504909,-0.31129569,4,0.46877381
2022,4,8,0.43078429,0.0556515045,5,0.43436411
2022,4,9,0.3577067,0.37868434,6,0.52091837
2022,4,10,0.20728081,0.56765217,6,0.60431308
2022,4,11,-0.0435543358,0.74909592,7,0.75036103
2022,4,12,-0.17213447,0.77277458,7,0.79171389
2022,4,13,-0.29562902,0.5880338,7,0.65816432
2022,4,14,-0.61023283,0.60044014,8,0.85610306
2022,4,15,-0.78648335,0.69278824,8,1.048099
2022,4,16,-1.2011186,0.59399635,8,1.3399692
2022,4,17,-1.2082317,-0.0150241517,1,1.2083251
2022,4,18,-1.1479086,-0.55232692,1,1.2738756
2022,4,19,-1.1093744,-0.76835924,1,1.3494767
2022,4,20,-1.0152729,-0.68294507,1,1.2235984
2022,4,21,-0.84153402,-0.71908772,1,1.1069176
2022,4,22,-0.54277205,-0.51636559,1,0.74915618
2022,4,23,-0.26910099,-0.44898114,2,0.52344954
2022,4,24,-0.0867599323,-0.34014583,2,0.35103628
2022,4,25,-0.0868343413,-0.37892848,2,0.38875055
2022,4,26,-0.0304092709,-0.48420623,2,0.48516017
2022,4,27,0.1602779,-0.54612511,3,0.56915873
2022,4,28,0.30614266,-0.66807938,3,0.73488325
2022,4,29,0.34724405,-0.34001064,4,0.48598936
2022,4,30,0.35368696,-0.13107532,4,0.37719384
2022,5,1,0.0422925986,-0.16556029,3,0.17087679
2022,5,2,-0.18066479,-0.12270758,1,0.21839625
2022,5,3,-0.65623808,-0.34165749,1,0.73985016
2022,5,4,-0.91751111,-0.74110568,1,1.1794338
2022,5,5,-1.083545,-0.94075948,1,1.4349557
2022,5,6,-1.1030281,-1.1914399,2,1.6236379
2022,5,7,-0.90902114,-1.2181396,2,1.5199288
2022,5,8,-0.42642695,-1.110135,2,1.189218
2022,5,9,0.15416147,-0.86506128,3,0.87869036
2022,5,10,0.75038958,-0.43005869,4,0.86489016
2022,5,11,1.1616732,0.3105202,5,1.2024589
2022,5,12,1.1274196,1.0782738,5,1.5600479
2022,5,13,0.6521408,1.5750885,6,1.7047555
2022,5,14,0.0898632109,1.7288127,6,1.7311467
2022,5,15,-0.14155848,1.7841097,7,1.7897168
2022,5,16,-0.54174346,1.4601842,7,1.5574415
2022,5,17,-1.0611697,0.99013394,8,1.4513602
2022,5,18,-1.2866778,0.70633024,8,1.4678018
2022,5,19,-1.3725439,0.58392632,8,1.491592
2022,5,20,-1.4842088,0.28135034,8,1.5106403
2022,5,21,-1.2203193,0.0509180352,8,1.2213811
2022,5,22,-0.87090331,-0.27222902,1,0.9124589
2022,5,23,-0.60598606,-0.55479997,1,0.82159728
2022,5,24,-0.25303683,-0.35772365,2,0.43817103
2022,5,25,-0.00404218165,0.18479656,7,0.18484075
2022,5,26,0.45266896,0.53970891,6,0.70441103
2022,5,27,0.60671341,1.0363758,6,1.2009063
2022,5,28,0.29041991,1.4014548,6,1.4312299
2022,5,29,0.0390386954,1.9880285,6,1.9884118
2022,5,30,-0.4571574,2.086201,7,2.1357031
2022,5,31,-0.92788732,1.7931863,7,2.0190325
2022,6,1,-1.3288876,1.5566144,7,2.0467024
2022,6,2,-1.5062059,1.4820539,8,2.1130877
2022,6,3,-1.7846183,1.2089398,8,2.1555505
2022,6,4,-2.1692879,0.86755294,8,2.3363342
2022,6,5,-2.0671382,0.45216322,8,2.1160133
2022,6,6,-1.9733741,0.11318649,8,1.9766175
2022,6,7,-1.8495809,-0.13928631,1,1.8548181
2022,6,8,-1.5991626,-0.2834051,1,1.6240811
2022,6,9,-1.2999406,-0.40781578,1,1.3624094
2022,6,10,-1.1328633,-0.49576977,1,1.2365948
2022,6,11,-1.0074902,-0.73209697,1,1.2453926
2022,6,12,-1.0491629,-0.83386499,1,1.3401767
2022,6,13,-1.1482309,-0.8716529,1,1.4416008
2022,6,14,-1.4247346,-0.94528162,1,1.7098029
2022,6,15,-1.6106274,-1.1034656,1,1.9523722
2022,6,16,-1.8377039,-1.1178677,1,2.150996
2022,6,17,-1.8871068,-0.98885453,1,2.1304941
2022,6,18,-1.785892,-0.91074914,1,2.0047131
2022,6,19,-1.6230813,-0.79633796,1,1.8079123
2022,6,20,-1.0369506,-0.81472194,1,1.3187261
2022,6,21,-0.58740664,-1.129972,2,1.2735318
2022,6,22,-0.79498541,-1.3018161,2,1.5253613
2022,6,23,-1.3426812,-1.2091792,1,1.8069054
2022,6,24,-1.3957303,-1.2527746,1,1.8755019
2022,6,25,-0.86342055,-1.4551296,2,1.6920099
2022,6,26,-0.61918467,-1.8898598,2,1.9887081
2022,6,27,-0.23604769,-1.9382154,2,1.9525361
2022,6,28,0.26604155,-1.5407709,3,1.5635706
2022,6,29,0.57314062,-1.2850487,3,1.407068
2022,6,30,0.59775293,-1.233656,3,1.3708448
2022,7,1,0.45380077,-0.91120684,3,1.0179553
2022,7,2,0.88227224,-0.76565653,4,1.1681756
2022,7,3,1.1786172,-0.82360411,4,1.4378673
2022,7,4,1.4303416,-0.66414964,4,1.5770136
2022,7,5,1.4345142,-0.40407753,4,1.4903387
2022,7,6,1.3119224,-0.18177284,4,1.3244553
2022,7,7,1.2277067,0.23636571,5,1.250253
2022,7,8,0.98236018,0.23892251,5,1.0109973
2022,7,9,0.76115817,0.0424511433,5,0.76234102
2022,7,10,0.51913053,-0.0404137187,4,0.52070123
2022,7,11,0.40308213,0.0403822698,5,0.4050999
2022,7,12,0.41861385,-0.13983932,4,0.44135314
2022,7,13,0.68228388,-0.1787158,4,0.70530182
2022,7,14,0.95733041,-0.21467365,4,0.98110461
2022,7,15,0.87027848,-0.20694892,4,0.89454597
2022,7,16,0.90354127,-0.0627600104,4,0.90571827
2022,7,17,0.65372241,-0.0944836661,4,0.66051507
2022,7,18,0.25542399,-0.0517511144,4,0.26061389
2022,7,19,-0.18276049,-0.0136749092,1,0.18327138
2022,7,20,-0.78255457,-0.0181205273,1,0.78276432
2022,7,21,-1.240837,-0.0784504414,1,1.2433145
2022,7,22,-1.6072406,-0.1957047,1,1.6191117
2022,7,23,-1.5075585,-0.29572648,1,1.5362899
2022,7,24,-1.4774137,-0.72094184,1,1.6439308
2022,7,25,-1.4212739,-0.89664942,1,1.6804761
2022,7,26,-0.98234409,-0.7967748,1,1.2648517
2022,7,27,-0.56884313,-0.79718763,2,0.97933173
2022,7,28,-0.14742334,-0.91174853,2,0.9235903
2022,7,29,0.0437775701,-0.67684984,3,0.67826408
2022,7,30,0.15291913,-0.65166819,3,0.66936964
2022,7,31,0.21748194,-0.65621901,3,0.69131887
2022,8,1,0.49566957,-0.79266179,3,0.9348802
2022,8,2,0.59396243,-0.8608169,3,1.0458475
2022,8,3,0.60836434,-0.52928501,4,0.80638069
2022,8,4,0.83179611,0.0370196216,5,0.83261949
2022,8,5,1.1066966,0.27869162,5,1.1412477
2022,8,6,1.1180145,0.42760953,5,1.1969988
2022,8,7,0.7742843,0.69890124,5,1.0430623
2022,8,8,0.43722951,0.64077026,6,0.77572948
2022,8,9,0.10837796,0.48872051,6,0.50059319
2022,8,10,-0.14631869,0.38595849,7,0.41276279
2022,8,11,-0.3111164,0.18196653,8,0.36042368
2022,8,12,-0.19789898,-0.0136886127,1,0.19837184
2022,8,13,-0.19092081,-0.36014163,2,0.4076184
2022,8,14,-0.143604,-0.3711811,2,0.39799184
2022,8,15,-0.0741976425,-0.12915218,2,0.14894824
2022,8,16,-0.16901909,0.13290583,8,0.2150149
2022,8,17,-0.43839246,0.22292106,8,0.49181473
2022,8,18,-0.57215971,-0.10415713,1,0.58156294
2022,8,19,-0.59561646,-0.30136269,1,0.66751665
2022,8,20,-0.70892781,-0.48996145,1,0.8617661
2022,8,21,-0.80790645,-0.81225675,2,1.1456325
2022,8,22,-0.76735473,-0.99664825,2,1.2578318
2022,8,23,-1.0355002,-1.2489871,2,1.6224147
2022,8,24,-1.0670384,-1.2486742,2,1.6424854
2022,8,25,-1.0180907,-1.4840773,2,1.7997205
2022,8,26,-1.0142426,-1.6304505,2,1.9201711
2022,8,27,-0.95407504,-1.7601985,2,2.0021384
2022,8,28,-0.96766996,-1.6788538,2,1.9377655
2022,8,29,-0.67925942,-1.2469954,2,1.4199969
2022,8,30,-0.34263054,-1.0552307,2,1.1094627
2022,8,31,-0.00471554231,-0.95411891,2,0.95413053
2022,9,1,0.2410892,-0.74357969,3,0.78168714
2022,9,2,0.44212174,-0.47643149,3,0.64996815
2022,9,3,0.54681814,-0.29545102,4,0.62153149
2022,9,4,0.53029925,-0.22200464,4,0.57489419
2022,9,5,0.25303778,-0.18253003,4,0.31200215
2022,9,6,0.33866504,-0.30061364,4,0.45283836
2022,9,7,0.53785664,-0.18501042,4,0.56878698
2022,9,8,0.68245322,0.0340688229,5,0.68330306
2022,9,9,0.38467821,0.13199383,5,0.40669361
2022,9,10,0.14959006,0.15926515,6,0.21850073
2022,9,11,0.27719501,0.058923021,5,0.28338841
2022,9,12,0.181337,0.0339076854,5,0.18447992
2022,9,13,-0.0360369273,0.0224022549,8,0.0424325503
2022,9,14,-0.40516555,0.21038097,8,0.45652959
2022,9,15,-0.42236027,0.24844092,8,0.4900113
2022,9,16,-0.17410411,0.0196098872,8,0.17520499
2022,9,17,-0.12400391,-0.25014254,2,0.27919218
2022,9,18,-0.0865991414,-0.46853873,2,0.47647449
2022,9,19,0.10488521,-0.37486634,3,0.389263
2022,9,20,0.30402496,-0.2325063,4,0.38274059
2022,9,21,0.42042613,-0.29642007,4,0.5144152
2022,9,22,0.51288265,-0.0224558506,4,0.51337403
2022,9,23,0.51840776,0.0733171701,5,0.52356666
2022,9,24,0.61275148,-0.0390544869,4,0.61399484
2022,9,25,0.44488007,0.31834188,5,0.54704648
2022,9,26,0.42704931,0.22884539,5,0.48450112
2022,9,27,0.44918573,-0.0883639082,4,0.4577947
2022,9,28,0.34892344,-0.16037838,4,0.38401666
2022,9,29,0.46366668,-0.4334957,4,0.63474822
2022,9,30,0.32968801,-0.59807348,3,0.68292463
2022,10,1,0.76188612,-0.66698402,4,1.0125898
2022,10,2,0.9403578,-0.64189059,4,1.1385502
2022,10,3,0.85961658,-0.62025738,4,1.0600282
2022,10,4,0.78245652,-0.47291803,4,0.91427004
2022,10,5,0.74180746,-0.44718748,4,0.86617255
2022,10,6,0.91024441,-0.20918126,4,0.93397087
2022,10,7,1.0218034,-0.000882308406,4,1.0218039
2022,10,8,1.0542426,0.44606808,5,1.1447289
2022,10,9,1.0482597,0.73912531,5,1.2826358
2022,10,10,1.1579278,0.9387325,5,1.4906425
2022,10,11,1.2978081,1.1984644,5,1.7665284
2022,10,12,1.3762612,1.2284477,5,1.8447707
2022,10,13,1.3281668,1.4666502,6,1.9786587
2022,10,14,1.1681397,1.8375875,6,2.1774476
2022,10,15,0.89498419,1.5783284,6,1.8144193
2022,10,16,0.59681869,1.4511589,6,1.5690936
2022,10,17,0.29128501,1.4228379,6,1.4523479
2022,10,18,0.33983266,1.3102072,6,1.3535616
2022,10,19,0.34231463,1.1689162,6,1.2180084
2022,10,20,0.27609152,1.268949,6,1.298637
2022,10,21,0.24647129,1.4242811,6,1.4454497
2022,10,22,0.22714074,1.5787925,6,1.5950481
2022,10,23,0.42537889,1.8864503,6,1.9338154
2022,10,24,0.30663082,1.9474703,6,1.9714622
2022,10,25,0.20582666,1.9208765,6,1.9318725
2022,10,26,0.22192658,2.0628142,6,2.074718
2022,10,27,0.37585306,1.8522668,6,1.8900154
2022,10,28,0.33652768,1.4516444,6,1.4901417
2022,10,29,0.30841696,1.5107768,6,1.5419362
2022,10,30,0.43654549,1.6061958,6,1.6644629
2022,10,31,0.1526639,1.7397856,6,1.7464708
2022,11,1,-0.0637483224,1.8845551,7,1.885633
2022,11,2,-0.19021718,1.8812987,7,1.8908906
2022,11,3,-0.56316519,1.6670424,7,1.7595981
2022,11,4,-0.86025774,1.2728212,7,1.5362673
2022,11,5,-1.1229151,1.0613407,8,1.5451157
2022,11,6,-1.1456717,0.9125753,8,1.4647038
2022,11,7,-1.0808996,0.76629966,8,1.3249751
2022,11,8,-0.80061418,0.32642695,8,0.86460257
2022,11,9,-0.53378516,0.0152462153,8,0.53400284
2022,11,10,-0.36841586,-0.21658467,1,0.42736304
2022,11,11,-0.18678324,-0.26862088,2,0.32717755
2022,11,12,0.2481851,-0.35543424,3,0.43350819
2022,11,13,0.65659881,-0.24586208,4,0.70112067
2022,11,14,0.97810537,-0.22409339,4,1.003448
2022,11,15,1.0351189,-0.0415077619,4,1.0359509
2022,11,16,0.99396867,0.015191691,5,0.99408472
2022,11,17,1.1321385,0.2820392,5,1.1667407
2022,11,18,1.2249259,0.62181836,5,1.3737181
2022,11,19,1.054971,0.84242404,5,1.3500526
2022,11,20,1.0585754,0.99963105,5,1.4559684
2022,11,21,1.0251381,1.0898302,6,1.4962078
2022,11,22,0.80663872,1.3237495,6,1.5501544
2022,11,23,0.55270129,1.4252646,6,1.5286785
2022,11,24,-0.0175942369,1.5411193,7,1.5412197
2022,11,25,-0.59731209,1.6696924,7,1.7733173
2022,11,26,-0.95037758,1.7071248,7,1.9538405
2022,11,27,-1.0471054,1.5064949,7,1.8346543
2022,11,28,-1.0159411,1.2973906,7,1.6478345
2022,11,29,-0.79338717,0.99334466,7,1.2712973
2022,11,30,-0.70879054,0.64383513,8,0.95755297
2022,12,1,-0.3310411,0.34341192,7,0.47699052
2022,12,2,-0.0363428034,-0.0395970829,2,0.0537468903
2022,12,3,0.25740895,-0.49312508,3,0.55626589
2022,12,4,0.25819981,-0.65465772,3,0.70373565
2022,12,5,0.29839298,-0.59555256,3,0.66612405
2022,12,6,0.37478796,-0.71485442,3,0.80714488
2022,12,7,0.60826761,-0.73876935,3,0.95695859
2022,12,8,1.082516,-0.55323666,4,1.2156938
2022,12,9,1.2271562,-0.48958302,4,1.321213
2022,12,10,1.1257906,-0.47839555,4,1.2232199
2022,12,11,1.0360757,-0.48229948,4,1.1428323
2022,12,12,0.83440214,-0.33757025,4,0.90010035
2022,12,13,0.49149698,-0.26757631,4,0.55961269
2022,12,14,0.41804516,-0.20667166,4,0.46634209
2022,12,15,0.33989969,-0.24139617,4,0.41689795
2022,12,16,0.31813225,-0.27084532,4,0.41781014
2022,12,17,0.28459981,-0.36841658,3,0.46554035
2022,12,18,0.0097724637,-0.52024084,3,0.52033263
2022,12,19,0.17549995,-0.25611013,3,0.31047162
2022,12,20,0.65661395,-0.0168071371,4,0.656829
2022,12,21,1.207595,-0.0962339863,4,1.2114234
2022,12,22,1.6304624,-0.0815376043,4,1.6324999
2022,12,23,1.7644166,0.11740475,5,1.7683183
2022,12,24,1.7329216,0.34686381,5,1.767295
2022,12,25,1.6621295,0.77154344,5,1.8324721
2022,12,26,1.4884917,1.0569087,5,1.8255584
2022,12,27,1.2970653,0.94659561,5,1.6057464
2022,12,28,1.110525,1.0643698,5,1.5382291
2022,12,29,0.70067471,1.4215649,6,1.5848634
2022,12,30,0.30849475,1.6222944,6,1.6513656
2022,12,31,0.0143594723,1.5912158,6,1.5912807
2023,1,1,-0.0922987983,1.2775991,7,1.2809287
2023,1,2,-0.53098679,1.3935492,7,1.4912834
2023,1,3,-0.50524503,1.3809869,7,1.4705092
2023,1,4,-0.42784134,1.1280558,7,1.2064651
2023,1,5,-0.47976896,1.040675,7,1.1459419
2023,1,6,-0.46124244,1.0122111,7,1.112347
2023,1,7,-0.35045069,0.71234512,7,0.79388362
2023,1,8,-0.51998669,0.84033245,7,0.98820281
2023,1,9,-0.59353065,0.85390025,7,1.0399154
2023,1,10,-0.43940416,0.75423139,7,0.87289232
2023,1,11,-0.66961157,0.26312971,8,0.71945602
2023,1,12,-0.97009015,0.39522508,8,1.0475103
2023,1,13,-0.93804961,0.5830552,8,1.1044865
2023,1,14,-0.69658196,0.48357585,8,0.84798115
2023,1,15,-0.48691791,0.38420713,8,0.62024528
2023,1,16,-0.6575895,0.41103485,8,0.77548283
2023,1,17,-0.71582645,0.0128513062,8,0.71594179
2023,1,18,-0.56057328,-0.34613097,1,0.65882397
2023,1,19,-0.27461076,-0.69764626,2,0.74974757
2023,1,20,0.17830685,-1.1209913,3,1.1350837
2023,1,21,0.35341364,-1.5325147,3,1.5727373
2023,1,22,0.29398951,-1.4846002,3,1.513429
2023,1,23,0.28744665,-1.5230998,3,1.5499867
2023,1,24,0.43474725,-1.569347,3,1.6284518
2023,1,25,0.47874638,-1.9232513,3,1.9819418
2023,1,26,0.66456574,-1.8440182,3,1.960115
2023,1,27,0.75849265,-1.9317718,3,2.0753441
2023,1,28,0.96983194,-2.0597992,3,2.2766964
2023,1,29,0.85118347,-2.317699,3,2.4690568
2023,1,30,0.4886125,-2.0560577,3,2.1133187
2023,1,31,0.68765104,-1.6801057,3,1.815384
2023,2,1,0.80218571,-1.4270405,3,1.6370542
2023,2,2,0.85215938,-1.3725065,3,1.6155338
2023,2,3,0.93343383,-1.2304798,3,1.5444673
2023,2,4,1.0118725,-1.2827948,3,1.6338446
2023,2,5,1.2092102,-1.2691007,3,1.752942
2023,2,6,1.3633833,-1.1746922,4,1.7996432
2023,2,7,1.6959257,-0.92156082,4,1.9301394
2023,2,8,1.8033775,-0.66596812,4,1.9224162
2023,2,9,1.8438261,-0.23065305,4,1.8581967
2023,2,10,1.9627752,0.27930236,5,1.982548
2023,2,11,1.7658836,0.93399,5,1.9976692
2023,2,12,1.5745989,1.611712,6,2.2532148
2023,2,13,1.1679809,2.1371877,6,2.4355185
2023,2,14,0.84553307,2.1444757,6,2.3051469
2023,2,15,0.1316281,1.9191675,6,1.9236761
2023,2,16,-0.56795913,1.9488766,7,2.0299501
2023,2,17,-0.85198569,1.9614178,7,2.1384666
2023,2,18,-0.80884695,1.8435084,7,2.0131459
2023,2,19,-0.89430803,1.4720619,7,1.7224265
2023,2,20,-1.0396261,1.1599362,7,1.5576502
2023,2,21,-0.82905692,0.9870255,7,1.289013
2023,2,22,-0.739447,0.9451322,7,1.2000237
2023,2,23,-0.4278942,0.95372635,7,1.0453168
2023,2,24,-0.0921945646,0.83006251,7,0.83516681
2023,2,25,-0.14612547,0.7227695,7,0.73739296
2023,2,26,-0.30470911,0.65665066,7,0.72390449
2023,2,27,-0.19391385,0.90275133,7,0.92334312
2023,2,28,-0.021433387,1.1939967,7,1.1941891
2023,3,1,0.0866783112,1.3042835,6,1.3071605
2023,3,2,-0.1106534,1.7479118,7,1.7514108
2023,3,3,-0.24890149,2.1379356,7,2.1523757
2023,3,4,-0.99677253,2.8890593,7,3.0561771
2023,3,5,-1.5156627,2.9768798,7,3.3405161
2023,3,6,-2.0861683,3.1125669,7,3.7470217
2023,3,7,-2.9673355,2.744323,8,4.0418296
2023,3,8,-3.6860023,2.5186822,8,4.4643445
2023,3,9,-4.1601529,1.8900778,8,4.5693836
2023,3,10,-4.1797934,1.4298667,8,4.4176002
2023,3,11,-4.1302958,1.1657888,8,4.291667
2023,3,12,-4.1588373,0.90278429,8,4.2556958
2023,3,13,-3.9851875,0.4724561,8,4.0130954
2023,3,14,-3.6104288,0.10057233,8,3.6118293
2023,3,15,-3.1564832,-0.0465295762,1,3.156826
2023,3,16,-2.791383,-0.13497053,1,2.7946441
2023,3,17,-2.6213851,-0.30535746,1,2.6391103
2023,3,18,-2.5204577,-0.59250385,1,2.5891635
2023,3,19,-2.2021132,-0.88737553,1,2.3741815
2023,3,20,-1.5738338,-1.1534356,1,1.9512473
2023,3,21,-1.0832646,-1.4480726,2,1.8084182
2023,3,22,-0.67060506,-1.7444577,2,1.8689152
2023,3,23,-0.37153384,-1.9151312,2,1.950837
2023,3,24,-0.14717133,-1.6558155,2,1.662343
2023,3,25,-0.11470667,-1.4554554,2,1.4599686
2023,3,26,0.17238022,-1.283264,3,1.2947901
2023,3,27,0.26733714,-0.97178251,3,1.0078841
2023,3,28,0.24747187,-0.92458063,3,0.9571268
2023,3,29,0.32855162,-0.42098069,3,0.53401399
2023,3,30,0.26945728,-0.33057678,3,0.42648354
2023,3,31,0.40841052,0.0544935018,5,0.41202998
2023,4,1,0.61147934,0.3705669,5,0.71500129
2023,4,2,0.77392024,0.48484954,5,0.91325331
2023,4,3,0.67712951,0.53178936,5,0.86099029
2023,4,4,0.30654234,0.71422899,6,0.77723312
2023,4,5,0.0839055851,0.7864539,6,0.79091716
2023,4,6,0.19834983,0.78473061,6,0.80941015
2023,4,7,0.26171622,1.1042536,6,1.1348443
2023,4,8,0.38321644,1.3572073,6,1.4102718
2023,4,9,0.19153239,1.7284243,6,1.7390041
2023,4,10,-0.11250098,1.9987758,7,2.0019395
2023,4,11,-0.30061561,2.1300673,7,2.1511757
2023,4,12,-0.38191548,2.1033199,7,2.1377122
2023,4,13,-0.51088029,1.9073001,7,1.9745361
2023,4,14,-0.66006285,1.6955444,7,1.8194927
2023,4,15,-0.71447438,1.767848,7,1.906767
2023,4,16,-0.95567054,1.5981165,7,1.862064
2023,4,17,-1.3171791,1.5427978,7,2.0285921
2023,4,18,-1.6630843,1.369253,8,2.1542292
2023,4,19,-1.7216663,1.0737184,8,2.0290408
2023,4,20,-1.9653342,0.49880177,8,2.0276444
2023,4,21,-2.1102831,0.27869141,8,2.1286061
2023,4,22,-2.344274,-0.37702274,1,2.3743982
2023,4,23,-2.2800314,-0.74563485,1,2.3988569
2023,4,24,-2.0917265,-0.97272164,1,2.3068392
2023,4,25,-1.7772171,-1.3071666,1,2.2061698
2023,4,26,-1.4123542,-1.461746,2,2.0325959
2023,4,27,-1.1696225,-1.5149746,2,1.9139397
2023,4,28,-0.77498466,-1.2644019,2,1.4830083
2023,4,29,-0.030398177,-1.238107,2,1.2384801
2023,4,30,0.74824733,-1.1853932,3,1.4017957
2023,5,1,1.1960205,-1.352302,3,1.8053215
2023,5,2,1.4740621,-1.2153746,4,1.9104959
2023,5,3,1.666147,-0.75010836,4,1.8272133
2023,5,4,1.800524,-0.24448226,4,1.8170465
2023,5,5,1.9307911,0.0659003034,5,1.9319154
2023,5,6,1.5935079,0.0393779352,5,1.5939944
2023,5,7,1.3506595,0.38153139,5,1.4035125
2023,5,8,1.1053773,0.71678835,5,1.3174386
2023,5,9,0.88831651,0.99372029,6,1.3328865
2023,5,10,0.68192643,1.0564619,6,1.2574321
2023,5,11,0.38505307,1.0799037,6,1.1464981
2023,5,12,0.0843619406,0.96857697,6,0.97224391
2023,5,13,0.17786373,1.0557808,6,1.070658
2023,5,14,0.0849654526,1.1210699,6,1.1242851
2023,5,15,0.22178012,1.3959259,6,1.4134339
2023,5,16,0.30143055,1.7013832,6,1.7278788
2023,5,17,0.31434962,1.81069,6,1.8377743
2023,5,18,0.31387392,2.0012333,6,2.0256979
2023,5,19,0.20071571,1.9309464,6,1.9413502
2023,5,20,0.10051177,1.5254003,6,1.5287081
2023,5,21,-0.29212627,1.4073215,7,1.4373208
2023,5,22,-0.44863138,1.5645328,7,1.6275849
2023,5,23,-0.43246111,1.9369974,7,1.9846869
2023,5,24,-0.51926976,2.236726,7,2.296211
2023,5,25,-0.82878959,2.2047994,7,2.3554261
2023,5,26,-1.0765036,1.7755063,7,2.0763628
2023,5,27,-1.4554018,1.5331205,7,2.1139188
2023,5,28,-1.5640769,1.2000992,8,1.9714397
2023,5,29,-1.3957875,0.89947742,8,1.6605066
2023,5,30,-1.2512125,0.57576442,8,1.3773298
2023,5,31,-1.4306504,0.28849342,8,1.4594481
2023,6,1,-1.4536089,0.0781272426,8,1.4557068
2023,6,2,-1.3356357,0.071653381,8,1.3375564
2023,6,3,-1.392419,-0.046096459,1,1.3931818
2023,6,4,-1.587028,-0.19965032,1,1.5995369
2023,6,5,-1.5077486,-0.47415265,1,1.5805463
2023,6,6,-1.4478005,-0.82490873,1,1.6663135
2023,6,7,-1.2315096,-1.0656818,1,1.6285864
2023,6,8,-0.69565654,-1.0318514,2,1.2444497
2023,6,9,-0.0484719314,-1.1519849,2,1.1530043
2023,6,10,0.27930161,-1.2402257,3,1.2712864
2023,6,11,0.54702741,-1.1959227,3,1.3150933
2023,6,12,0.80425406,-1.1045744,3,1.3663489
2023,6,13,0.90349013,-1.264671,3,1.5542481
2023,6,14,0.96882778,-1.284319,3,1.6087582
2023,6,15,0.79830188,-1.0641329,3,1.3302875
2023,6,16,0.54939514,-0.78885853,3,0.96131825
2023,6,17,0.23714739,-0.4503651,3,0.50898683
2023,6,18,0.0249413569,-0.0499481186,3,0.055829078
2023,6,19,-0.19698693,0.13924605,8,0.2412329
2023,6,20,-0.58483851,0.28195816,8,0.64925838
2023,6,21,-0.99770546,0.0192313157,8,0.99789077
2023,6,22,-1.154032,-0.41034639,1,1.224816
2023,6,23,-0.96689969,-0.74864036,1,1.2228481
2023,6,24,-0.65687096,-0.99995333,2,1.1964055
2023,6,25,-0.3032518,-1.2737758,2,1.3093764
2023,6,26,-0.2218471,-1.1246481,2,1.14632
2023,6,27,-0.16133733,-0.84711093,2,0.86233789
2023,6,28,-0.24899994,-0.50570971,2,0.56368721
2023,6,29,-0.0689728856,-0.76557416,2,0.76867491
2023,6,30,-0.28054729,-1.1075567,2,1.142536
2023,7,1,-0.53749424,-1.1809129,2,1.2974803
2023,7,2,-0.58818209,-1.2064067,2,1.3421533
2023,7,3,-0.61206073,-1.1063648,2,1.2643819
2023,7,4,-0.52673084,-1.1581572,2,1.2723103
2023,7,5,-0.6348145,-1.354672,2,1.4960366
2023,7,6,-0.59226406,-1.051707,2,1.2070063
2023,7,7,-0.45692623,-0.98538238,2,1.0861676
2023,7,8,-0.264961,-0.79297721,2,0.83607244
2023,7,9,0.0964566022,-0.94133258,3,0.94626153
2023,7,10,0.21680848,-0.71151024,3,0.74380958
2023,7,11,0.17885253,-0.61946023,3,0.64476293
2023,7,12,0.3285445,-0.69970161,3,0.77299666
2023,7,13,0.40577465,-0.51221675,3,0.65346694
2023,7,14,0.25520909,-0.22594745,4,0.34085765
2023,7,15,0.35697302,-0.0869754329,4,0.36741593
2023,7,16,0.64147669,0.099381052,5,0.64912939
2023,7,17,0.59097338,-0.0931115821,4,0.59826356
2023,7,18,0.7637766,-0.0437839888,4,0.76503056
2023,7,19,0.64849055,0.17844212,5,0.67259318
2023,7,20,0.47313377,0.32633692,5,0.57476199
2023,7,21,0.1559976,0.37955973,6,0.41036671
2023,7,22,0.0979322046,0.61003613,6,0.61784691
2023,7,23,0.47029656,0.66642171,6,0.81565726
2023,7,24,0.64290273,0.6915428,6,0.94422209
2023,7,25,0.45007971,0.61404032,6,0.76132601
2023,7,26,0.29636776,0.60761493,6,0.67603976
2023,7,27,0.34241581,0.76571709,6,0.83879155
2023,7,28,0.2574074,0.61757672,6,0.66907364
2023,7,29,0.0297359265,0.49932852,6,0.50021315
2023,7,30,-0.20198523,0.47370157,7,0.5149672
2023,7,31,-0.36158293,0.26199755,8,0.44652539
2023,8,1,-0.27853075,0.26210716,8,0.38246509
2023,8,2,-0.35939476,0.16621786,8,0.39597091
2023,8,3,-0.56008983,0.0613425374,8,0.56343901
2023,8,4,-0.88390625,0.0313066207,8,0.88446045
2023,8,5,-1.0987873,0.0445500687,8,1.0996901
2023,8,6,-1.0069294,0.19403805,8,1.0254548
2023,8,7,-0.685929,0.18707712,8,0.71098274
2023,8,8,-0.73011082,-0.0467931516,1,0.73160875
2023,8,9,-0.90727746,0.18311331,8,0.92557168
2023,8,10,-0.75523698,0.2295679,8,0.78935689
2023,8,11,-0.81941825,0.54904187,8,0.98635352
2023,8,12,-0.74670339,0.65705192,8,0.99462712
2023,8,13,-0.80964172,0.65950316,8,1.0442529
2023,8,14,-0.86678934,0.673958,8,1.0979723
2023,8,15,-0.79797179,0.78791487,8,1.1214137
2023,8,16,-0.76334769,0.93609548,7,1.2078801
2023,8,17,-0.79751796,0.90185946,7,1.2039043
2023,8,18,-1.0275143,0.58452886,8,1.182142
2023,8,19,-1.2338545,0.17494333,8,1.2461951
2023,8,20,-1.4594127,0.12568311,8,1.4648145
2023,8,21,-1.4524556,-0.1171388,1,1.4571716
2023,8,22,-1.5441248,-0.13930579,1,1.550396
2023,8,23,-1.42504,0.10854734,8,1.4291681
2023,8,24,-1.2166258,0.26280409,8,1.2446865
2023,8,25,-0.83589566,0.0373008624,8,0.8367275
2023,8,26,-0.85152203,0.00622508815,8,0.8515448
2023,8,27,-0.62179399,-0.15889753,1,0.64177585
2023,8,28,-0.2882849,-0.35733873,2,0.45912871
2023,8,29,-0.0935200453,-0.24915379,2,0.26612705
2023,8,30,0.0472222194,-0.27310461,3,0.2771571
2023,8,31,0.0541972816,-0.25186759,3,0.25763273
2023,9,1,-0.0792919546,-0.0418764204,1,0.0896707773
2023,9,2,0.15655847,-0.0400100835,4,0.1615901
2023,9,3,0.39817682,-0.26400611,4,0.4777489
2023,9,4,0.46012455,-0.90435004,3,1.0146741
2023,9,5,0.61897349,-1.1939229,3,1.3448346
2023,9,6,0.73026055,-1.5009772,3,1.6691953
2023,9,7,0.89995331,-1.4980252,3,1.7475684
2023,9,8,1.1269095,-1.1749579,3,1.6280205
2023,9,9,1.3046223,-0.95891619,4,1.6191231
2023,9,10,1.2118483,-0.61351126,4,1.3582976
2023,9,11,1.0002481,-0.79988784,4,1.2807486
2023,9,12,0.65603834,-0.43029457,4,0.78456342
2023,9,13,0.54511446,-0.2431089,4,0.59686828
2023,9,14,0.21941644,-0.35556686,3,0.41781738
2023,9,15,0.0526089296,-0.43444973,3,0.43762344
2023,9,16,-0.00918168668,-0.5913741,2,0.59144539
2023,9,17,-0.0874535888,-0.77558798,2,0.78050292
2023,9,18,-0.0651921481,-0.80349386,2,0.80613422
2023,9,19,0.14582077,-0.62031513,3,0.63722408
2023,9,20,0.25788975,-0.37573713,3,0.45572525
2023,9,21,0.44489816,0.0359992683,5,0.44635224
2023,9,22,0.58242869,-0.0498659015,4,0.5845595
2023,9,23,0.60192007,-0.17399393,4,0.62656337
2023,9,24,0.62626332,-0.13746466,4,0.64117259
2023,9,25,0.76473612,-0.15914378,4,0.78111976
2023,9,26,0.82602316,-0.17380188,4,0.84410983
2023,9,27,0.79484391,-0.0796229988,4,0.7988221
2023,9,28,0.84374696,0.0547387898,5,0.84552068
2023,9,29,0.97673601,0.36704019,5,1.0434231
2023,9,30,0.70475519,0.61606908,5,0.93606675
2023,10,1,0.33698025,0.75455302,6,0.82638121
2023,10,2,0.00272245426,0.71503705,6,0.71504223
2023,10,3,-0.27622843,0.76693034,7,0.81515902
2023,10,4,-0.63977736,0.76886094,7,1.000231
2023,10,5,-0.80618805,0.49901292,8,0.94813138
2023,10,6,-0.86105567,0.29983535,8,0.91176647
2023,10,7,-0.95302659,-0.12346955,1,0.96099138
2023,10,8,-1.2037214,-0.32167834,1,1.2459624
2023,10,9,-1.3338722,-0.44154727,1,1.4050548
2023,10,10,-1.3689867,-0.2946074,1,1.4003279
2023,10,11,-1.4593405,-0.27506304,1,1.4850368
2023,10,12,-1.5108056,-0.13420646,1,1.5167547
2023,10,13,-1.3126848,-0.0484760106,1,1.3135796
2023,10,14,-1.4309741,0.0627527609,8,1.4323494
2023,10,15,-1.20281,0.23195793,8,1.2249721
2023,10,16,-1.3764751,0.0196773298,8,1.3766158
2023,10,17,-1.4463657,-0.30474973,1,1.4781225
2023,10,18,-1.4572176,-0.42903873,1,1.5190645
2023,10,19,-1.4875667,-0.37621331,1,1.5344025
2023,10,20,-1.3235576,-0.0959654823,1,1.3270321
2023,10,21,-1.0512837,0.0816745833,8,1.0544516
2023,10,22,-1.1764264,0.38346329,8,1.2373452
2023,10,23,-1.1860029,0.48106954,8,1.2798557
2023,10,24,-1.3908048,0.53835666,8,1.4913636
2023,10,25,-1.6196483,0.57495594,8,1.7186725
2023,10,26,-1.6435519,0.51006967,8,1.7208817
2023,10,27,-1.7206386,0.29751593,8,1.746171
2023,10,28,-1.7006265,-0.0775299072,1,1.7023928
2023,10,29,-1.7712748,-0.46508721,1,1.8313166
2023,10,30,-1.7343212,-0.66984355,1,1.8591828
2023,10,31,-1.4959424,-0.83634913,1,1.7138621
2023,11,1,-1.2957927,-0.92989522,1,1.5949244
2023,11,2,-1.0198334,-0.97924811,1,1.4138554
2023,11,3,-0.63242102,-0.91233975,2,1.1100991
2023,11,4,-0.63655579,-0.92032951,2,1.1190218
2023,11,5,-0.71582228,-0.91565859,2,1.162253
2023,11,6,-0.46923774,-0.57076567,2,0.7388894
2023,11,7,0.0367222875,-0.30002362,3,0.30226263
2023,11,8,0.25239527,0.0814663246,5,0.26521716
2023,11,9,0.28069696,0.20585147,5,0.3480885
2023,11,10,0.17962913,0.56020451,6,0.58829898
2023,11,11,0.20445879,0.61405349,6,0.64719784
2023,11,12,-0.0177145973,0.68557751,7,0.68580633
2023,11,13,-0.26559132,0.62804425,7,0.68189323
2023,11,14,-0.86291718,0.63997597,8,1.0743349
2023,11,15,-0.99905568,0.55836904,8,1.1445035
2023,11,16,-1.4320002,0.22065127,8,1.4489001
2023,11,17,-1.6762208,-0.1083338,1,1.6797179
2023,11,18,-1.7928088,-0.42010999,1,1.8413733
2023,11,19,-1.9400597,-0.92822123,1,2.1506803
2023,11,20,-1.927567,-1.1249317,1,2.2318122
2023,11,21,-1.8153611,-1.5080314,1,2.3600199
2023,11,22,-1.4771328,-1.8868843,2,2.3963001
2023,11,23,-1.0880907,-1.8008865,2,2.1040754
2023,11,24,-0.71991271,-2.0344598,2,2.158078
2023,11,25,-0.39911723,-1.9880606,2,2.0277276
2023,11,26,-0.0776539445,-1.7937781,2,1.7954581
2023,11,27,0.000966383959,-1.4961258,3,1.4961261
2023,11,28,-0.0105802901,-1.3949476,2,1.3949878
2023,11,29,0.27320957,-1.6175796,3,1.6404899
2023,11,30,0.77264518,-1.6019967,3,1.7785876
2023,12,1,1.0188427,-1.5480794,3,1.8532647
2023,12,2,1.1622877,-1.5896536,3,1.9692413
2023,12,3,1.3304054,-1.2086754,4,1.7974634
2023,12,4,1.5996393,-1.1045942,4,1.9439585
2023,12,5,1.5615336,-1.0611852,4,1.8879887
2023,12,6,1.8386749,-0.86627817,4,2.0325263
2023,12,7,1.8221983,-0.50046855,4,1.889676
2023,12,8,1.7044828,0.0116933798,5,1.704523
2023,12,9,1.4969704,0.5069527,5,1.5804814
2023,12,10,1.3989959,0.67440587,5,1.5530657
2023,12,11,1.1785868,0.80727941,5,1.4285542
2023,12,12,0.96148735,0.81242305,5,1.2587649
2023,12,13,0.60312158,0.89053458,6,1.0755498
2023,12,14,0.51718277,0.87692714,6,1.0180763
2023,12,15,0.2191209,0.97038418,6,0.9948163
2023,12,16,-0.0704859123,1.0851526,7,1.0874394
2023,12,17,-0.24525174,0.98423797,7,1.0143336
2023,12,18,-0.49235535,0.85647792,7,0.98791105
2023,12,19,-0.418455,0.70283586,7,0.81797481
2023,12,20,-0.34475178,0.75923365,7,0.83384025
2023,12,21,-0.48018786,0.53887564,7,0.72178072
2023,12,22,-0.87988937,0.15897152,8,0.89413494
2023,12,23,-1.276839,-0.26066276,1,1.3031743
2023,12,24,-1.4174098,-0.31008404,1,1.4509315
2023,12,25,-1.7372394,-0.36128882,1,1.7744098
2023,12,26,-1.7852657,-0.43148404,1,1.8366687
2023,12,27,-2.0029364,-0.3170473,1,2.027874
2023,12,28,-2.0300305,-0.54871124,1,2.1028807
2023,12,29,-1.7100886,-1.0229383,1,1.9926881
2023,12,30,-1.2489152,-1.6223127,2,2.0473611
2023,12,31,-0.7145896,-1.7537605,2,1.8937566
2024,1,1,-0.36047375,-1.9252654,2,1.958721
2024,1,2,0.13440147,-2.2724237,3,2.2763948
2024,1,3,0.35034683,-2.274811,3,2.3016317
2024,1,4,0.51015961,-2.2993703,3,2.3552849
2024,1,5,0.60854185,-1.9288419,3,2.0225613
2024,1,6,0.53336924,-1.3852706,3,1.4844047
2024,1,7,0.36882269,-1.206286,3,1.2614104
2024,1,8,0.0268928539,-0.92909831,3,0.92948747
2024,1,9,-0.27477276,-1.2543195,2,1.2840629
2024,1,10,-0.17149566,-1.2255571,2,1.2374978
2024,1,11,0.21122743,-1.1072811,3,1.1272482
2024,1,12,0.62775373,-1.2122779,3,1.3651712
2024,1,13,1.1148041,-1.0261097,4,1.5151533
2024,1,14,1.6522605,-0.78164959,4,1.8278241
2024,1,15,2.1910501,-0.61863226,4,2.2767096
2024,1,16,2.6500337,-0.30198953,4,2.6671851
2024,1,17,2.7293062,-0.00314356457,4,2.7293081
2024,1,18,2.9813273,0.2602528,5,2.9926651
2024,1,19,2.8243241,0.53843957,5,2.875191
2024,1,20,2.6328351,1.0594623,5,2.8380065
2024,1,21,2.3591504,1.5375823,5,2.8159811
2024,1,22,2.1366937,1.6668525,5,2.7099552
2024,1,23,1.8532326,1.8038651,5,2.5861943
2024,1,24,1.2706325,1.9810869,6,2.3535531
2024,1,25,0.75834125,2.2661524,6,2.3896711
2024,1,26,0.47759646,2.3755052,6,2.4230402
2024,1,27,0.27635556,2.5060537,6,2.5212452
2024,1,28,-0.0997145772,2.3912914,7,2.3933694
2024,1,29,-0.28613156,2.1516919,7,2.1706333
2024,1,30,-0.384455,2.1967354,7,2.2301238
2024,1,31,-0.31603161,2.0904667,7,2.1142201
2024,2,1,-0.30843943,1.9854517,7,2.0092669
2024,2,2,-0.61054701,1.8671901,7,1.9644762
2024,2,3,-0.84719026,1.761233,7,1.9543984
2024,2,4,-0.79663736,1.9349788,7,2.0925522
2024,2,5,-0.51290435,2.0160117,7,2.0802343
2024,2,6,-0.0371458232,2.2707882,7,2.2710919
2024,2,7,0.13883764,2.2162025,6,2.220547
2024,2,8,0.0763554573,1.759505,6,1.761161
2024,2,9,-0.70815724,1.5137794,7,1.6712314
2024,2,10,-0.97841626,1.6950272,7,1.9571447
2024,2,11,-0.88159156,1.6737834,7,1.8917596
2024,2,12,-1.0595821,1.52772,7,1.8592049
2024,2,13,-0.95644063,1.5561167,7,1.8265481
2024,2,14,-0.82206964,1.8128198,7,1.9905059
2024,2,15,-0.69123191,1.5317092,7,1.6804566
2024,2,16,-0.69187212,1.0751817,7,1.2785549
2024,2,17,-0.56307346,0.89340711,7,1.0560435
2024,2,18,-0.51268709,0.70208174,7,0.86934853
2024,2,19,-0.61390263,0.52443099,8,0.80740595
2024,2,20,-0.30539665,0.30582479,7,0.43219894
2024,2,21,0.103555,0.0723366737,5,0.12631798
2024,2,22,0.236644,0.24894944,6,0.34347665
2024,2,23,0.20237812,0.32551137,6,0.38329434
2024,2,24,-0.00262395642,0.12886563,7,0.12889235
2024,2,25,0.0148208039,-0.11958914,3,0.12050401
2024,2,26,0.00239064894,-0.34193942,3,0.34194776
2024,2,27,0.0181021746,-0.72304362,3,0.72327024
2024,2,28,0.19388185,-1.0689396,3,1.0863802
2024,2,29,0.28532001,-1.3322845,3,1.3624939
2024,3,1,0.6408971,-1.541636,3,1.669548
2024,3,2,1.1199138,-1.589275,3,1.9442228
2024,3,3,1.1123608,-1.5546944,3,1.9116541
2024,3,4,1.3503877,-1.4455687,3,1.9781849
2024,3,5,1.716249,-1.5599333,4,2.3192461
2024,3,6,2.1472821,-1.5137076,4,2.6271908
2024,3,7,2.3959694,-1.3988423,4,2.7744241
2024,3,8,2.4568448,-1.2376095,4,2.7509568
2024,3,9,2.3701243,-0.92922342,4,2.5457702
2024,3,10,2.3895531,-0.6581856,4,2.4785423
2024,3,11,2.2782674,-0.1006519,4,2.2804897
2024,3,12,2.5200188,0.47888112,5,2.5651164
2024,3,13,2.431035,1.1450701,5,2.6872134
2024,3,14,2.1169548,1.4650912,5,2.5744882
2024,3,15,1.5588685,2.1297243,6,2.6392796
2024,3,16,1.0092785,2.662595,6,2.8474648
2024,3,17,0.57601213,2.8987906,6,2.9554656
2024,3,18,0.0179093573,2.8728824,6,2.8729382
2024,3,19,-0.66405213,2.6885421,7,2.7693365
2024,3,20,-0.85829955,2.3257823,7,2.4791009
2024,3,21,-1.1008675,1.712458,7,2.0357852
2024,3,22,-1.2655483,1.0498867,8,1.6443462
2024,3,23,-1.8264121,0.32487288,8,1.8550805
2024,3,24,-2.1035295,-0.10817688,1,2.1063092
2024,3,25,-1.9648933,-0.49166739,1,2.0254734
2024,3,26,-1.5672281,-0.7831409,1,1.7520027
2024,3,27,-1.3774061,-0.54346836,1,1.480745
2024,3,28,-1.0874654,-0.57539856,1,1.2303108
2024,3,29,-1.0966146,-0.84436029,1,1.3840187
2024,3,30,-1.1165941,-0.88312858,1,1.4236215
2024,3,31,-1.0727082,-0.83779919,1,1.3611063
2024,4,1,-0.69252586,-0.93211609,2,1.1612203
2024,4,2,-0.52044821,-1.1815417,2,1.2910875
2024,4,3,-0.29472241,-1.2060995,2,1.2415866
2024,4,4,0.10950635,-1.252502,3,1.25728
2024,4,5,0.39670014,-1.1076744,3,1.1765685
2024,4,6,0.56394833,-0.95897436,3,1.112506
2024,4,7,0.99993086,-0.91736531,4,1.3569896
2024,4,8,0.96068281,-0.87672365,4,1.3005983
2024,4,9,0.98525226,-0.96215761,4,1.3771236
2024,4,10,0.82199776,-0.76557517,4,1.1232923
2024,4,11,0.69908637,-0.44625831,4,0.82937825
2024,4,12,0.67916042,-0.31209987,4,0.74743909
2024,4,13,0.47893015,-0.27759629,4,0.55356461
2024,4,14,0.51450276,-0.0772293359,4,0.52026671
2024,4,15,0.26566318,0.050582733,5,0.27043581
2024,4,16,-0.0935182869,0.13693231,7,0.16581957
2024,4,17,-0.27864453,-0.00144113658,1,0.27864826
2024,4,18,-0.37655377,-0.14553532,1,0.40369949
2024,4,19,-0.30799681,-0.44718409,2,0.5429877
2024,4,20,-0.40726319,-0.69112062,2,0.80219144
2024,4,21,-0.29381761,-0.5253318,2,0.60191554
2024,4,22,-0.20208547,-0.43843663,2,0.4827683
2024,4,23,0.00399298081,-0.64490515,3,0.64491749
2024,4,24,0.15714164,-0.77483249,3,0.79060668
2024,4,25,0.0605624728,-0.90807736,3,0.91009468
2024,4,26,0.0581105724,-1.1429901,3,1.1444664
2024,4,27,0.0677099824,-1.4297619,3,1.4313642
2024,4,28,0.27063161,-1.4319528,3,1.4573025
2024,4,29,0.56168908,-1.1971852,3,1.322402
2024,4,30,0.9043898,-1.0353426,3,1.37472
2024,5,1,1.0553606,-0.74264526,4,1.2904681
2024,5,2,0.87928265,-0.71035069,4,1.1303699
2024,5,3,0.8962847,-0.52808988,4,1.040291
2024,5,4,1.1752256,-0.097090058,4,1.1792293
2024,5,5,1.2495382,0.19610623,5,1.2648333
2024,5,6,0.96927238,0.3404119,5,1.0273117
2024,5,7,0.63480163,0.18860075,5,0.66222608
2024,5,8,0.22074662,0.00841014087,5,0.22090676
2024,5,9,-0.17500846,-0.0502207987,1,0.18207167
2024,5,10,-0.22306563,0.0532448329,8,0.22933227
2024,5,11,-0.46544066,-0.23765643,1,0.52260458
2024,5,12,-0.52901846,-0.35598505,1,0.63764089
2024,5,13,-0.4662981,-0.67437154,2,0.81988466
2024,5,14,-0.56201792,-0.79135448,2,0.97062147
2024,5,15,-0.52999592,-0.97254956,2,1.1075867
2024,5,16,-0.16453952,-1.1213189,2,1.1333268
2024,5,17,0.24668528,-1.2291868,3,1.2536961
2024,5,18,0.47234932,-1.2436349,3,1.3303164
2024,5,19,0.52776706,-1.3246082,3,1.4258769
2024,5,20,0.66752619,-1.416147,3,1.5655873
2024,5,21,0.64851987,-1.6183491,3,1.743454
2024,5,22,0.73098785,-1.5244871,3,1.6906816
2024,5,23,0.82263184,-1.5089684,3,1.7186357
2024,5,24,0.89476651,-1.4109795,3,1.6707693
2024,5,25,0.78758454,-1.3737488,3,1.5835009
2024,5,26,0.86697263,-1.4517869,3,1.6909543
2024,5,27,0.83550012,-1.3755401,3,1.6094009
2024,5,28,0.95383215,-1.1010228,3,1.4567248
2024,5,29,1.1255019,-0.87545776,4,1.4258964
2024,5,30,1.1704488,-0.63344544,4,1.3308656
2024,5,31,1.0210977,-0.3455514,4,1.0779824
2024,6,1,0.74394846,-0.30158183,4,0.80275208
2024,6,2,0.44388902,-0.28867191,4,0.52949876
2024,6,3,0.48518896,-0.11137133,4,0.49780709
2024,6,4,0.29713672,-0.10770388,4,0.31605434
2024,6,5,-0.0680707842,-0.00233614561,1,0.0681108609
2024,6,6,-0.16918227,0.0246786755,8,0.17097273
2024,6,7,-0.16293138,0.12347308,8,0.20443149
2024,6,8,-0.19000286,-0.0236781016,1,0.19147256
2024,6,9,-0.31602359,-0.17988667,1,0.36363459
2024,6,10,-0.36434308,-0.24151742,1,0.43712303
2024,6,11,-0.56150466,-0.30514306,1,0.63906163
2024,6,12,-0.51805758,-0.13145284,1,0.53447497
2024,6,13,-0.33911455,-0.0959945619,1,0.35243955
2024,6,14,-0.22734717,-0.20572175,1,0.30660754
2024,6,15,-0.29512584,-0.34762502,2,0.45600703
2024,6,16,-0.63461024,-0.23999518,1,0.67847466
2024,6,17,-0.83363736,-0.25752988,1,0.87250954
2024,6,18,-0.70995092,-0.24831744,1,0.75212485
2024,6,19,-0.50651604,-0.4507001,1,0.67800373
2024,6,20,-0.16354068,-0.65405864,2,0.67419451
2024,6,21,-0.18319811,-0.7070778,2,0.73042494
2024,6,22,-0.49110425,-0.70114899,2,0.85603344
2024,6,23,-0.73875189,-0.61886573,1,0.96371633
2024,6,24,-0.87726873,-0.66936576,1,1.1034722
2024,6,25,-0.64452022,-0.8683998,2,1.0814456
2024,6,26,-0.48691437,-1.0741315,2,1.1793405
2024,6,27,-0.36204118,-1.1341522,2,1.1905355
2024,6,28,-0.14712469,-1.223526,2,1.2323399
2024,6,29,0.0356353,-1.0799927,3,1.0805804
2024,6,30,0.1941171,-0.92050749,3,0.94075263
2024,7,1,0.49478182,-1.2190866,3,1.3156676
2024,7,2,0.38604495,-1.4031669,3,1.4553034
2024,7,3,0.36746928,-1.5469103,3,1.5899576
2024,7,4,0.20954639,-1.4518361,3,1.4668803
2024,7,5,0.20230356,-1.1614273,3,1.1789148
2024,7,6,0.4129284,-1.0502005,3,1.1284639
2024,7,7,0.54054761,-0.95912057,3,1.100956
2024,7,8,0.54718381,-0.85227573,3,1.01281
2024,7,9,0.44903481,-0.62809509,3,0.77209824
2024,7,10,0.25978342,-0.24076977,4,0.35419983
2024,7,11,0.4826439,0.15441459,5,0.50674355
2024,7,12,0.94648659,0.15453447,5,0.95901918
2024,7,13,1.2273386,0.28631052,5,1.2602911
2024,7,14,1.1654744,-0.12581666,4,1.1722459
2024,7,15,1.0895547,0.13527937,5,1.0979208
2024,7,16,0.90530598,0.16088922,5,0.91949135
2024,7,17,0.71441066,0.23146185,5,0.75097078
2024,7,18,0.7766664,0.60595125,5,0.98508251
2024,7,19,0.75780147,0.58700758,5,0.95856196
2024,7,20,0.71202874,0.67071712,5,0.9781853
2024,7,21,0.78168416,0.46940839,5,0.91179734
2024,7,22,0.64596391,0.31200898,5,0.7173695
2024,7,23,0.52084523,0.48902494,5,0.71444046
2024,7,24,0.68844581,0.39957944,5,0.79600334
2024,7,25,0.89035523,0.26792866,5,0.92979467
2024,7,26,0.80906224,0.2404183,5,0.84402764
2024,7,27,0.6599077,0.51206118,5,0.83527529
2024,7,28,0.43365121,0.44736138,6,0.62304538
2024,7,29,-0.32158986,0.27163222,8,0.42095616
2024,7,30,-0.83936459,0.17316164,8,0.85704017
2024,7,31,-1.2002013,0.23737188,8,1.2234495
2024,8,1,-1.2227094,0.26693356,8,1.2515079
2024,8,2,-1.1065338,0.12273654,8,1.1133199
2024,8,3,-0.96184677,0.26014012,8,0.99640459
2024,8,4,-0.78729939,0.36383659,8,0.86730468
2024,8,5,-0.67423248,0.10670675,8,0.68262416
2024,8,6,-0.75188649,-0.0902588442,1,0.75728458
2024,8,7,-0.89722008,-0.39892855,1,0.98191029
2024,8,8,-1.1253475,-0.30168065,1,1.1650829
2024,8,9,-1.0237923,-0.44351691,1,1.115732
2024,8,10,-1.0040777,-0.44047108,1,1.0964427
2024,8,11,-0.94703412,-0.68261808,1,1.1674079
2024,8,12,-1.1205925,-0.71627247,1,1.3299526
2024,8,13,-1.1549848,-0.80739456,1,1.4092112
2024,8,14,-1.2939883,-0.96283209,1,1.6129016
2024,8,15,-1.0335823,-0.96020067,1,1.4107721
2024,8,16,-0.73510987,-1.4598126,2,1.6344539
2024,8,17,-0.67746532,-1.7983701,2,1.9217426
2024,8,18,-0.47597125,-1.7579559,2,1.8212516
2024,8,19,-0.057594426,-1.7138021,2,1.7147696
2024,8,20,-0.0243591126,-1.9205934,2,1.9207479
2024,8,21,-0.11190822,-1.6488636,2,1.6526568
2024,8,22,0.0852198824,-1.3867792,3,1.3893952
2024,8,23,0.27067366,-1.1290683,3,1.1610596
2024,8,24,0.47962618,-0.99981034,3,1.1089013
2024,8,25,0.76089829,-1.0271801,3,1.2783055
2024,8,26,0.87198567,-0.68860149,4,1.1110945
2024,8,27,0.84011042,-0.6604563,4,1.0686384
2024,8,28,0.8569991,-0.60209602,4,1.047362
2024,8,29,0.92027849,-0.42925695,4,1.0154674
2024,8,30,1.0155632,-0.46638766,4,1.1175358
2024,8,31,0.99366087,-0.41144425,4,1.0754758
2024,9,1,1.2938353,-0.46468544,4,1.3747517
2024,9,2,1.4051979,-0.43505678,4,1.4710048
2024,9,3,1.108605,-0.34226385,4,1.160237
2024,9,4,1.2573652,0.0916827023,5,1.2607033
2024,9,5,1.3948852,0.26307914,5,1.4194771
2024,9,6,0.97429174,0.2155928,5,0.99786001
2024,9,7,0.66732597,0.16181228,5,0.68666381
2024,9,8,0.60472864,0.30913392,5,0.67916161
2024,9,9,0.68843722,0.47039589,5,0.8337974
2024,9,10,0.88207114,0.20604576,5,0.90581691
2024,9,11,0.86262441,0.29875126,5,0.91289276
2024,9,12,0.97228694,0.60337514,5,1.1442916
2024,9,13,1.4528166,0.67371702,5,1.6014277
2024,9,14,1.8310093,0.80170345,5,1.9988304
2024,9,15,1.8613034,1.0202335,5,2.1225755
2024,9,16,1.7155813,1.3424569,5,2.1783962
2024,9,17,1.2468671,1.4017669,6,1.8760672
2024,9,18,0.78711551,1.5066706,6,1.6998844
2024,9,19,0.40694156,1.5422366,6,1.595022
2024,9,20,0.15655151,1.5092524,6,1.5173502
2024,9,21,0.0474016219,1.3723946,6,1.3732129
2024,9,22,-0.24634749,1.0993946,7,1.1266568
2024,9,23,-0.47803298,0.93635023,7,1.051317
2024,9,24,-0.56122732,0.79508781,7,0.97321159
2024,9,25,-0.67074454,0.44444904,8,0.80463231
2024,9,26,-0.96289504,0.30588302,8,1.0103124
2024,9,27,-1.2625265,-0.00320330937,1,1.2625306
2024,9,28,-1.5226024,-0.3525683,1,1.5628891
2024,9,29,-1.698063,-0.49962884,1,1.7700416
2024,9,30,-1.5339346,-0.53304839,1,1.6239138
2024,10,1,-1.1085463,-0.526712,1,1.2273142
2024,10,2,-0.77480417,-0.69654691,1,1.0418729
2024,10,3,-0.52680397,-0.78376758,2,0.94435906
2024,10,4,-0.29828215,-1.0334301,2,1.0756161
2024,10,5,0.0999363661,-0.96920174,3,0.97434044
2024,10,6,0.0709071755,-0.85345644,3,0.85639691
2024,10,7,0.0385197178,-0.72519505,3,0.72621739
2024,10,8,-0.0312671401,-0.77179986,2,0.77243298
2024,10,9,0.30689979,-0.60754681,3,0.68066186
2024,10,10,0.52294987,-0.50670606,4,0.7281673
2024,10,11,0.45957053,-0.51573902,3,0.69079071
2024,10,12,0.41475084,-0.54563856,3,0.68537557
2024,10,13,0.66918802,-0.64461815,4,0.92916369
2024,10,14,0.96609688,-0.90041429,4,1.3206396
2024,10,15,1.2595545,-0.7457189,4,1.4637535
2024,10,16,1.533039,-0.46713409,4,1.60263
2024,10,17,1.8697876,-0.011968608,4,1.869826
2024,10,18,2.0729117,0.45342764,5,2.1219237
2024,10,19,2.1908538,0.78949553,5,2.3287644
2024,10,20,2.1498654,0.74848974,5,2.2764354
2024,10,21,2.0406482,0.85083383,5,2.2109191
2024,10,22,2.1309328,0.99239796,5,2.3506868
2024,10,23,2.2506747,1.1985943,5,2.5499344
2024,10,24,2.2491539,1.6036274,5,2.7623022
2024,10,25,1.9435657,1.8238651,5,2.6653202
2024,10,26,1.3244703,2.0138879,6,2.410387
2024,10,27,0.78724539,1.943506,6,2.0968955
2024,10,28,0.28972465,1.7322237,6,1.7562857
2024,10,29,-0.28355986,1.448061,7,1.4755633
2024,10,30,-0.99609226,1.5054864,7,1.8051839
2024,10,31,-1.236432,1.2606074,7,1.7657561
2024,11,1,-1.455004,0.97660053,8,1.7523656
2024,11,2,-1.3959062,0.61679155,8,1.5261016
2024,11,3,-1.4927479,0.34622836,8,1.532374
2024,11,4,-1.3936106,0.39793053,8,1.4493099
2024,11,5,-1.5318903,0.53391129,8,1.6222667
2024,11,6,-1.8085393,0.41498545,8,1.8555396
2024,11,7,-1.747008,-0.0469284877,1,1.7476381
2024,11,8,-1.5570204,-0.2478434,1,1.5766226
2024,11,9,-1.4078484,-0.62757391,1,1.5413909
2024,11,10,-1.3142961,-0.68002796,1,1.4798015
2024,11,11,-1.0956122,-0.57109988,1,1.2355247
2024,11,12,-0.8347525,-0.58900291,1,1.0216341
2024,11,13,-0.58435047,-0.71833706,2,0.92599869
2024,11,14,-0.45287287,-0.9844113,2,1.0835863
2024,11,15,-0.49207547,-1.0360014,2,1.1469252
2024,11,16,-0.41417161,-1.0076723,2,1.0894685
2024,11,17,-0.29984263,-1.2241514,2,1.2603382
2024,11,18,-0.3080779,-1.5541123,2,1.5843538
2024,11,19,-0.42219326,-1.9019241,2,1.9482204
2024,11,20,-0.3844727,-2.1213679,2,2.1559269
2024,11,21,-0.10555383,-2.1401598,2,2.1427612
2024,11,22,0.23836437,-2.046757,3,2.0605903
2024,11,23,0.58847165,-1.8946822,3,1.9839656
2024,11,24,0.8737573,-1.5983207,3,1.82156
2024,11,25,1.1175574,-1.3347373,3,1.7408211
2024,11,26,1.4097879,-1.2884016,4,1.9098378
2024,11,27,1.769245,-1.311928,4,2.2025855
2024,11,28,2.049221,-1.0798155,4,2.3163135
2024,11,29,2.1152909,-0.82864177,4,2.271806
2024,11,30,2.3242669,-0.49618578,4,2.3766398
2024,12,1,2.3345571,-0.30889568,4,2.3549042
2024,12,2,2.2092743,-0.45398271,4,2.2554364
2024,12,3,2.2769451,-0.36499628,4,2.3060141
2024,12,4,2.1488063,-0.30176404,4,2.1698918
2024,12,5,2.0573802,-0.1969367,4,2.0667844
2024,12,6,2.1424129,0.0440892316,5,2.1428666
2024,12,7,2.3564529,0.28347513,5,2.3734422
2024,12,8,2.2869368,0.39532223,5,2.3208532
2024,12,9,2.373132,0.59057677,5,2.4455135
2024,12,10,2.4229279,0.63879341,5,2.5057209
2024,12,11,2.2999659,1.0276402,5,2.5191045
2024,12,12,2.3111706,1.2080884,5,2.6078701
2024,12,13,2.3982515,1.1863167,5,2.6756229
2024,12,14,2.1424243,1.2341939,5,2.472492
2024,12,15,1.7953297,0.90480787,5,2.0104442
2024,12,16,1.6550525,0.81206828,5,1.8435438
2024,12,17,1.4514356,1.1042572,5,1.823746
2024,12,18,1.3011663,1.1402619,5,1.7300956
2024,12,19,1.0965782,1.0777304,5,1.5375261
2024,12,20,1.1732595,1.1599017,5,1.6498212
2024,12,21,1.4126011,1.2507263,5,1.8867321
2024,12,22,1.2923049,1.2285676,5,1.7830957
2024,12,23,0.9471665,1.1127913,6,1.4613106
2024,12,24,0.89890343,1.1400234,6,1.4517853
2024,12,25,0.68922037,1.25749,6,1.4339825
2024,12,26,0.37478113,1.2684202,6,1.3226302
2024,12,27,0.13659036,1.6005768,6,1.6063944
2024,12,28,-0.16278481,1.3502874,7,1.3600644
2024,12,29,-0.22312011,1.1319126,7,1.1536936
2024,12,30,-0.31751212,1.2198046,7,1.2604512
2024,12,31,-0.33512649,1.2330885,7,1.2778172
2025,1,1,-0.29047537,1.0341299,7,1.074151
2025,1,2,-0.14733869,0.98617315,7,0.99711889
2025,1,3,0.14303294,0.72548133,6,0.73944676
2025,1,4,0.15163448,0.55078679,6,0.57127851
2025,1,5,-0.20680808,0.47521335,7,0.51826376
2025,1,6,-0.37489173,0.43080691,7,0.57108527
2025,1,7,-0.74380916,0.53626287,8,0.91696781
2025,1,8,-0.85602814,0.57652152,8,1.0320665
2025,1,9,-1.0051121,0.34015641,8,1.061111
2025,1,10,-1.0285103,0.36678815,8,1.0919557
2025,1,11,-1.6408391,0.2503829,8,1.6598327
2025,1,12,-2.0924423,0.21359879,8,2.1033161
2025,1,13,-2.1726239,-0.16758221,1,2.1790774
2025,1,14,-2.1326568,-0.35273004,1,2.1616297
2025,1,15,-1.8826097,-0.69943035,1,2.0083382
2025,1,16,-1.5493568,-0.94110471,1,1.8127836
2025,1,17,-1.305957,-1.1716756,1,1.754522
2025,1,18,-0.68465346,-1.5679243,2,1.7108878
2025,1,19,-0.19776557,-2.0056887,2,2.0154152
2025,1,20,0.2535266,-2.1716063,3,2.1863554
2025,1,21,0.59086877,-2.2129097,3,2.2904356
2025,1,22,0.84030813,-2.2755604,3,2.425756
2025,1,23,1.0238664,-2.0707412,3,2.3100371
2025,1,24,1.20618,-1.593345,3,1.998404
2025,1,25,1.3616095,-1.1393352,4,1.7754055
2025,1,26,1.5362179,-1.0471463,4,1.8591614
2025,1,27,1.6932245,-1.039167,4,1.986675
2025,1,28,1.4270376,-0.6949625,4,1.5872647
2025,1,29,1.4290907,-0.34049523,4,1.469094
2025,1,30,1.6513275,-0.14797918,4,1.6579446
2025,1,31,1.7784137,0.33702329,5,1.8100662
2025,2,1,1.7317389,0.68936169,5,1.8639042
2025,2,2,1.6049805,1.2631276,5,2.0424137
2025,2,3,1.4022269,1.6085229,6,2.1339133
2025,2,4,1.4113882,1.8723311,6,2.3447049
2025,2,5,1.4320103,1.8496946,6,2.3392358
2025,2,6,1.0173107,1.946358,6,2.1961856
2025,2,7,0.79486358,1.9679193,6,2.1223843
2025,2,8,0.81048763,1.9772232,6,2.1368906
2025,2,9,0.79021925,1.9555986,6,2.1092207
2025,2,10,0.51038921,1.9844451,6,2.0490289
2025,2,11,-0.0861871019,2.103713,7,2.1054778
2025,2,12,-0.76808536,2.1331708,7,2.2672391
2025,2,13,-1.3589412,1.9815365,7,2.40275
2025,2,14,-1.0944872,1.7175279,7,2.0366158
2025,2,15,-0.74662411,1.4659997,7,1.6451756
2025,2,16,-1.1613334,1.1785613,7,1.6546004
2025,2,17,-1.6398195,1.3314903,8,2.1123149
2025,2,18,-1.3856436,1.3168119,8,1.9115443
2025,2,19,-0.93583483,1.0449542,7,1.402753
2025,2,20,-0.5775466,0.84367037,7,1.0224186
2025,2,21,-0.63637447,0.86711735,7,1.0755765
2025,2,22,-0.74190444,0.57493764,8,0.93860292
2025,2,23,-0.70167947,0.2859579,8,0.75771105
2025,2,24,-0.86788583,0.0609855689,8,0.87002587
2025,2,25,-1.0791258,-0.21625941,1,1.1005819
2025,2,26,-1.142748,0.0457033962,8,1.1436616
2025,2,27,-1.1481125,-0.0681060404,1,1.1501307
2025,2,28,-1.0177218,-0.30051076,1,1.0611619
2025,3,1,-1.4698476,-0.40279403,1,1.524039
2025,3,2,-1.5516179,-0.50435579,1,1.6315308
2025,3,3,-1.5240269,-0.73569208,1,1.6923063
2025,3,4,-1.586859,-1.0373099,1,1.89582
2025,3,5,-1.703344,-1.2325447,1,2.1025097
2025,3,6,-1.595294,-1.271371,1,2.039938
2025,3,7,-1.4055501,-1.4344956,2,2.0083199
2025,3,8,-1.4104162,-1.46852,2,2.03613
2025,3,9,-1.5779047,-1.4316249,1,2.1305711
2025,3,10,-1.8757071,-1.4780475,1,2.3880749
2025,3,11,-1.6781887,-1.2916869,1,2.117728
2025,3,12,-1.114979,-1.2543215,2,1.6782433
2025,3,13,-0.80724007,-1.4247479,2,1.6375419
2025,3,14,-0.54628313,-1.5027785,2,1.5989898
2025,3,15,-0.47209501,-1.2492388,2,1.3354667
2025,3,16,0.10094073,-1.0317409,3,1.0366669
2025,3,17,0.52205783,-1.1016006,3,1.2190441
2025,3,18,0.94442493,-0.70812583,4,1.1804155
2025,3,19,1.1521651,-0.16800258,4,1.1643493
2025,3,20,0.86474246,0.0950576067,5,0.86995143
2025,3,21,0.69709289,0.56045353,5,0.89445329
2025,3,22,0.61536604,0.78491455,6,0.99737966
2025,3,23,0.26509055,1.0095996,6,1.0438219
2025,3,24,0.0733604953,0.94235432,6,0.94520551
2025,3,25,0.13941114,0.70405817,6,0.71772796
2025,3,26,0.41156122,0.64209914,6,0.76267552
2025,3,27,0.54728615,0.50899726,5,0.74739569
2025,3,28,0.58545154,0.45810378,5,0.74337912
2025,3,29,0.33625582,0.52202076,6,0.62094575
2025,3,30,0.27667153,0.4139463,6,0.49789423
2025,3,31,0.14204143,0.50327766,6,0.52293801
2025,4,1,0.0247618444,0.44691083,6,0.44759631
2025,4,2,-0.26109579,0.3014217,7,0.3987807
2025,4,3,-0.15152989,0.14804102,8,0.211843
2025,4,4,-0.00544293923,0.16622204,7,0.16631113
2025,4,5,-0.10820633,0.3060945,7,0.32465744
2025,4,6,-0.42394346,0.15152088,8,0.45020732
2025,4,7,-0.68432498,-0.094361186,1,0.69080007
2025,4,8,-0.64853454,-0.32176134,1,0.72396648
2025,4,9,-0.41822052,-0.49687451,2,0.64945567
2025,4,10,-0.0181618501,-0.48809978,2,0.48843756
2025,4,11,0.0411783755,-0.57920849,3,0.58067042
2025,4,12,0.12493733,-0.15078218,3,0.19581778
2025,4,13,0.0904340371,0.0799662098,5,0.12071831
2025,4,14,0.25978857,0.24287131,5,0.35563543
2025,4,15,0.26910087,0.14535241,5,0.30584735
2025,4,16,0.27063012,0.41428459,6,0.49484584
2025,4,17,0.12148948,0.63337219,6,0.64491862
2025,4,18,0.0876060277,0.8021825,6,0.806952
2025,4,19,-0.00100393302,0.79766345,7,0.79766411
2025,4,20,0.0224897377,0.81297094,6,0.81328195
2025,4,21,-0.0744410753,0.69308615,7,0.69707239
2025,4,22,0.00259673037,0.98577482,6,0.98577821
2025,4,23,-0.0133370236,1.2680699,7,1.26814
2025,4,24,-0.17460258,1.2032537,7,1.215856
2025,4,25,-0.33753318,1.1608053,7,1.2088828
2025,4,26,-0.47710624,0.89485681,7,1.0141002
2025,4,27,-0.53066069,0.80600113,7,0.96500707
2025,4,28,-0.48311877,0.77276647,7,0.9113571
2025,4,29,-0.71319962,0.71670991,7,1.0111018
2025,4,30,-1.1452104,0.49470013,8,1.2474915
2025,5,1,-1.2844188,0.46375743,8,1.3655778
2025,5,2,-1.2948881,0.33747232,8,1.3381416
2025,5,3,-1.2917631,0.29241931,8,1.3244474
2025,5,4,-1.0996504,0.10627116,8,1.1047735
2025,5,5,-0.64169425,0.0144523429,8,0.64185697
2025,5,6,-0.0153407669,-0.00510463864,1,0.0161677599
2025,5,7,0.36376306,-0.0339863896,4,0.3653473
2025,5,8,0.58401865,0.14612642,5,0.60202217
2025,5,9,0.74875379,0.38895968,5,0.84375465
2025,5,10,0.72397476,0.80527389,6,1.0828691
2025,5,11,0.49657089,0.7052936,6,0.86256695
2025,5,12,0.0859071165,0.52541924,6,0.5323959
2025,5,13,-0.21730681,0.36993125,7,0.42903543
2025,5,14,-0.16681756,0.22419921,7,0.27945194
2025,5,15,-0.35659242,0.25802866,8,0.4401556
2025,5,16,-0.28141212,0.15141639,8,0.31956175
2025,5,17,-0.2186318,0.000643288251,8,0.21863276
2025,5,18,0.0406890176,-0.22668578,3,0.23030858
2025,5,19,0.16039933,-0.44512686,3,0.47314465
2025,5,20,0.17587131,-0.37822574,3,0.4171156
2025,5,21,0.45989767,-0.23033808,4,0.51435542
2025,5,22,1.0213388,-0.21366663,4,1.0434493
2025,5,23,1.1680838,-0.36322233,4,1.223254
2025,5,24,0.88249242,-0.48233056,4,1.0057015
2025,5,25,0.57944846,-0.49838752,4,0.76429749
2025,5,26,0.41660434,-0.38950831,4,0.57032967
2025,5,27,0.55472857,-0.2742871,4,0.61883539
2025,5,28,0.87633634,-0.18749911,4,0.89617032
2025,5,29,0.69557637,-0.21663013,4,0.72852939
2025,5,30,0.45560738,-0.278007,4,0.53372836
2025,5,31,0.22225963,-0.12653646,4,0.25575539
2025,6,1,0.17391947,0.19737308,6,0.26306674
2025,6,2,0.5295158,0.49044201,5,0.72174811
2025,6,3,0.65791708,0.62844014,5,0.90983069
2025,6,4,0.56929213,0.98314923,6,1.1360792
2025,6,5,0.25353009,1.2731192,6,1.2981179
2025,6,6,-0.0304996204,1.3418921,7,1.3422387
2025,6,7,-0.13070206,1.3431857,7,1.3495299
2025,6,8,-0.47565818,1.4930458,7,1.5669832
2025,6,9,-0.69794393,1.4813086,7,1.6374984
2025,6,10,-0.83456898,1.2032179,7,1.464322
2025,6,11,-0.98457712,0.90797287,8,1.3393307
2025,6,12,-0.9650194,0.38709012,8,1.0397601
2025,6,13,-0.82509613,-0.22560497,1,0.85538369
2025,6,14,-0.53405792,-0.68820435,2,0.87111598
2025,6,15,-0.29694423,-0.86571753,2,0.91522825
2025,6,16,-0.19369951,-0.75819427,2,0.78254586
2025,6,17,0.0506443083,-0.33158654,3,0.33543178
2025,6,18,0.0186967477,-0.26885772,3,0.26950702
2025,6,19,-0.0860933065,-0.39885762,2,0.40804347
2025,6,20,-0.0389508195,-0.38291287,2,0.38488886
2025,6,21,-0.1261072,-0.6081444,2,0.62108183
2025,6,22,0.16639292,-0.68710518,3,0.70696545
2025,6,23,0.50597715,-0.65130883,3,0.82475215
2025,6,24,0.82098192,-0.22728616,4,0.85186285
2025,6,25,0.70062631,0.18133314,5,0.72371191
2025,6,26,0.42010739,0.43176287,6,0.60241961
2025,6,27,0.33620557,0.35314593,6,0.48759228
2025,6,28,0.28123626,0.22438335,5,0.3597801
2025,6,29,-0.0401894227,-0.00569816772,1,0.0405913629
2025,6,30,-0.33962148,-0.17713447,1,0.38303965
2025,7,1,-0.36848363,-0.26101011,1,0.45156002
2025,7,2,-0.32236335,-0.42740417,2,0.53534329
2025,7,3,-0.53184271,-0.3728421,1,0.6495136
2025,7,4,-0.26022267,-0.1914072,1,0.32303646
2025,7,5,0.15979075,-0.0501586571,4,0.16747829
2025,7,6,0.28893,0.00192504248,5,0.28893641
2025,7,7,0.39774293,-0.12801205,4,0.4178355
2025,7,8,0.33568284,-0.10574791,4,0.35194543
2025,7,9,0.5875836,0.0410111733,5,0.5890131
2025,7,10,0.99793756,-0.21877621,4,1.0216371
2025,7,11,1.2224712,-0.59380716,4,1.3590596
2025,7,12,1.0608151,-0.70743608,4,1.2750664
2025,7,13,1.140471,-0.27428848,4,1.1729912
2025,7,14,1.3246561,0.13002719,5,1.3310225
2025,7,15,1.5288068,0.30184701,5,1.5583202
2025,7,16,1.5214701,0.54933089,5,1.6176018
2025,7,17,1.2265847,0.69512856,5,1.409863
2025,7,18,1.2191248,1.0275126,5,1.59438
2025,7,19,1.3109964,1.1794909,5,1.7634938
2025,7,20,0.92204314,1.1412214,6,1.467157
2025,7,21,0.40524298,1.3213435,6,1.3820893
2025,7,22,0.18824695,1.826193,6,1.8358697
2025,7,23,0.19738929,1.999787,6,2.009505
2025,7,24,0.0114816111,1.7830116,6,1.7830485
2025,7,25,-0.37689891,1.4833543,7,1.5304878
2025,7,26,-0.50331283,1.4770567,7,1.5604552
2025,7,27,-0.43447357,1.3927965,7,1.4589891
2025,7,28,-0.56580579,1.2197468,7,1.3445886
2025,7,29,-0.57561982,1.1362904,7,1.2737716
2025,7,30,-0.52680981,0.78422374,7,0.94474095
2025,7,31,-0.60864681,0.65436906,7,0.89367211
2025,8,1,-1.0034989,0.387797,8,1.0758237
2025,8,2,-1.3070526,0.0613912158,8,1.3084936
2025,8,3,-1.2311456,-0.12816264,1,1.2377985
2025,8,4,-1.3395008,-0.23645139,1,1.3602102
2025,8,5,-1.2009156,-0.37696967,1,1.2586915
2025,8,6,-0.85678142,-0.46238771,1,0.97358966
2025,8,7,-0.87626135,-0.72371656,1,1.1364857
2025,8,8,-0.85170096,-0.86031485,2,1.2105933
2025,8,9,-0.7261458,-0.59246325,1,0.93717682
2025,8,10,-0.51449794,-0.46943715,1,0.6964764
2025,8,11,-0.55178523,-0.56481951,2,0.78961259
2025,8,12,-0.55771726,-0.7210654,2,0.91158319
2025,8,13,-0.50415474,-1.1906898,2,1.2930253
2025,8,14,-0.41250494,-1.4183147,2,1.4770839
2025,8,15,-0.19085187,-1.515604,2,1.5275732
2025,8,16,0.0829665959,-1.4794426,3,1.4817672
2025,8,17,0.31262964,-1.4515452,3,1.4848303
2025,8,18,0.42677796,-1.4267564,3,1.489219
2025,8,19,0.44117996,-1.3429942,3,1.4136029
2025,8,20,0.47028086,-1.3464258,3,1.426193
2025,8,21,0.43442935,-1.3536896,3,1.4216906
2025,8,22,0.62639076,-1.1803989,3,1.3363035
2025,8,23,0.79106641,-1.2209952,3,1.4548593
2025,8,24,0.927975,-1.0947568,3,1.4351412
2025,8,25,0.86895978,-0.94608396,3,1.2845879
2025,8,26,0.60641849,-0.3950929,4,0.72376919
2025,8,27,0.67023569,-0.15011086,4,0.68684
2025,8,28,0.72658974,-0.012962712,4,0.72670537
2025,8,29,0.59051114,0.0411214381,5,0.59194124
2025,8,30,0.33443159,0.15472966,5,0.3684912
2025,8,31,0.22880749,0.1432914,5,0.26997277
2025,9,1,0.0374453589,-0.0486462042,3,0.061388988
2025,9,2,-0.21167725,-0.38119587,2,0.43602473
2025,9,3,-0.49839303,-0.58740234,2,0.77034873
2025,9,4,-0.43589771,-0.78193027,2,0.89522165
2025,9,5,-0.12967204,-0.9831174,2,0.99163234
2025,9,6,-0.19928466,-1.3443742,2,1.3590645
2025,9,7,-0.25206295,-1.4608301,2,1.4824171
2025,9,8,-0.0340094604,-1.2925762,2,1.2930236
2025,9,9,0.21455809,-1.0518868,3,1.0735459
2025,9,10,0.3215445,-0.83126563,3,0.89128751
2025,9,11,0.40197298,-0.59337616,3,0.71671301
2025,9,12,0.31404972,-0.34970969,3,0.47002563
2025,9,13,-0.019468734,-0.1802832,2,0.18133137
2025,9,14,-0.39212885,-0.0432649553,1,0.39450842
2025,9,15,-0.78055668,0.11714167,8,0.78929776
2025,9,16,-0.84664428,0.19048966,8,0.86780924
2025,9,17,-0.63370073,0.0663663521,8,0.63716644
2025,9,18,-0.7631498,-0.11349532,1,0.77154315
2025,9,19,-0.68147993,0.21365812,8,0.7141881
2025,9,20,-0.27527884,0.51237893,7,0.58164471
2025,9,21,0.0274154767,0.51308745,6,0.51381934
2025,9,22,0.24985026,0.19944148,5,0.31969056
2025,9,23,0.45878017,-0.10613724,4,0.47089741
2025,9,24,0.55677491,-0.2592437,4,0.61417067
2025,9,25,0.7621913,-0.24563643,4,0.80079514
2025,9,26,0.47272885,-0.35676712,4,0.592246
2025,9,27,0.17654553,-0.50224668,3,0.53237206
2025,9,28,-0.0874937773,-0.73638135,2,0.74156094
2025,9,29,-0.31996271,-0.87785643,2,0.934349
2025,9,30,-0.56296229,-0.98938435,2,1.1383356
2025,10,1,-0.59041613,-1.1286227,2,1.2737269
2025,10,2,-0.46948302,-1.0832057,2,1.1805714
2025,10,3,-0.36692902,-0.85529888,2,0.93068415
2025,10,4,-0.17286891,-0.50419188,2,0.53300387
2025,10,5,-0.0916522518,-0.0802129731,1,0.12179597
2025,10,6,-0.0567849129,0.26044929,7,0.26656774
2025,10,7,-0.24931091,0.29881239,7,0.38915905
2025,10,8,-0.45957777,0.27332497,8,0.53471327
2025,10,9,-0.63820088,0.0818537548,8,0.64342862
2025,10,10,-0.74593967,-0.052370891,1,0.74777585
2025,10,11,-0.87253934,-0.0858247653,1,0.87675011
2025,10,12,-1.2306861,-0.20712167,1,1.2479935
2025,10,13,-1.2879488,-0.37337959,1,1.340979
2025,10,14,-1.4250227,-0.65666395,1,1.5690435
2025,10,15,-1.2181226,-1.0925952,1,1.6363335
2025,10,16,-1.0291455,-1.2698019,2,1.6344838
2025,10,17,-0.89824206,-1.3344967,2,1.6086392
2025,10,18,-0.32791081,-1.5233654,2,1.5582578
2025,10,19,0.16737451,-1.7530454,3,1.7610174
2025,10,20,0.60490894,-1.7488949,3,1.8505535
2025,10,21,1.0869457,-1.5834558,3,1.9206206
2025,10,22,1.5677632,-1.3020514,4,2.0379448
2025,10,23,1.8830978,-1.1863338,4,2.2256336
2025,10,24,2.146332,-1.122491,4,2.4221327
2025,10,25,2.0870035,-0.8726936,4,2.2621181
2025,10,26,1.8087929,-0.62632316,4,1.914161
2025,10,27,1.7994921,-0.24474764,4,1.8160598
2025,10,28,1.6544782,-0.0175194666,4,1.6545709
2025,10,29,1.4544368,0.16651042,5,1.4639372
2025,10,30,1.2704636,0.28538373,5,1.302122
2025,10,31,1.1262701,0.48170766,5,1.2249599
2025,11,1,0.81236249,0.72352958,5,1.0878546
2025,11,2,1.0022832,0.6823293,5,1.2124953
2025,11,3,1.1713462,0.59869021,5,1.3154778
2025,11,4,1.3575057,0.31181502,5,1.392857
2025,11,5,1.5904211,0.39638126,5,1.6390721
2025,11,6,1.7194631,0.69228989,5,1.8535961
2025,11,7,1.433771,1.0016474,5,1.7489988
2025,11,8,1.2323453,1.465591,6,1.9148451
2025,11,9,1.0337019,1.6726445,6,1.9662856
2025,11,10,0.9229632,1.6612777,6,1.9004484
2025,11,11,0.7992183,1.5905637,6,1.7800682
2025,11,12,0.62948859,1.5170665,6,1.6424819
2025,11,13,0.66076249,1.7606549,6,1.8805618
2025,11,14,0.59455121,1.5348018,6,1.6459367
2025,11,15,0.62164307,1.3606292,6,1.4959117
2025,11,16,0.1640595,1.2025445,6,1.213684
2025,11,17,0.56473446,1.2675678,6,1.387679
2025,11,18,0.56660539,0.92343545,6,1.0834088
2025,11,19,0.68477529,0.68262213,5,0.96689719
2025,11,20,0.84228945,0.67878914,5,1.0817606
2025,11,21,1.0455221,0.93430281,5,1.4021548
2025,11,22,1.0252672,1.1490453,6,1.5399604
2025,11,23,1.137712,1.5229501,6,1.9009907
2025,11,24,1.4663574,1.6084449,6,2.1765337
2025,11,25,1.2482712,1.8968675,6,2.270746
2025,11,26,0.90831918,2.2888463,6,2.4624908
2025,11,27,0.29294401,2.57219,6,2.5888178
2025,11,28,-0.1020114,2.723321,7,2.7252309
2025,11,29,-0.35189837,2.8102021,7,2.832149
2025,11,30,-0.63371885,2.8910625,7,2.959703
2025,12,1,-1.1032884,2.7319336,7,2.9463038
2025,12,2,-1.2609925,2.1445634,7,2.4878213
2025,12,3,-1.5276058,1.3965892,8,2.0697923
2025,12,4,-1.8111484,0.871984,8,2.010128
2025,12,5,-1.5750489,0.47018179,8,1.6437305
2025,12,6,-1.0525084,0.17463003,8,1.0668972
2025,12,7,-0.37113923,0.32105416,8,0.49073425
2025,12,8,0.16185258,0.31161267,6,0.35113916
2025,12,9,0.23143651,0.18252292,5,0.29474986
2025,12,10,0.12193847,0.22910139,6,0.2595312
2025,12,11,-0.0949310213,0.16355878,7,0.18911207
2025,12,12,-0.0223553125,0.0896196812,7,0.0923658386
2025,12,13,0.0202677455,0.12485634,6,0.12649067
2025,12,14,-0.18421075,0.32491323,7,0.37349996
2025,12,15,-0.58435702,0.57530922,8,0.82003284
2025,12,16,-0.81388378,1.0101435,7,1.2972265
2025,12,17,-1.0481038,0.91941714,8,1.39422
2025,12,18,-1.1006049,0.7084803,8,1.3089215
2025,12,19,-0.83979487,0.50074458,8,0.9777528
2025,12,20,-0.30389002,0.57894695,7,0.65385681
2025,12,21,-0.25997293,0.53538465,7,0.59516609
2025,12,22,-0.24497382,0.42315432,7,0.48894966
2025,12,23,-0.28945175,0.37228486,7,0.47157007
2025,12,24,-0.12800699,0.45807526,7,0.47562456
2025,12,25,0.16766728,0.36077648,6,0.39783412
2025,12,26,0.17544751,-0.0613679737,4,0.18587054
2025,12,27,0.0442237742,-0.35203809,3,0.35480496
2025,12,28,0.0651167035,-0.0782537237,3,0.1018029
2025,12,29,0.35313287,0.28294355,5,0.45250401
2025,12,30,0.92171818,0.24184223,5,0.9529177
2025,12,31,1.0151592,0.17728528,5,1.0305234
2026,1,1,0.83256358,0.12823448,5,0.84238124
2026,1,2,0.46956235,0.0741839409,5,0.4753862
2026,1,3,0.0458154082,0.25978059,6,0.26378968
2026,1,4,-0.11247598,0.34926262,7,0.36692673
2026,1,5,0.0190335866,0.63741285,6,0.63769698
2026,1,6,0.27327648,0.67615646,6,0.72929257
2026,1,7,0.63805729,0.72845221,6,0.96837997
2026,1,8,0.75192529,0.85701698,6,1.1401184
2026,1,9,0.77178174,0.87446743,6,1.1663363
2026,1,10,0.68243146,1.1156306,6,1.3078014
2026,1,11,0.65396756,1.3557039,6,1.5051934
2026,1,12,0.49410638,1.4464924,6,1.5285554
2026,1,13,0.57885134,1.6605469,6,1.7585462
2026,1,14,0.66141522,1.9409994,6,2.0505972
2026,1,15,0.60455489,2.3639102,6,2.4399915
2026,1,16,0.87317878,2.5287805,6,2.6752892
2026,1,17,1.0200132,2.3583951,6,2.569524
2026,1,18,0.98784882,2.2795551,6,2.4843948
2026,1,19,0.92833871,2.138561,6,2.3313634
2026,1,20,0.905029,2.2052245,6,2.383714
2026,1,21,0.5694043,1.7984459,6,1.8864329
2026,1,22,-0.22840632,1.5829729,7,1.5993663
2026,1,23,-0.8516441,1.6641504,7,1.86941
2026,1,24,-1.3220073,1.9727125,7,2.3747206
2026,1,25,-1.3290225,1.8874085,7,2.3083787
2026,1,26,-1.1890346,1.7384274,7,2.1061654
2026,1,27,-0.80744082,1.690011,7,1.8729917
2026,1,28,-0.61526155,1.2908388,7,1.4299692
2026,1,29,-0.67499959,1.013,7,1.2172894
2026,1,30,-0.60400194,1.0895435,7,1.2457621
2026,1,31,-0.75321019,1.023718,7,1.270954
2026,2,1,-0.95341474,0.72959119,8,1.2005428
2026,2,2,-0.88800728,0.31162882,8,0.94110012
2026,2,3,-0.78580415,0.2289737,8,0.81848466
2026,2,4,-0.92606223,0.18096866,8,0.94357878
2026,2,5,-0.95602518,0.15830654,8,0.96904343
2026,2,6,-0.8908298,0.21351144,8,0.91605943
2026,2,7,-0.27658126,0.0937751904,8,0.29204619
2026,2,8,0.0548425466,-0.46795955,3,0.47116223
2026,2,9,0.0594102442,-0.99859238,3,1.0003581
2026,2,10,-0.19847357,-1.290267,2,1.3054427
2026,2,11,-0.20114367,-1.4158709,2,1.4300871
2026,2,12,0.0380373709,-1.2171527,3,1.2177469
2026,2,13,-0.0307798553,-1.295632,2,1.2959975
2026,2,14,-0.17957205,-1.4298071,2,1.4410393
2026,2,15,-0.0155026503,-1.3266627,2,1.3267533
2026,2,16,0.0949267149,-1.3097109,3,1.3131465
2026,2,17,0.0360745676,-1.311118,3,1.3116142
2026,2,18,0.10997319,-1.0958084,3,1.1013129
2026,2,19,-0.0341195352,-0.94748932,2,0.94810343
2026,2,20,-0.21887328,-0.74409539,2,0.77561808
2026,2,21,0.0677057877,-0.76718742,3,0.7701692
2026,2,22,0.38990837,-0.56424659,3,0.68585914
2026,2,23,0.62487131,-0.47097445,4,0.78248394
2026,2,24,0.60235286,-0.52011973,4,0.79583508
2026,2,25,0.85034174,-0.41219491,4,0.94497919
2026,2,26,1.0059885,-0.2499036,4,1.0365639
2026,2,27,1.0883141,0.13972703,5,1.0972471
2026,2,28,0.96894026,0.24867973,5,1.0003434
2026,3,1,0.83434117,0.55023533,5,0.99944192
2026,3,2,0.80881816,0.86712086,6,1.1857848
2026,3,3,0.70684057,0.87479424,6,1.1246727
2026,3,4,0.74211013,0.83086896,6,1.1140335
2026,3,5,0.97325563,0.6605503,5,1.1762455
2026,3,6,0.80042523,0.63221908,5,1.0199909
2026,3,7,0.447209,0.69324666,6,0.82497686
2026,3,8,0.18189478,0.75119931,6,0.77290756
2026,3,9,-0.0204708539,0.83186716,7,0.83211899
2026,3,10,-0.25161213,0.91822147,7,0.95207107
2026,3,11,-0.22169533,1.0663476,7,1.0891492
2026,3,12,-0.16502419,0.80958426,7,0.82623219
2026,3,13,-0.13590011,0.62452722,7,0.63914245
2026,3,14,-0.52498162,0.8748697,7,1.0202954
2026,3,15,-0.85798502,1.0990359,7,1.3942806
2026,3,16,-1.0383993,0.9780429,8,1.4264785
2026,3,17,-1.1913065,0.67641789,8,1.3699461
2026,3,18,-1.1237856,0.48387289,8,1.2235307
2026,3,19,-0.81655604,0.42422009,8,0.9201774
2026,3,20,-0.63745725,0.47851107,8,0.79707253
2026,3,21,-0.93482727,0.57667691,8,1.098389
2026,3,22,-1.0030764,0.61054343,8,1.1742766
2026,3,23,-0.99611914,0.61429024,8,1.1703017
2026,3,24,-0.72175956,0.38676202,8,0.81885391
2026,3,25,-0.61962616,0.42896533,8,0.75362319
2026,3,26,-0.60517216,0.4623647,8,0.76158679
2026,3,27,-0.58483464,0.3339656,8,0.67347199
2026,3,28,-0.81150776,0.0999621078,8,0.81764126
2026,3,29,-1.3692645,0.0401801094,8,1.3698539
2026,3,30,-1.6404682,-0.18125749,1,1.6504515
2026,3,31,-1.7643322,-0.29389432,1,1.7886425
2026,4,1,-1.395551,-0.66403365,1,1.5454782
2026,4,2,-1.0440139,-0.788845,1,1.3085264
2026,4,3,-0.62306601,-0.8523128,2,1.0557691
2026,4,4,-0.29660937,-0.6782847,2,0.74030215
2026,4,5,0.0181523208,-0.66758329,3,0.66783005
2026,4,6,0.41440633,-0.42843187,3,0.59605914
2026,4,7,0.71855289,0.19058281,5,0.74339765
2026,4,8,0.53275931,0.49444911,5,0.72685105
2026,4,9,0.53887641,1.1679592,6,1.28628
2026,4,10,0.25028601,1.5122011,6,1.5327736
2026,4,11,0.000129806504,1.6605279,6,1.6605279
2026,4,12,-0.4630053,1.5333964,7,1.6017734
2026,4,13,-0.80413848,1.4362359,7,1.6460292
2026,4,14,-1.137681,1.227272,7,1.6734738
2026,4,15,-1.5095445,1.113885,8,1.8760235
2026,4,16,-1.9816582,1.1598687,8,2.2961411
2026,4,17,-2.2536116,0.8867467,8,2.4217937
2026,4,18,-2.2474017,0.53883028,8,2.3110933
2026,4,19,-2.375457,0.27429181,8,2.3912406
2026,4,20,-2.5113482,-0.10006075,1,2.513341
2026,4,21,-2.6654172,-0.58098638,1,2.7280018
2026,4,22,-2.4263086,-1.0635811,1,2.6491845
2026,4,23,-2.1746678,-1.4710356,1,2.6254764
2026,4,24,-1.9107693,-1.5267882,1,2.4458377
2026,4,25,-1.6675357,-1.5763516,1,2.2946808
2026,4,26,-1.0316772,-1.6223694,2,1.9226129
2026,4,27,-0.67170006,-1.5293947,2,1.670398
2026,4,28,-0.47114,-1.3817502,2,1.4598652
2026,4,29,-0.41055495,-1.3297874,2,1.391722
2026,4,30,-0.62212694,-1.3445532,2,1.4815078
2026,5,1,-0.60387731,-1.2992764,2,1.432755
2026,5,2,-0.56092942,-1.338793,2,1.4515538
2026,5,3,-0.34825841,-1.1861748,2,1.2362421
2026,5,4,-0.28593382,-1.1308022,2,1.1663926
2026,5,5,-0.44713584,-1.1399674,2,1.2245228
2026,5,6,-0.60510486,-1.1235214,2,1.2761083
2026,5,7,-0.37627125,-1.1359806,2,1.1966753
2026,5,8,-0.27643532,-1.3793687,2,1.4067957
2026,5,9,-0.16732687,-1.4174346,2,1.4272767
2026,5,10,-0.48034516,-1.4759079,2,1.5521069
2026,5,11,-0.38793135,-1.4582467,2,1.5089647
2026,5,12,-0.12774332,-1.3706268,2,1.3765668
2026,5,13,0.24372968,-1.1562704,3,1.181679
2026,5,14,0.37174025,-1.0860382,3,1.1478981
2026,5,15,0.25067568,-0.92660916,3,0.95991814
2026,5,16,0.24052235,-0.80272812,3,0.83798772
2026,5,17,0.50266957,-0.68615097,3,0.85057622
2026,5,18,0.72271717,-0.5732131,4,0.9224388
2026,5,19,0.7428925,-0.28504279,4,0.79570013
2026,5,20,0.56704903,-0.26676473,4,0.62666416
2026,5,21,0.46784544,-0.32419524,4,0.56919408
2026,5,22,0.48861369,-0.0589642935,4,0.49215865
2026,5,23,0.40534487,0.65152693,6,0.76732773
2026,5,24,0.3263838,1.1623802,6,1.2073334
2026,5,25,0.12294321,1.5238216,6,1.5287731
2026,5,26,-0.11644355,1.7785463,7,1.7823541
2026,5,27,-0.61094373,1.9572567,7,2.0503917
2026,5,28,-1.0150373,2.3195906,7,2.531956
2026,5,29,-1.1224118,2.4878056,7,2.7292829
2026,5,30,-1.3533474,2.3188815,7,2.6849136
2026,5,31,-1.5108653,1.9304668,7,2.451411
2026,6,1,-1.7242888,1.970717,7,2.6185677
2026,6,2,-1.8879563,2.0358984,7,2.7765558
2026,6,3,-1.9718252,1.6048534,8,2.5423708
2026,6,4,-2.2158711,1.3595685,8,2.5997136
2026,6,5,-2.2509484,1.0044409,8,2.4648874
2026,6,6,-2.4011152,0.84065169,8,2.5440223
2026,6,7,-2.298913,0.5387212,8,2.3611908
2026,6,8,-1.8941083,0.29348183,8,1.9167101
2026,6,9,-1.5051548,0.16012603,8,1.5136483
2026,6,10,-1.3960857,0.26572868,8,1.42115
2026,6,11,-1.5217661,0.0392390341,8,1.5222719
2026,6,12,-1.978573,-0.20202175,1,1.9888599
2026,6,13,-2.0893087,-0.49718702,1,2.1476512
2026,6,14,-1.8438995,-0.64067924,1,1.9520336
2026,6,15,-1.7177265,-0.69679558,1,1.8536743
2026,6,16,-1.4928036,-0.4838523,1,1.5692595
2026,6,17,-1.4410249,-0.30243185,1,1.472419
2026,6,18,-0.94669032,-0.28090411,1,0.98748654
2026,6,19,-0.8008967,-0.36838749,1,0.88155818
2026,6,20,-0.95825595,-0.55241561,1,1.106082
2026,6,21,-0.9631173,-0.63325787,1,1.1526537
2026,6,22,-0.7919426,-0.34771147,1,0.86491406
2026,6,23,-0.34662217,-0.0918736607,1,0.35859126
2026,6,24,0.15490299,0.0492001697,5,0.16252875
2026,6,25,0.36566246,0.25155181,5,0.44383255
2026,6,26,0.30134583,0.21379937,5,0.36948541
2026,6,27,0.36384353,0.40635431,6,0.54544103
2026,6,28,0.61134553,0.4777112,5,0.77585524
2026,6,29,0.50735378,0.78675693,6,0.93615937
2026,6,30,0.45641357,1.0851032,6,1.177184
2026,7,1,-0.10958909,1.1602155,7,1.1653796
2026,7,2,-0.51177412,1.192318,7,1.297511
2026,7,3,-0.78167456,1.1621337,7,1.4005605
2026,7,4,-0.82020408,1.1736722,7,1.4318663
2026,7,5,-0.81657332,1.1874336,7,1.4411074
2026,7,6,-0.59597164,1.1678243,7,1.3111048
2026,7,7,-0.65292829,1.4630069,7,1.6020937
2026,7,8,-0.62623984,1.5354015,7,1.6582021
2026,7,9,-0.83774573,1.5958855,7,1.8024063
2026,7,10,-1.1295605,1.8337222,7,2.1537046
2026,7,11,-0.8799383,1.9144566,7,2.1069968
2026,7,12,-0.85040718,1.7867783,7,1.9788303
2026,7,13,-1.2284777,1.5307102,7,1.9627103
2026,7,14,-1.6100402,1.3046979,8,2.0723093
2026,7,15,-1.9429891,1.1414349,8,2.2534597
2026,7,16,-1.8721447,0.72990716,8,2.0094004
2026,7,17,-1.8959627,0.83137596,8,2.0702319
2026,7,18,-1.8040017,0.67121238,8,1.9248242
2026,7,19,-1.7825845,0.92295873,8,2.0073516
2026,7,20,-1.5384895,1.1387211,8,1.9140626
2026,7,21,-1.7036661,1.4759715,8,2.2541006
2026,7,22,-1.8019034,1.3690324,8,2.2629859
2026,7,23,-1.8427256,1.1757449,8,2.1858668
2026,7,24,-1.7527615,1.0274414,8,2.0317008
2026,7,25,-1.6282976,0.84793198,8,1.835849
2026,7,26,-1.2217575,0.75491226,8,1.4361699
2026,7,27,-0.96837634,0.62770766,8,1.1540233
2026,7,28,-0.91620529,0.71632606,8,1.162994
2026,7,29,-0.60458261,0.49115145,8,0.77894151
2026,7,30,-0.33837342,0.27962765,8,0.43896264
2026,7,31,-0.25654793,0.25008795,8,0.35827479
2026,8,1,-0.24210353,0.0609509982,8,0.24965805
2026,8,2,-0.0624618381,0.00976927392,8,0.0632212013
2026,8,3,0.14171349,0.20137496,6,0.24624091
2026,8,4,0.17048928,0.84847784,6,0.86543703
2026,8,5,0.35872754,1.0357692,6,1.0961311
2026,8,6,0.47065026,1.0789666,6,1.1771494
2026,8,7,0.45061216,1.1254977,6,1.2123516
2026,8,8,0.47865897,1.3115513,6,1.3961667
2026,8,9,0.55550861,1.641055,6,1.7325274
2026,8,10,0.43183982,1.4876138,6,1.5490257
2026,8,11,0.48137537,1.0179899,6,1.1260664
2026,8,12,0.58915216,0.96387601,6,1.1296712
2026,8,13,0.73953593,0.77103448,6,1.0683668
2026,8,14,0.63449103,0.84268975,6,1.0548483
2026,8,15,0.41606176,1.038977,6,1.1191875
2026,8,16,0.48702848,1.2051872,6,1.2998742
2026,8,17,0.51078922,1.3426291,6,1.4365091
2026,8,18,0.41627586,1.1185853,6,1.1935321
2026,8,19,0.17614979,0.92692065,6,0.94350976
2026,8,20,-0.0923042148,0.46966246,7,0.47864693
2026,8,21,-0.41238925,0.5245955,7,0.66728204
2026,8,22,-0.56185073,0.64760524,7,0.85736156
2026,8,23,-0.2098642,0.69351757,7,0.72457546
2026,8,24,-0.058328636,0.66717315,7,0.66971803
2026,8,25,-0.20012611,0.69879216,7,0.72688442
2026,8,26,-0.43278491,0.82593155,7,0.93245143
2026,8,27,-0.45416275,1.1616776,7,1.2473005
2026,8,28,-0.36186615,0.99221545,7,1.0561433
2026,8,29,-0.33382034,1.1464748,7,1.1940857
2026,8,30,-0.39395398,1.046057,7,1.1177813
2026,8,31,-0.50798625,0.88137603,7,1.0172875
2026,9,1,-0.58371991,1.0006362,7,1.158448
2026,9,2,-0.43861488,1.0447874,7,1.1331213
2026,9,3,-0.64364797,0.80386811,7,1.0297993
2026,9,4,-0.82537836,0.67644441,8,1.0671581
2026,9,5,-0.96647286,0.63343513,8,1.1555561
2026,9,6,-0.89505386,0.72727543,8,1.1532784
2026,9,7,-0.55871516,0.75941104,7,0.94279784
2026,9,8,-0.357961,0.77395833,7,0.8527295
2026,9,9,-0.31609365,0.74035847,7,0.805013
2026,9,10,-0.37085673,0.26705256,8,0.45700306
2026,9,11,-0.47045872,-0.16458164,1,0.49841601
2026,9,12,-0.62308443,-0.16940938,1,0.64570409
2026,9,13,-0.43695787,-0.4537864,2,0.6299637
2026,9,14,-0.53825063,-0.47452176,1,0.71755463
2026,9,15,-0.51486266,-0.19776629,1,0.55153883
